id,title,genres,description,year
1,The Shawshank Redemption Legacy 8,Drama,"Two imprisoned men bond over years, finding solace and eventual redemption. This is part 7 of an extended cinematic universe with new characters and plot twists.",1986
2,The Green Mile Saga 5,Drama|Fantasy,A moving prison drama with supernatural elements. This is part 3 of an extended cinematic universe with new characters and plot twists.,1972
3,The Matrix Reimagined 4,Action|Sci-Fi,A hacker discovers reality is a simulation. This is part 2 of an extended cinematic universe with new characters and plot twists.,1970
4,La La Land Returns 6,Drama|Musical,A jazz pianist and actress fall in love in Los Angeles. This is part 6 of an extended cinematic universe with new characters and plot twists.,2001
5,The Shawshank Redemption Chronicles 3,Drama,"Two imprisoned men bond over years, finding solace and eventual redemption. This is part 5 of an extended cinematic universe with new characters and plot twists.",1976
6,Inception Eclipse 2,Action|Sci-Fi,A thief who steals corporate secrets through dream-sharing technology. This is part 7 of an extended cinematic universe with new characters and plot twists.,1979
7,The Godfather Saga 9,Crime|Drama,The aging patriarch of an organized crime dynasty transfers control to his son. This is part 9 of an extended cinematic universe with new characters and plot twists.,1981
8,The Social Network Rebirth 1,Drama,The founding of Facebook and its legal battles. This is part 9 of an extended cinematic universe with new characters and plot twists.,2003
9,The Green Mile Odyssey 7,Drama|Fantasy,A moving prison drama with supernatural elements. This is part 7 of an extended cinematic universe with new characters and plot twists.,2019
10,The Green Mile Genesis 1,Drama|Fantasy,A moving prison drama with supernatural elements. This is part 9 of an extended cinematic universe with new characters and plot twists.,1980
11,Inception Saga 9,Action|Sci-Fi,A thief who steals corporate secrets through dream-sharing technology. This is part 8 of an extended cinematic universe with new characters and plot twists.,2016
12,Interstellar Reimagined 7,Adventure|Sci-Fi,Explorers travel through a wormhole to save humanity. This is part 7 of an extended cinematic universe with new characters and plot twists.,1972
13,The Shawshank Redemption Saga 8,Drama,"Two imprisoned men bond over years, finding solace and eventual redemption. This is part 3 of an extended cinematic universe with new characters and plot twists.",1983
14,The Matrix Saga 5,Action|Sci-Fi,A hacker discovers reality is a simulation. This is part 3 of an extended cinematic universe with new characters and plot twists.,1981
15,Parasite Uprising 6,Thriller|Drama,A poor family schemes to become employed by a wealthy household. This is part 9 of an extended cinematic universe with new characters and plot twists.,2014
16,Inside Out Eclipse 8,Animation|Family,Emotions guide a young girl's life during a big move. This is part 9 of an extended cinematic universe with new characters and plot twists.,1986
17,The Social Network Uprising 9,Drama,The founding of Facebook and its legal battles. This is part 7 of an extended cinematic universe with new characters and plot twists.,1973
18,Interstellar Odyssey 3,Adventure|Sci-Fi,Explorers travel through a wormhole to save humanity. This is part 4 of an extended cinematic universe with new characters and plot twists.,1975
19,Parasite Uprising 8,Thriller|Drama,A poor family schemes to become employed by a wealthy household. This is part 4 of an extended cinematic universe with new characters and plot twists.,1990
20,The Social Network Odyssey 6,Drama,The founding of Facebook and its legal battles. This is part 6 of an extended cinematic universe with new characters and plot twists.,2019
21,The Godfather Reimagined 9,Crime|Drama,The aging patriarch of an organized crime dynasty transfers control to his son. This is part 9 of an extended cinematic universe with new characters and plot twists.,2023
22,The Godfather Chronicles 3,Crime|Drama,The aging patriarch of an organized crime dynasty transfers control to his son. This is part 4 of an extended cinematic universe with new characters and plot twists.,2021
23,The Green Mile Odyssey 7,Drama|Fantasy,A moving prison drama with supernatural elements. This is part 3 of an extended cinematic universe with new characters and plot twists.,2002
24,La La Land Rebirth 8,Drama|Musical,A jazz pianist and actress fall in love in Los Angeles. This is part 1 of an extended cinematic universe with new characters and plot twists.,2014
25,The Green Mile Chronicles 1,Drama|Fantasy,A moving prison drama with supernatural elements. This is part 3 of an extended cinematic universe with new characters and plot twists.,2008
26,Interstellar Saga 2,Adventure|Sci-Fi,Explorers travel through a wormhole to save humanity. This is part 3 of an extended cinematic universe with new characters and plot twists.,2023
27,The Social Network Uprising 4,Drama,The founding of Facebook and its legal battles. This is part 2 of an extended cinematic universe with new characters and plot twists.,2003
28,Interstellar Returns 1,Adventure|Sci-Fi,Explorers travel through a wormhole to save humanity. This is part 8 of an extended cinematic universe with new characters and plot twists.,1976
29,Inception Eclipse 3,Action|Sci-Fi,A thief who steals corporate secrets through dream-sharing technology. This is part 3 of an extended cinematic universe with new characters and plot twists.,1977
30,Inception Genesis 8,Action|Sci-Fi,A thief who steals corporate secrets through dream-sharing technology. This is part 1 of an extended cinematic universe with new characters and plot twists.,1991
31,The Green Mile Saga 6,Drama|Fantasy,A moving prison drama with supernatural elements. This is part 2 of an extended cinematic universe with new characters and plot twists.,1988
32,The Shawshank Redemption Rebirth 6,Drama,"Two imprisoned men bond over years, finding solace and eventual redemption. This is part 6 of an extended cinematic universe with new characters and plot twists.",1971
33,The Green Mile Chronicles 3,Drama|Fantasy,A moving prison drama with supernatural elements. This is part 8 of an extended cinematic universe with new characters and plot twists.,1989
34,Inception Odyssey 6,Action|Sci-Fi,A thief who steals corporate secrets through dream-sharing technology. This is part 5 of an extended cinematic universe with new characters and plot twists.,1970
35,Parasite Genesis 3,Thriller|Drama,A poor family schemes to become employed by a wealthy household. This is part 8 of an extended cinematic universe with new characters and plot twists.,1975
36,The Matrix Rebirth 9,Action|Sci-Fi,A hacker discovers reality is a simulation. This is part 7 of an extended cinematic universe with new characters and plot twists.,1999
37,La La Land Genesis 2,Drama|Musical,A jazz pianist and actress fall in love in Los Angeles. This is part 6 of an extended cinematic universe with new characters and plot twists.,1974
38,Parasite Eclipse 2,Thriller|Drama,A poor family schemes to become employed by a wealthy household. This is part 6 of an extended cinematic universe with new characters and plot twists.,2017
39,Interstellar Reimagined 1,Adventure|Sci-Fi,Explorers travel through a wormhole to save humanity. This is part 5 of an extended cinematic universe with new characters and plot twists.,1997
40,Parasite Eclipse 7,Thriller|Drama,A poor family schemes to become employed by a wealthy household. This is part 1 of an extended cinematic universe with new characters and plot twists.,2003
41,Interstellar Uprising 8,Adventure|Sci-Fi,Explorers travel through a wormhole to save humanity. This is part 9 of an extended cinematic universe with new characters and plot twists.,2009
42,Parasite Chronicles 5,Thriller|Drama,A poor family schemes to become employed by a wealthy household. This is part 2 of an extended cinematic universe with new characters and plot twists.,1995
43,Inception Legacy 9,Action|Sci-Fi,A thief who steals corporate secrets through dream-sharing technology. This is part 4 of an extended cinematic universe with new characters and plot twists.,1982
44,Parasite Chronicles 1,Thriller|Drama,A poor family schemes to become employed by a wealthy household. This is part 7 of an extended cinematic universe with new characters and plot twists.,1995
45,Inception Eclipse 6,Action|Sci-Fi,A thief who steals corporate secrets through dream-sharing technology. This is part 4 of an extended cinematic universe with new characters and plot twists.,1990
46,The Godfather Genesis 4,Crime|Drama,The aging patriarch of an organized crime dynasty transfers control to his son. This is part 9 of an extended cinematic universe with new characters and plot twists.,1986
47,The Godfather Saga 7,Crime|Drama,The aging patriarch of an organized crime dynasty transfers control to his son. This is part 6 of an extended cinematic universe with new characters and plot twists.,2013
48,Inside Out Odyssey 3,Animation|Family,Emotions guide a young girl's life during a big move. This is part 8 of an extended cinematic universe with new characters and plot twists.,2020
49,The Shawshank Redemption Genesis 7,Drama,"Two imprisoned men bond over years, finding solace and eventual redemption. This is part 3 of an extended cinematic universe with new characters and plot twists.",1996
50,The Social Network Uprising 5,Drama,The founding of Facebook and its legal battles. This is part 4 of an extended cinematic universe with new characters and plot twists.,2006
51,The Green Mile Reimagined 6,Drama|Fantasy,A moving prison drama with supernatural elements. This is part 5 of an extended cinematic universe with new characters and plot twists.,2019
52,The Matrix Genesis 3,Action|Sci-Fi,A hacker discovers reality is a simulation. This is part 3 of an extended cinematic universe with new characters and plot twists.,1986
53,The Matrix Reimagined 5,Action|Sci-Fi,A hacker discovers reality is a simulation. This is part 1 of an extended cinematic universe with new characters and plot twists.,2009
54,Inside Out Chronicles 9,Animation|Family,Emotions guide a young girl's life during a big move. This is part 7 of an extended cinematic universe with new characters and plot twists.,1975
55,The Godfather Returns 3,Crime|Drama,The aging patriarch of an organized crime dynasty transfers control to his son. This is part 4 of an extended cinematic universe with new characters and plot twists.,2022
56,The Green Mile Saga 7,Drama|Fantasy,A moving prison drama with supernatural elements. This is part 9 of an extended cinematic universe with new characters and plot twists.,1987
57,The Social Network Odyssey 4,Drama,The founding of Facebook and its legal battles. This is part 8 of an extended cinematic universe with new characters and plot twists.,2020
58,La La Land Odyssey 4,Drama|Musical,A jazz pianist and actress fall in love in Los Angeles. This is part 3 of an extended cinematic universe with new characters and plot twists.,2015
59,The Social Network Uprising 9,Drama,The founding of Facebook and its legal battles. This is part 2 of an extended cinematic universe with new characters and plot twists.,1997
60,La La Land Reimagined 4,Drama|Musical,A jazz pianist and actress fall in love in Los Angeles. This is part 2 of an extended cinematic universe with new characters and plot twists.,1983
61,Inside Out Saga 3,Animation|Family,Emotions guide a young girl's life during a big move. This is part 5 of an extended cinematic universe with new characters and plot twists.,1971
62,The Social Network Rebirth 7,Drama,The founding of Facebook and its legal battles. This is part 1 of an extended cinematic universe with new characters and plot twists.,2020
63,Interstellar Chronicles 7,Adventure|Sci-Fi,Explorers travel through a wormhole to save humanity. This is part 9 of an extended cinematic universe with new characters and plot twists.,2003
64,Inside Out Uprising 1,Animation|Family,Emotions guide a young girl's life during a big move. This is part 3 of an extended cinematic universe with new characters and plot twists.,2017
65,Parasite Genesis 2,Thriller|Drama,A poor family schemes to become employed by a wealthy household. This is part 6 of an extended cinematic universe with new characters and plot twists.,1980
66,The Social Network Chronicles 8,Drama,The founding of Facebook and its legal battles. This is part 1 of an extended cinematic universe with new characters and plot twists.,1978
67,The Green Mile Chronicles 6,Drama|Fantasy,A moving prison drama with supernatural elements. This is part 2 of an extended cinematic universe with new characters and plot twists.,2010
68,The Social Network Saga 7,Drama,The founding of Facebook and its legal battles. This is part 5 of an extended cinematic universe with new characters and plot twists.,1980
69,La La Land Returns 1,Drama|Musical,A jazz pianist and actress fall in love in Los Angeles. This is part 3 of an extended cinematic universe with new characters and plot twists.,2010
70,The Green Mile Rebirth 9,Drama|Fantasy,A moving prison drama with supernatural elements. This is part 1 of an extended cinematic universe with new characters and plot twists.,2015
71,The Matrix Legacy 7,Action|Sci-Fi,A hacker discovers reality is a simulation. This is part 6 of an extended cinematic universe with new characters and plot twists.,2019
72,Inception Reimagined 2,Action|Sci-Fi,A thief who steals corporate secrets through dream-sharing technology. This is part 8 of an extended cinematic universe with new characters and plot twists.,2004
73,The Matrix Uprising 2,Action|Sci-Fi,A hacker discovers reality is a simulation. This is part 2 of an extended cinematic universe with new characters and plot twists.,1980
74,The Social Network Chronicles 2,Drama,The founding of Facebook and its legal battles. This is part 3 of an extended cinematic universe with new characters and plot twists.,2017
75,Inside Out Uprising 8,Animation|Family,Emotions guide a young girl's life during a big move. This is part 9 of an extended cinematic universe with new characters and plot twists.,1993
76,The Green Mile Uprising 5,Drama|Fantasy,A moving prison drama with supernatural elements. This is part 4 of an extended cinematic universe with new characters and plot twists.,1986
77,The Green Mile Reimagined 7,Drama|Fantasy,A moving prison drama with supernatural elements. This is part 8 of an extended cinematic universe with new characters and plot twists.,1987
78,The Matrix Saga 1,Action|Sci-Fi,A hacker discovers reality is a simulation. This is part 2 of an extended cinematic universe with new characters and plot twists.,1994
79,The Godfather Rebirth 1,Crime|Drama,The aging patriarch of an organized crime dynasty transfers control to his son. This is part 8 of an extended cinematic universe with new characters and plot twists.,1997
80,The Green Mile Chronicles 6,Drama|Fantasy,A moving prison drama with supernatural elements. This is part 5 of an extended cinematic universe with new characters and plot twists.,1977
81,Parasite Returns 1,Thriller|Drama,A poor family schemes to become employed by a wealthy household. This is part 2 of an extended cinematic universe with new characters and plot twists.,2022
82,The Godfather Rebirth 5,Crime|Drama,The aging patriarch of an organized crime dynasty transfers control to his son. This is part 8 of an extended cinematic universe with new characters and plot twists.,2003
83,The Godfather Genesis 2,Crime|Drama,The aging patriarch of an organized crime dynasty transfers control to his son. This is part 1 of an extended cinematic universe with new characters and plot twists.,1990
84,Interstellar Uprising 2,Adventure|Sci-Fi,Explorers travel through a wormhole to save humanity. This is part 6 of an extended cinematic universe with new characters and plot twists.,2014
85,Interstellar Chronicles 2,Adventure|Sci-Fi,Explorers travel through a wormhole to save humanity. This is part 7 of an extended cinematic universe with new characters and plot twists.,2006
86,Interstellar Reimagined 5,Adventure|Sci-Fi,Explorers travel through a wormhole to save humanity. This is part 6 of an extended cinematic universe with new characters and plot twists.,2001
87,Inception Rebirth 3,Action|Sci-Fi,A thief who steals corporate secrets through dream-sharing technology. This is part 8 of an extended cinematic universe with new characters and plot twists.,1995
88,The Green Mile Odyssey 8,Drama|Fantasy,A moving prison drama with supernatural elements. This is part 5 of an extended cinematic universe with new characters and plot twists.,2005
89,The Green Mile Reimagined 9,Drama|Fantasy,A moving prison drama with supernatural elements. This is part 2 of an extended cinematic universe with new characters and plot twists.,1987
90,The Matrix Eclipse 2,Action|Sci-Fi,A hacker discovers reality is a simulation. This is part 1 of an extended cinematic universe with new characters and plot twists.,1970
91,Interstellar Saga 3,Adventure|Sci-Fi,Explorers travel through a wormhole to save humanity. This is part 4 of an extended cinematic universe with new characters and plot twists.,2023
92,The Shawshank Redemption Chronicles 8,Drama,"Two imprisoned men bond over years, finding solace and eventual redemption. This is part 8 of an extended cinematic universe with new characters and plot twists.",1984
93,The Social Network Genesis 9,Drama,The founding of Facebook and its legal battles. This is part 7 of an extended cinematic universe with new characters and plot twists.,1979
94,The Godfather Returns 7,Crime|Drama,The aging patriarch of an organized crime dynasty transfers control to his son. This is part 9 of an extended cinematic universe with new characters and plot twists.,2011
95,Inside Out Legacy 4,Animation|Family,Emotions guide a young girl's life during a big move. This is part 1 of an extended cinematic universe with new characters and plot twists.,2023
96,Inside Out Legacy 1,Animation|Family,Emotions guide a young girl's life during a big move. This is part 6 of an extended cinematic universe with new characters and plot twists.,1972
97,Inception Saga 6,Action|Sci-Fi,A thief who steals corporate secrets through dream-sharing technology. This is part 8 of an extended cinematic universe with new characters and plot twists.,1971
98,Inside Out Uprising 3,Animation|Family,Emotions guide a young girl's life during a big move. This is part 4 of an extended cinematic universe with new characters and plot twists.,1978
99,The Matrix Eclipse 4,Action|Sci-Fi,A hacker discovers reality is a simulation. This is part 3 of an extended cinematic universe with new characters and plot twists.,1999
100,The Godfather Uprising 8,Crime|Drama,The aging patriarch of an organized crime dynasty transfers control to his son. This is part 9 of an extended cinematic universe with new characters and plot twists.,1996
101,The Social Network Rebirth 7,Drama,The founding of Facebook and its legal battles. This is part 1 of an extended cinematic universe with new characters and plot twists.,1971
102,The Social Network Returns 3,Drama,The founding of Facebook and its legal battles. This is part 3 of an extended cinematic universe with new characters and plot twists.,2011
103,Inception Uprising 2,Action|Sci-Fi,A thief who steals corporate secrets through dream-sharing technology. This is part 2 of an extended cinematic universe with new characters and plot twists.,2020
104,The Shawshank Redemption Reimagined 6,Drama,"Two imprisoned men bond over years, finding solace and eventual redemption. This is part 3 of an extended cinematic universe with new characters and plot twists.",1993
105,Interstellar Uprising 7,Adventure|Sci-Fi,Explorers travel through a wormhole to save humanity. This is part 9 of an extended cinematic universe with new characters and plot twists.,1990
106,The Green Mile Odyssey 3,Drama|Fantasy,A moving prison drama with supernatural elements. This is part 3 of an extended cinematic universe with new characters and plot twists.,2025
107,Interstellar Returns 3,Adventure|Sci-Fi,Explorers travel through a wormhole to save humanity. This is part 9 of an extended cinematic universe with new characters and plot twists.,2012
108,The Godfather Saga 9,Crime|Drama,The aging patriarch of an organized crime dynasty transfers control to his son. This is part 2 of an extended cinematic universe with new characters and plot twists.,1982
109,Inception Genesis 9,Action|Sci-Fi,A thief who steals corporate secrets through dream-sharing technology. This is part 6 of an extended cinematic universe with new characters and plot twists.,2011
110,The Godfather Genesis 9,Crime|Drama,The aging patriarch of an organized crime dynasty transfers control to his son. This is part 5 of an extended cinematic universe with new characters and plot twists.,1980
111,Parasite Odyssey 5,Thriller|Drama,A poor family schemes to become employed by a wealthy household. This is part 7 of an extended cinematic universe with new characters and plot twists.,1991
112,The Matrix Genesis 7,Action|Sci-Fi,A hacker discovers reality is a simulation. This is part 2 of an extended cinematic universe with new characters and plot twists.,1993
113,The Godfather Genesis 3,Crime|Drama,The aging patriarch of an organized crime dynasty transfers control to his son. This is part 9 of an extended cinematic universe with new characters and plot twists.,2012
114,Inception Returns 1,Action|Sci-Fi,A thief who steals corporate secrets through dream-sharing technology. This is part 7 of an extended cinematic universe with new characters and plot twists.,1989
115,The Godfather Returns 7,Crime|Drama,The aging patriarch of an organized crime dynasty transfers control to his son. This is part 6 of an extended cinematic universe with new characters and plot twists.,1998
116,The Matrix Reimagined 2,Action|Sci-Fi,A hacker discovers reality is a simulation. This is part 7 of an extended cinematic universe with new characters and plot twists.,1990
117,Interstellar Odyssey 6,Adventure|Sci-Fi,Explorers travel through a wormhole to save humanity. This is part 6 of an extended cinematic universe with new characters and plot twists.,2007
118,The Godfather Eclipse 1,Crime|Drama,The aging patriarch of an organized crime dynasty transfers control to his son. This is part 1 of an extended cinematic universe with new characters and plot twists.,1994
119,Interstellar Saga 3,Adventure|Sci-Fi,Explorers travel through a wormhole to save humanity. This is part 3 of an extended cinematic universe with new characters and plot twists.,2007
120,Parasite Chronicles 3,Thriller|Drama,A poor family schemes to become employed by a wealthy household. This is part 7 of an extended cinematic universe with new characters and plot twists.,2014
121,The Godfather Returns 5,Crime|Drama,The aging patriarch of an organized crime dynasty transfers control to his son. This is part 2 of an extended cinematic universe with new characters and plot twists.,1986
122,The Green Mile Reimagined 8,Drama|Fantasy,A moving prison drama with supernatural elements. This is part 3 of an extended cinematic universe with new characters and plot twists.,1991
123,The Godfather Reimagined 2,Crime|Drama,The aging patriarch of an organized crime dynasty transfers control to his son. This is part 6 of an extended cinematic universe with new characters and plot twists.,2017
124,Interstellar Chronicles 7,Adventure|Sci-Fi,Explorers travel through a wormhole to save humanity. This is part 4 of an extended cinematic universe with new characters and plot twists.,2022
125,La La Land Eclipse 9,Drama|Musical,A jazz pianist and actress fall in love in Los Angeles. This is part 7 of an extended cinematic universe with new characters and plot twists.,1996
126,The Shawshank Redemption Saga 6,Drama,"Two imprisoned men bond over years, finding solace and eventual redemption. This is part 9 of an extended cinematic universe with new characters and plot twists.",2017
127,Inside Out Eclipse 2,Animation|Family,Emotions guide a young girl's life during a big move. This is part 2 of an extended cinematic universe with new characters and plot twists.,2020
128,Inception Rebirth 6,Action|Sci-Fi,A thief who steals corporate secrets through dream-sharing technology. This is part 2 of an extended cinematic universe with new characters and plot twists.,1989
129,Parasite Eclipse 1,Thriller|Drama,A poor family schemes to become employed by a wealthy household. This is part 2 of an extended cinematic universe with new characters and plot twists.,1990
130,Inside Out Genesis 1,Animation|Family,Emotions guide a young girl's life during a big move. This is part 5 of an extended cinematic universe with new characters and plot twists.,1991
131,Inception Returns 8,Action|Sci-Fi,A thief who steals corporate secrets through dream-sharing technology. This is part 8 of an extended cinematic universe with new characters and plot twists.,1995
132,The Social Network Uprising 5,Drama,The founding of Facebook and its legal battles. This is part 3 of an extended cinematic universe with new characters and plot twists.,1999
133,The Green Mile Genesis 4,Drama|Fantasy,A moving prison drama with supernatural elements. This is part 5 of an extended cinematic universe with new characters and plot twists.,1994
134,Interstellar Eclipse 7,Adventure|Sci-Fi,Explorers travel through a wormhole to save humanity. This is part 7 of an extended cinematic universe with new characters and plot twists.,2013
135,Interstellar Returns 7,Adventure|Sci-Fi,Explorers travel through a wormhole to save humanity. This is part 6 of an extended cinematic universe with new characters and plot twists.,2007
136,The Green Mile Odyssey 2,Drama|Fantasy,A moving prison drama with supernatural elements. This is part 5 of an extended cinematic universe with new characters and plot twists.,2002
137,The Green Mile Genesis 4,Drama|Fantasy,A moving prison drama with supernatural elements. This is part 4 of an extended cinematic universe with new characters and plot twists.,1993
138,Inside Out Reimagined 3,Animation|Family,Emotions guide a young girl's life during a big move. This is part 4 of an extended cinematic universe with new characters and plot twists.,2008
139,Interstellar Uprising 4,Adventure|Sci-Fi,Explorers travel through a wormhole to save humanity. This is part 3 of an extended cinematic universe with new characters and plot twists.,2002
140,The Social Network Odyssey 7,Drama,The founding of Facebook and its legal battles. This is part 4 of an extended cinematic universe with new characters and plot twists.,1972
141,Parasite Chronicles 4,Thriller|Drama,A poor family schemes to become employed by a wealthy household. This is part 4 of an extended cinematic universe with new characters and plot twists.,1976
142,The Green Mile Eclipse 4,Drama|Fantasy,A moving prison drama with supernatural elements. This is part 9 of an extended cinematic universe with new characters and plot twists.,1997
143,The Godfather Saga 9,Crime|Drama,The aging patriarch of an organized crime dynasty transfers control to his son. This is part 5 of an extended cinematic universe with new characters and plot twists.,1976
144,The Matrix Genesis 7,Action|Sci-Fi,A hacker discovers reality is a simulation. This is part 2 of an extended cinematic universe with new characters and plot twists.,2018
145,Parasite Reimagined 6,Thriller|Drama,A poor family schemes to become employed by a wealthy household. This is part 9 of an extended cinematic universe with new characters and plot twists.,2010
146,Interstellar Odyssey 5,Adventure|Sci-Fi,Explorers travel through a wormhole to save humanity. This is part 6 of an extended cinematic universe with new characters and plot twists.,1976
147,Parasite Genesis 8,Thriller|Drama,A poor family schemes to become employed by a wealthy household. This is part 4 of an extended cinematic universe with new characters and plot twists.,2012
148,The Green Mile Saga 3,Drama|Fantasy,A moving prison drama with supernatural elements. This is part 5 of an extended cinematic universe with new characters and plot twists.,2002
149,The Shawshank Redemption Odyssey 7,Drama,"Two imprisoned men bond over years, finding solace and eventual redemption. This is part 8 of an extended cinematic universe with new characters and plot twists.",2015
150,Parasite Chronicles 2,Thriller|Drama,A poor family schemes to become employed by a wealthy household. This is part 5 of an extended cinematic universe with new characters and plot twists.,1973
151,The Green Mile Chronicles 6,Drama|Fantasy,A moving prison drama with supernatural elements. This is part 2 of an extended cinematic universe with new characters and plot twists.,2005
152,Parasite Odyssey 8,Thriller|Drama,A poor family schemes to become employed by a wealthy household. This is part 9 of an extended cinematic universe with new characters and plot twists.,2014
153,Interstellar Odyssey 9,Adventure|Sci-Fi,Explorers travel through a wormhole to save humanity. This is part 6 of an extended cinematic universe with new characters and plot twists.,2009
154,Parasite Uprising 3,Thriller|Drama,A poor family schemes to become employed by a wealthy household. This is part 5 of an extended cinematic universe with new characters and plot twists.,2019
155,Inception Legacy 4,Action|Sci-Fi,A thief who steals corporate secrets through dream-sharing technology. This is part 5 of an extended cinematic universe with new characters and plot twists.,2015
156,Parasite Uprising 7,Thriller|Drama,A poor family schemes to become employed by a wealthy household. This is part 5 of an extended cinematic universe with new characters and plot twists.,2023
157,The Shawshank Redemption Chronicles 3,Drama,"Two imprisoned men bond over years, finding solace and eventual redemption. This is part 1 of an extended cinematic universe with new characters and plot twists.",2011
158,Inception Reimagined 9,Action|Sci-Fi,A thief who steals corporate secrets through dream-sharing technology. This is part 5 of an extended cinematic universe with new characters and plot twists.,1984
159,Inside Out Odyssey 2,Animation|Family,Emotions guide a young girl's life during a big move. This is part 4 of an extended cinematic universe with new characters and plot twists.,2016
160,The Green Mile Odyssey 9,Drama|Fantasy,A moving prison drama with supernatural elements. This is part 4 of an extended cinematic universe with new characters and plot twists.,1986
161,Inception Eclipse 9,Action|Sci-Fi,A thief who steals corporate secrets through dream-sharing technology. This is part 7 of an extended cinematic universe with new characters and plot twists.,1992
162,The Godfather Rebirth 6,Crime|Drama,The aging patriarch of an organized crime dynasty transfers control to his son. This is part 5 of an extended cinematic universe with new characters and plot twists.,1979
163,La La Land Uprising 6,Drama|Musical,A jazz pianist and actress fall in love in Los Angeles. This is part 8 of an extended cinematic universe with new characters and plot twists.,1990
164,La La Land Legacy 6,Drama|Musical,A jazz pianist and actress fall in love in Los Angeles. This is part 3 of an extended cinematic universe with new characters and plot twists.,2016
165,The Matrix Genesis 7,Action|Sci-Fi,A hacker discovers reality is a simulation. This is part 6 of an extended cinematic universe with new characters and plot twists.,2014
166,Interstellar Chronicles 1,Adventure|Sci-Fi,Explorers travel through a wormhole to save humanity. This is part 3 of an extended cinematic universe with new characters and plot twists.,1984
167,Interstellar Odyssey 3,Adventure|Sci-Fi,Explorers travel through a wormhole to save humanity. This is part 3 of an extended cinematic universe with new characters and plot twists.,2020
168,The Green Mile Odyssey 1,Drama|Fantasy,A moving prison drama with supernatural elements. This is part 5 of an extended cinematic universe with new characters and plot twists.,2002
169,Inside Out Eclipse 6,Animation|Family,Emotions guide a young girl's life during a big move. This is part 4 of an extended cinematic universe with new characters and plot twists.,2013
170,Interstellar Reimagined 6,Adventure|Sci-Fi,Explorers travel through a wormhole to save humanity. This is part 4 of an extended cinematic universe with new characters and plot twists.,1983
171,Interstellar Rebirth 4,Adventure|Sci-Fi,Explorers travel through a wormhole to save humanity. This is part 9 of an extended cinematic universe with new characters and plot twists.,1976
172,The Godfather Uprising 7,Crime|Drama,The aging patriarch of an organized crime dynasty transfers control to his son. This is part 1 of an extended cinematic universe with new characters and plot twists.,2023
173,The Shawshank Redemption Returns 8,Drama,"Two imprisoned men bond over years, finding solace and eventual redemption. This is part 4 of an extended cinematic universe with new characters and plot twists.",1991
174,The Green Mile Genesis 1,Drama|Fantasy,A moving prison drama with supernatural elements. This is part 8 of an extended cinematic universe with new characters and plot twists.,2017
175,The Green Mile Legacy 6,Drama|Fantasy,A moving prison drama with supernatural elements. This is part 3 of an extended cinematic universe with new characters and plot twists.,1989
176,Parasite Uprising 8,Thriller|Drama,A poor family schemes to become employed by a wealthy household. This is part 6 of an extended cinematic universe with new characters and plot twists.,1980
177,Parasite Reimagined 9,Thriller|Drama,A poor family schemes to become employed by a wealthy household. This is part 4 of an extended cinematic universe with new characters and plot twists.,2005
178,La La Land Odyssey 2,Drama|Musical,A jazz pianist and actress fall in love in Los Angeles. This is part 6 of an extended cinematic universe with new characters and plot twists.,1989
179,The Shawshank Redemption Genesis 7,Drama,"Two imprisoned men bond over years, finding solace and eventual redemption. This is part 3 of an extended cinematic universe with new characters and plot twists.",2011
180,Parasite Odyssey 1,Thriller|Drama,A poor family schemes to become employed by a wealthy household. This is part 6 of an extended cinematic universe with new characters and plot twists.,1970
181,The Shawshank Redemption Chronicles 7,Drama,"Two imprisoned men bond over years, finding solace and eventual redemption. This is part 8 of an extended cinematic universe with new characters and plot twists.",2021
182,The Social Network Eclipse 9,Drama,The founding of Facebook and its legal battles. This is part 9 of an extended cinematic universe with new characters and plot twists.,2019
183,The Shawshank Redemption Eclipse 8,Drama,"Two imprisoned men bond over years, finding solace and eventual redemption. This is part 2 of an extended cinematic universe with new characters and plot twists.",2018
184,Parasite Eclipse 1,Thriller|Drama,A poor family schemes to become employed by a wealthy household. This is part 6 of an extended cinematic universe with new characters and plot twists.,2017
185,The Godfather Uprising 5,Crime|Drama,The aging patriarch of an organized crime dynasty transfers control to his son. This is part 6 of an extended cinematic universe with new characters and plot twists.,1972
186,The Social Network Uprising 5,Drama,The founding of Facebook and its legal battles. This is part 6 of an extended cinematic universe with new characters and plot twists.,2006
187,Inception Chronicles 2,Action|Sci-Fi,A thief who steals corporate secrets through dream-sharing technology. This is part 3 of an extended cinematic universe with new characters and plot twists.,2011
188,The Green Mile Saga 6,Drama|Fantasy,A moving prison drama with supernatural elements. This is part 6 of an extended cinematic universe with new characters and plot twists.,1988
189,La La Land Saga 6,Drama|Musical,A jazz pianist and actress fall in love in Los Angeles. This is part 2 of an extended cinematic universe with new characters and plot twists.,1979
190,Inception Genesis 1,Action|Sci-Fi,A thief who steals corporate secrets through dream-sharing technology. This is part 2 of an extended cinematic universe with new characters and plot twists.,2010
191,The Matrix Uprising 7,Action|Sci-Fi,A hacker discovers reality is a simulation. This is part 9 of an extended cinematic universe with new characters and plot twists.,1984
192,La La Land Genesis 5,Drama|Musical,A jazz pianist and actress fall in love in Los Angeles. This is part 7 of an extended cinematic universe with new characters and plot twists.,1997
193,The Green Mile Chronicles 4,Drama|Fantasy,A moving prison drama with supernatural elements. This is part 6 of an extended cinematic universe with new characters and plot twists.,1992
194,Inside Out Saga 8,Animation|Family,Emotions guide a young girl's life during a big move. This is part 7 of an extended cinematic universe with new characters and plot twists.,2021
195,Interstellar Reimagined 4,Adventure|Sci-Fi,Explorers travel through a wormhole to save humanity. This is part 8 of an extended cinematic universe with new characters and plot twists.,2007
196,Inception Odyssey 1,Action|Sci-Fi,A thief who steals corporate secrets through dream-sharing technology. This is part 2 of an extended cinematic universe with new characters and plot twists.,1987
197,The Shawshank Redemption Saga 7,Drama,"Two imprisoned men bond over years, finding solace and eventual redemption. This is part 3 of an extended cinematic universe with new characters and plot twists.",1991
198,The Shawshank Redemption Genesis 1,Drama,"Two imprisoned men bond over years, finding solace and eventual redemption. This is part 4 of an extended cinematic universe with new characters and plot twists.",2021
199,Inception Rebirth 5,Action|Sci-Fi,A thief who steals corporate secrets through dream-sharing technology. This is part 1 of an extended cinematic universe with new characters and plot twists.,2022
200,The Godfather Eclipse 2,Crime|Drama,The aging patriarch of an organized crime dynasty transfers control to his son. This is part 4 of an extended cinematic universe with new characters and plot twists.,2007
201,Inside Out Chronicles 6,Animation|Family,Emotions guide a young girl's life during a big move. This is part 5 of an extended cinematic universe with new characters and plot twists.,2014
202,The Social Network Reimagined 4,Drama,The founding of Facebook and its legal battles. This is part 6 of an extended cinematic universe with new characters and plot twists.,2020
203,Interstellar Odyssey 2,Adventure|Sci-Fi,Explorers travel through a wormhole to save humanity. This is part 7 of an extended cinematic universe with new characters and plot twists.,2009
204,The Social Network Uprising 9,Drama,The founding of Facebook and its legal battles. This is part 8 of an extended cinematic universe with new characters and plot twists.,2020
205,La La Land Odyssey 3,Drama|Musical,A jazz pianist and actress fall in love in Los Angeles. This is part 4 of an extended cinematic universe with new characters and plot twists.,2015
206,Parasite Genesis 6,Thriller|Drama,A poor family schemes to become employed by a wealthy household. This is part 9 of an extended cinematic universe with new characters and plot twists.,1976
207,The Godfather Saga 1,Crime|Drama,The aging patriarch of an organized crime dynasty transfers control to his son. This is part 5 of an extended cinematic universe with new characters and plot twists.,1998
208,Inception Returns 1,Action|Sci-Fi,A thief who steals corporate secrets through dream-sharing technology. This is part 9 of an extended cinematic universe with new characters and plot twists.,1994
209,The Shawshank Redemption Legacy 4,Drama,"Two imprisoned men bond over years, finding solace and eventual redemption. This is part 3 of an extended cinematic universe with new characters and plot twists.",2004
210,Interstellar Eclipse 3,Adventure|Sci-Fi,Explorers travel through a wormhole to save humanity. This is part 7 of an extended cinematic universe with new characters and plot twists.,2020
211,The Matrix Odyssey 5,Action|Sci-Fi,A hacker discovers reality is a simulation. This is part 5 of an extended cinematic universe with new characters and plot twists.,1999
212,Inside Out Reimagined 3,Animation|Family,Emotions guide a young girl's life during a big move. This is part 7 of an extended cinematic universe with new characters and plot twists.,2017
213,Parasite Uprising 6,Thriller|Drama,A poor family schemes to become employed by a wealthy household. This is part 5 of an extended cinematic universe with new characters and plot twists.,1985
214,The Matrix Odyssey 2,Action|Sci-Fi,A hacker discovers reality is a simulation. This is part 4 of an extended cinematic universe with new characters and plot twists.,2003
215,Parasite Uprising 2,Thriller|Drama,A poor family schemes to become employed by a wealthy household. This is part 8 of an extended cinematic universe with new characters and plot twists.,1998
216,Interstellar Rebirth 1,Adventure|Sci-Fi,Explorers travel through a wormhole to save humanity. This is part 8 of an extended cinematic universe with new characters and plot twists.,1978
217,Interstellar Legacy 9,Adventure|Sci-Fi,Explorers travel through a wormhole to save humanity. This is part 6 of an extended cinematic universe with new characters and plot twists.,1985
218,Interstellar Odyssey 1,Adventure|Sci-Fi,Explorers travel through a wormhole to save humanity. This is part 3 of an extended cinematic universe with new characters and plot twists.,1976
219,Inside Out Uprising 5,Animation|Family,Emotions guide a young girl's life during a big move. This is part 5 of an extended cinematic universe with new characters and plot twists.,2022
220,Interstellar Rebirth 7,Adventure|Sci-Fi,Explorers travel through a wormhole to save humanity. This is part 2 of an extended cinematic universe with new characters and plot twists.,1988
221,The Green Mile Uprising 1,Drama|Fantasy,A moving prison drama with supernatural elements. This is part 9 of an extended cinematic universe with new characters and plot twists.,1991
222,La La Land Genesis 1,Drama|Musical,A jazz pianist and actress fall in love in Los Angeles. This is part 1 of an extended cinematic universe with new characters and plot twists.,2004
223,Inside Out Rebirth 2,Animation|Family,Emotions guide a young girl's life during a big move. This is part 6 of an extended cinematic universe with new characters and plot twists.,2021
224,The Shawshank Redemption Chronicles 7,Drama,"Two imprisoned men bond over years, finding solace and eventual redemption. This is part 3 of an extended cinematic universe with new characters and plot twists.",1972
225,The Green Mile Reimagined 5,Drama|Fantasy,A moving prison drama with supernatural elements. This is part 4 of an extended cinematic universe with new characters and plot twists.,1974
226,Interstellar Odyssey 2,Adventure|Sci-Fi,Explorers travel through a wormhole to save humanity. This is part 5 of an extended cinematic universe with new characters and plot twists.,1995
227,The Matrix Reimagined 8,Action|Sci-Fi,A hacker discovers reality is a simulation. This is part 4 of an extended cinematic universe with new characters and plot twists.,1975
228,Inception Returns 5,Action|Sci-Fi,A thief who steals corporate secrets through dream-sharing technology. This is part 2 of an extended cinematic universe with new characters and plot twists.,2016
229,The Matrix Rebirth 5,Action|Sci-Fi,A hacker discovers reality is a simulation. This is part 6 of an extended cinematic universe with new characters and plot twists.,2018
230,The Shawshank Redemption Reimagined 6,Drama,"Two imprisoned men bond over years, finding solace and eventual redemption. This is part 6 of an extended cinematic universe with new characters and plot twists.",1979
231,Inside Out Returns 8,Animation|Family,Emotions guide a young girl's life during a big move. This is part 2 of an extended cinematic universe with new characters and plot twists.,2005
232,Parasite Chronicles 2,Thriller|Drama,A poor family schemes to become employed by a wealthy household. This is part 3 of an extended cinematic universe with new characters and plot twists.,1979
233,The Godfather Chronicles 2,Crime|Drama,The aging patriarch of an organized crime dynasty transfers control to his son. This is part 8 of an extended cinematic universe with new characters and plot twists.,2022
234,The Matrix Legacy 2,Action|Sci-Fi,A hacker discovers reality is a simulation. This is part 9 of an extended cinematic universe with new characters and plot twists.,2019
235,The Shawshank Redemption Genesis 2,Drama,"Two imprisoned men bond over years, finding solace and eventual redemption. This is part 5 of an extended cinematic universe with new characters and plot twists.",1994
236,The Shawshank Redemption Uprising 6,Drama,"Two imprisoned men bond over years, finding solace and eventual redemption. This is part 3 of an extended cinematic universe with new characters and plot twists.",1994
237,The Green Mile Reimagined 9,Drama|Fantasy,A moving prison drama with supernatural elements. This is part 5 of an extended cinematic universe with new characters and plot twists.,2023
238,The Shawshank Redemption Saga 4,Drama,"Two imprisoned men bond over years, finding solace and eventual redemption. This is part 1 of an extended cinematic universe with new characters and plot twists.",1988
239,Parasite Odyssey 6,Thriller|Drama,A poor family schemes to become employed by a wealthy household. This is part 9 of an extended cinematic universe with new characters and plot twists.,2004
240,Inside Out Legacy 2,Animation|Family,Emotions guide a young girl's life during a big move. This is part 2 of an extended cinematic universe with new characters and plot twists.,2019
241,Interstellar Reimagined 3,Adventure|Sci-Fi,Explorers travel through a wormhole to save humanity. This is part 1 of an extended cinematic universe with new characters and plot twists.,1975
242,Parasite Legacy 7,Thriller|Drama,A poor family schemes to become employed by a wealthy household. This is part 2 of an extended cinematic universe with new characters and plot twists.,2012
243,The Social Network Rebirth 4,Drama,The founding of Facebook and its legal battles. This is part 3 of an extended cinematic universe with new characters and plot twists.,2007
244,Parasite Odyssey 2,Thriller|Drama,A poor family schemes to become employed by a wealthy household. This is part 7 of an extended cinematic universe with new characters and plot twists.,1974
245,Interstellar Uprising 3,Adventure|Sci-Fi,Explorers travel through a wormhole to save humanity. This is part 3 of an extended cinematic universe with new characters and plot twists.,2021
246,The Social Network Uprising 9,Drama,The founding of Facebook and its legal battles. This is part 9 of an extended cinematic universe with new characters and plot twists.,2023
247,The Shawshank Redemption Reimagined 4,Drama,"Two imprisoned men bond over years, finding solace and eventual redemption. This is part 4 of an extended cinematic universe with new characters and plot twists.",1978
248,Parasite Eclipse 7,Thriller|Drama,A poor family schemes to become employed by a wealthy household. This is part 9 of an extended cinematic universe with new characters and plot twists.,2002
249,The Matrix Genesis 9,Action|Sci-Fi,A hacker discovers reality is a simulation. This is part 7 of an extended cinematic universe with new characters and plot twists.,2011
250,La La Land Legacy 2,Drama|Musical,A jazz pianist and actress fall in love in Los Angeles. This is part 2 of an extended cinematic universe with new characters and plot twists.,2022
251,The Matrix Odyssey 4,Action|Sci-Fi,A hacker discovers reality is a simulation. This is part 8 of an extended cinematic universe with new characters and plot twists.,1970
252,Inside Out Reimagined 9,Animation|Family,Emotions guide a young girl's life during a big move. This is part 9 of an extended cinematic universe with new characters and plot twists.,2020
253,Interstellar Odyssey 3,Adventure|Sci-Fi,Explorers travel through a wormhole to save humanity. This is part 7 of an extended cinematic universe with new characters and plot twists.,1983
254,Parasite Rebirth 6,Thriller|Drama,A poor family schemes to become employed by a wealthy household. This is part 5 of an extended cinematic universe with new characters and plot twists.,1978
255,Inception Saga 3,Action|Sci-Fi,A thief who steals corporate secrets through dream-sharing technology. This is part 4 of an extended cinematic universe with new characters and plot twists.,2024
256,The Godfather Reimagined 8,Crime|Drama,The aging patriarch of an organized crime dynasty transfers control to his son. This is part 9 of an extended cinematic universe with new characters and plot twists.,1973
257,Interstellar Odyssey 9,Adventure|Sci-Fi,Explorers travel through a wormhole to save humanity. This is part 5 of an extended cinematic universe with new characters and plot twists.,2009
258,Inside Out Legacy 4,Animation|Family,Emotions guide a young girl's life during a big move. This is part 4 of an extended cinematic universe with new characters and plot twists.,1984
259,La La Land Eclipse 8,Drama|Musical,A jazz pianist and actress fall in love in Los Angeles. This is part 1 of an extended cinematic universe with new characters and plot twists.,1993
260,Inside Out Odyssey 3,Animation|Family,Emotions guide a young girl's life during a big move. This is part 9 of an extended cinematic universe with new characters and plot twists.,2007
261,Interstellar Genesis 1,Adventure|Sci-Fi,Explorers travel through a wormhole to save humanity. This is part 1 of an extended cinematic universe with new characters and plot twists.,2013
262,Inside Out Eclipse 3,Animation|Family,Emotions guide a young girl's life during a big move. This is part 1 of an extended cinematic universe with new characters and plot twists.,2023
263,Interstellar Legacy 1,Adventure|Sci-Fi,Explorers travel through a wormhole to save humanity. This is part 9 of an extended cinematic universe with new characters and plot twists.,2012
264,Inside Out Reimagined 9,Animation|Family,Emotions guide a young girl's life during a big move. This is part 5 of an extended cinematic universe with new characters and plot twists.,1999
265,La La Land Odyssey 3,Drama|Musical,A jazz pianist and actress fall in love in Los Angeles. This is part 2 of an extended cinematic universe with new characters and plot twists.,2003
266,Inception Uprising 1,Action|Sci-Fi,A thief who steals corporate secrets through dream-sharing technology. This is part 4 of an extended cinematic universe with new characters and plot twists.,1993
267,Parasite Legacy 7,Thriller|Drama,A poor family schemes to become employed by a wealthy household. This is part 7 of an extended cinematic universe with new characters and plot twists.,2012
268,The Matrix Reimagined 5,Action|Sci-Fi,A hacker discovers reality is a simulation. This is part 7 of an extended cinematic universe with new characters and plot twists.,1977
269,La La Land Returns 6,Drama|Musical,A jazz pianist and actress fall in love in Los Angeles. This is part 3 of an extended cinematic universe with new characters and plot twists.,2002
270,Parasite Legacy 1,Thriller|Drama,A poor family schemes to become employed by a wealthy household. This is part 7 of an extended cinematic universe with new characters and plot twists.,1989
271,The Shawshank Redemption Rebirth 8,Drama,"Two imprisoned men bond over years, finding solace and eventual redemption. This is part 8 of an extended cinematic universe with new characters and plot twists.",2019
272,Inside Out Returns 9,Animation|Family,Emotions guide a young girl's life during a big move. This is part 5 of an extended cinematic universe with new characters and plot twists.,2009
273,Inception Returns 2,Action|Sci-Fi,A thief who steals corporate secrets through dream-sharing technology. This is part 6 of an extended cinematic universe with new characters and plot twists.,1996
274,The Green Mile Genesis 8,Drama|Fantasy,A moving prison drama with supernatural elements. This is part 2 of an extended cinematic universe with new characters and plot twists.,1986
275,The Godfather Legacy 3,Crime|Drama,The aging patriarch of an organized crime dynasty transfers control to his son. This is part 3 of an extended cinematic universe with new characters and plot twists.,2018
276,Interstellar Genesis 8,Adventure|Sci-Fi,Explorers travel through a wormhole to save humanity. This is part 6 of an extended cinematic universe with new characters and plot twists.,2009
277,The Godfather Odyssey 5,Crime|Drama,The aging patriarch of an organized crime dynasty transfers control to his son. This is part 4 of an extended cinematic universe with new characters and plot twists.,1982
278,The Shawshank Redemption Eclipse 2,Drama,"Two imprisoned men bond over years, finding solace and eventual redemption. This is part 3 of an extended cinematic universe with new characters and plot twists.",1981
279,Parasite Genesis 1,Thriller|Drama,A poor family schemes to become employed by a wealthy household. This is part 2 of an extended cinematic universe with new characters and plot twists.,1992
280,The Shawshank Redemption Saga 4,Drama,"Two imprisoned men bond over years, finding solace and eventual redemption. This is part 4 of an extended cinematic universe with new characters and plot twists.",1978
281,The Godfather Saga 4,Crime|Drama,The aging patriarch of an organized crime dynasty transfers control to his son. This is part 9 of an extended cinematic universe with new characters and plot twists.,1988
282,The Shawshank Redemption Returns 9,Drama,"Two imprisoned men bond over years, finding solace and eventual redemption. This is part 6 of an extended cinematic universe with new characters and plot twists.",1980
283,Interstellar Legacy 4,Adventure|Sci-Fi,Explorers travel through a wormhole to save humanity. This is part 9 of an extended cinematic universe with new characters and plot twists.,2008
284,The Matrix Returns 8,Action|Sci-Fi,A hacker discovers reality is a simulation. This is part 2 of an extended cinematic universe with new characters and plot twists.,2008
285,Inside Out Legacy 9,Animation|Family,Emotions guide a young girl's life during a big move. This is part 7 of an extended cinematic universe with new characters and plot twists.,1990
286,La La Land Saga 3,Drama|Musical,A jazz pianist and actress fall in love in Los Angeles. This is part 5 of an extended cinematic universe with new characters and plot twists.,1986
287,The Godfather Returns 9,Crime|Drama,The aging patriarch of an organized crime dynasty transfers control to his son. This is part 3 of an extended cinematic universe with new characters and plot twists.,2018
288,The Godfather Saga 6,Crime|Drama,The aging patriarch of an organized crime dynasty transfers control to his son. This is part 9 of an extended cinematic universe with new characters and plot twists.,2002
289,The Green Mile Legacy 3,Drama|Fantasy,A moving prison drama with supernatural elements. This is part 6 of an extended cinematic universe with new characters and plot twists.,1988
290,The Green Mile Saga 7,Drama|Fantasy,A moving prison drama with supernatural elements. This is part 4 of an extended cinematic universe with new characters and plot twists.,2012
291,Inside Out Odyssey 5,Animation|Family,Emotions guide a young girl's life during a big move. This is part 5 of an extended cinematic universe with new characters and plot twists.,1995
292,The Shawshank Redemption Uprising 4,Drama,"Two imprisoned men bond over years, finding solace and eventual redemption. This is part 1 of an extended cinematic universe with new characters and plot twists.",2018
293,The Godfather Uprising 6,Crime|Drama,The aging patriarch of an organized crime dynasty transfers control to his son. This is part 9 of an extended cinematic universe with new characters and plot twists.,1996
294,Parasite Uprising 5,Thriller|Drama,A poor family schemes to become employed by a wealthy household. This is part 1 of an extended cinematic universe with new characters and plot twists.,2010
295,The Green Mile Legacy 3,Drama|Fantasy,A moving prison drama with supernatural elements. This is part 6 of an extended cinematic universe with new characters and plot twists.,2014
296,Parasite Odyssey 1,Thriller|Drama,A poor family schemes to become employed by a wealthy household. This is part 6 of an extended cinematic universe with new characters and plot twists.,1977
297,La La Land Chronicles 4,Drama|Musical,A jazz pianist and actress fall in love in Los Angeles. This is part 6 of an extended cinematic universe with new characters and plot twists.,2001
298,The Green Mile Genesis 2,Drama|Fantasy,A moving prison drama with supernatural elements. This is part 1 of an extended cinematic universe with new characters and plot twists.,2015
299,The Social Network Reimagined 8,Drama,The founding of Facebook and its legal battles. This is part 3 of an extended cinematic universe with new characters and plot twists.,2002
300,The Green Mile Genesis 5,Drama|Fantasy,A moving prison drama with supernatural elements. This is part 8 of an extended cinematic universe with new characters and plot twists.,2004
301,The Social Network Chronicles 7,Drama,The founding of Facebook and its legal battles. This is part 6 of an extended cinematic universe with new characters and plot twists.,1980
302,Inception Saga 6,Action|Sci-Fi,A thief who steals corporate secrets through dream-sharing technology. This is part 4 of an extended cinematic universe with new characters and plot twists.,2005
303,The Social Network Eclipse 3,Drama,The founding of Facebook and its legal battles. This is part 8 of an extended cinematic universe with new characters and plot twists.,2016
304,The Godfather Odyssey 2,Crime|Drama,The aging patriarch of an organized crime dynasty transfers control to his son. This is part 5 of an extended cinematic universe with new characters and plot twists.,2006
305,The Social Network Odyssey 3,Drama,The founding of Facebook and its legal battles. This is part 2 of an extended cinematic universe with new characters and plot twists.,2022
306,Interstellar Legacy 5,Adventure|Sci-Fi,Explorers travel through a wormhole to save humanity. This is part 4 of an extended cinematic universe with new characters and plot twists.,2005
307,The Social Network Saga 8,Drama,The founding of Facebook and its legal battles. This is part 1 of an extended cinematic universe with new characters and plot twists.,1988
308,The Godfather Reimagined 7,Crime|Drama,The aging patriarch of an organized crime dynasty transfers control to his son. This is part 2 of an extended cinematic universe with new characters and plot twists.,2004
309,The Social Network Reimagined 7,Drama,The founding of Facebook and its legal battles. This is part 6 of an extended cinematic universe with new characters and plot twists.,1989
310,The Social Network Saga 3,Drama,The founding of Facebook and its legal battles. This is part 4 of an extended cinematic universe with new characters and plot twists.,2007
311,La La Land Eclipse 8,Drama|Musical,A jazz pianist and actress fall in love in Los Angeles. This is part 7 of an extended cinematic universe with new characters and plot twists.,1995
312,The Shawshank Redemption Saga 5,Drama,"Two imprisoned men bond over years, finding solace and eventual redemption. This is part 9 of an extended cinematic universe with new characters and plot twists.",2014
313,The Shawshank Redemption Chronicles 4,Drama,"Two imprisoned men bond over years, finding solace and eventual redemption. This is part 7 of an extended cinematic universe with new characters and plot twists.",1996
314,The Shawshank Redemption Eclipse 7,Drama,"Two imprisoned men bond over years, finding solace and eventual redemption. This is part 2 of an extended cinematic universe with new characters and plot twists.",2009
315,The Matrix Eclipse 6,Action|Sci-Fi,A hacker discovers reality is a simulation. This is part 4 of an extended cinematic universe with new characters and plot twists.,2015
316,The Shawshank Redemption Reimagined 3,Drama,"Two imprisoned men bond over years, finding solace and eventual redemption. This is part 2 of an extended cinematic universe with new characters and plot twists.",1988
317,Interstellar Chronicles 5,Adventure|Sci-Fi,Explorers travel through a wormhole to save humanity. This is part 3 of an extended cinematic universe with new characters and plot twists.,1984
318,Interstellar Returns 6,Adventure|Sci-Fi,Explorers travel through a wormhole to save humanity. This is part 4 of an extended cinematic universe with new characters and plot twists.,1974
319,Interstellar Returns 3,Adventure|Sci-Fi,Explorers travel through a wormhole to save humanity. This is part 3 of an extended cinematic universe with new characters and plot twists.,1990
320,The Shawshank Redemption Uprising 5,Drama,"Two imprisoned men bond over years, finding solace and eventual redemption. This is part 4 of an extended cinematic universe with new characters and plot twists.",1976
321,Inception Eclipse 8,Action|Sci-Fi,A thief who steals corporate secrets through dream-sharing technology. This is part 2 of an extended cinematic universe with new characters and plot twists.,2012
322,The Godfather Uprising 9,Crime|Drama,The aging patriarch of an organized crime dynasty transfers control to his son. This is part 3 of an extended cinematic universe with new characters and plot twists.,2002
323,La La Land Uprising 3,Drama|Musical,A jazz pianist and actress fall in love in Los Angeles. This is part 3 of an extended cinematic universe with new characters and plot twists.,1974
324,The Social Network Odyssey 6,Drama,The founding of Facebook and its legal battles. This is part 5 of an extended cinematic universe with new characters and plot twists.,2019
325,The Green Mile Eclipse 2,Drama|Fantasy,A moving prison drama with supernatural elements. This is part 3 of an extended cinematic universe with new characters and plot twists.,1991
326,The Matrix Odyssey 5,Action|Sci-Fi,A hacker discovers reality is a simulation. This is part 1 of an extended cinematic universe with new characters and plot twists.,2023
327,Inception Rebirth 6,Action|Sci-Fi,A thief who steals corporate secrets through dream-sharing technology. This is part 8 of an extended cinematic universe with new characters and plot twists.,1997
328,La La Land Rebirth 1,Drama|Musical,A jazz pianist and actress fall in love in Los Angeles. This is part 8 of an extended cinematic universe with new characters and plot twists.,2021
329,The Shawshank Redemption Odyssey 1,Drama,"Two imprisoned men bond over years, finding solace and eventual redemption. This is part 2 of an extended cinematic universe with new characters and plot twists.",2016
330,Inside Out Reimagined 4,Animation|Family,Emotions guide a young girl's life during a big move. This is part 3 of an extended cinematic universe with new characters and plot twists.,1973
331,La La Land Returns 7,Drama|Musical,A jazz pianist and actress fall in love in Los Angeles. This is part 2 of an extended cinematic universe with new characters and plot twists.,1977
332,The Matrix Rebirth 4,Action|Sci-Fi,A hacker discovers reality is a simulation. This is part 1 of an extended cinematic universe with new characters and plot twists.,2016
333,Inception Returns 6,Action|Sci-Fi,A thief who steals corporate secrets through dream-sharing technology. This is part 5 of an extended cinematic universe with new characters and plot twists.,1985
334,The Shawshank Redemption Rebirth 6,Drama,"Two imprisoned men bond over years, finding solace and eventual redemption. This is part 2 of an extended cinematic universe with new characters and plot twists.",1978
335,Inception Saga 5,Action|Sci-Fi,A thief who steals corporate secrets through dream-sharing technology. This is part 2 of an extended cinematic universe with new characters and plot twists.,1976
336,Interstellar Genesis 8,Adventure|Sci-Fi,Explorers travel through a wormhole to save humanity. This is part 2 of an extended cinematic universe with new characters and plot twists.,1980
337,Parasite Saga 8,Thriller|Drama,A poor family schemes to become employed by a wealthy household. This is part 1 of an extended cinematic universe with new characters and plot twists.,1975
338,The Shawshank Redemption Legacy 6,Drama,"Two imprisoned men bond over years, finding solace and eventual redemption. This is part 8 of an extended cinematic universe with new characters and plot twists.",1988
339,Interstellar Reimagined 7,Adventure|Sci-Fi,Explorers travel through a wormhole to save humanity. This is part 6 of an extended cinematic universe with new characters and plot twists.,2023
340,The Green Mile Genesis 3,Drama|Fantasy,A moving prison drama with supernatural elements. This is part 3 of an extended cinematic universe with new characters and plot twists.,1979
341,The Godfather Returns 7,Crime|Drama,The aging patriarch of an organized crime dynasty transfers control to his son. This is part 7 of an extended cinematic universe with new characters and plot twists.,1982
342,The Green Mile Returns 1,Drama|Fantasy,A moving prison drama with supernatural elements. This is part 8 of an extended cinematic universe with new characters and plot twists.,2004
343,Parasite Legacy 8,Thriller|Drama,A poor family schemes to become employed by a wealthy household. This is part 9 of an extended cinematic universe with new characters and plot twists.,2023
344,The Godfather Saga 1,Crime|Drama,The aging patriarch of an organized crime dynasty transfers control to his son. This is part 6 of an extended cinematic universe with new characters and plot twists.,2013
345,Inside Out Eclipse 4,Animation|Family,Emotions guide a young girl's life during a big move. This is part 8 of an extended cinematic universe with new characters and plot twists.,1993
346,The Green Mile Genesis 1,Drama|Fantasy,A moving prison drama with supernatural elements. This is part 5 of an extended cinematic universe with new characters and plot twists.,2010
347,The Social Network Reimagined 9,Drama,The founding of Facebook and its legal battles. This is part 3 of an extended cinematic universe with new characters and plot twists.,1995
348,The Shawshank Redemption Chronicles 9,Drama,"Two imprisoned men bond over years, finding solace and eventual redemption. This is part 2 of an extended cinematic universe with new characters and plot twists.",2019
349,The Godfather Saga 7,Crime|Drama,The aging patriarch of an organized crime dynasty transfers control to his son. This is part 5 of an extended cinematic universe with new characters and plot twists.,2010
350,The Godfather Returns 8,Crime|Drama,The aging patriarch of an organized crime dynasty transfers control to his son. This is part 1 of an extended cinematic universe with new characters and plot twists.,1984
351,The Matrix Odyssey 5,Action|Sci-Fi,A hacker discovers reality is a simulation. This is part 2 of an extended cinematic universe with new characters and plot twists.,1977
352,Interstellar Genesis 9,Adventure|Sci-Fi,Explorers travel through a wormhole to save humanity. This is part 2 of an extended cinematic universe with new characters and plot twists.,1993
353,The Social Network Uprising 7,Drama,The founding of Facebook and its legal battles. This is part 5 of an extended cinematic universe with new characters and plot twists.,2005
354,The Shawshank Redemption Uprising 7,Drama,"Two imprisoned men bond over years, finding solace and eventual redemption. This is part 6 of an extended cinematic universe with new characters and plot twists.",1976
355,The Shawshank Redemption Eclipse 8,Drama,"Two imprisoned men bond over years, finding solace and eventual redemption. This is part 2 of an extended cinematic universe with new characters and plot twists.",1987
356,Parasite Genesis 4,Thriller|Drama,A poor family schemes to become employed by a wealthy household. This is part 2 of an extended cinematic universe with new characters and plot twists.,1985
357,Interstellar Uprising 5,Adventure|Sci-Fi,Explorers travel through a wormhole to save humanity. This is part 8 of an extended cinematic universe with new characters and plot twists.,2001
358,The Green Mile Legacy 7,Drama|Fantasy,A moving prison drama with supernatural elements. This is part 9 of an extended cinematic universe with new characters and plot twists.,1993
359,Interstellar Saga 3,Adventure|Sci-Fi,Explorers travel through a wormhole to save humanity. This is part 6 of an extended cinematic universe with new characters and plot twists.,2008
360,The Godfather Chronicles 2,Crime|Drama,The aging patriarch of an organized crime dynasty transfers control to his son. This is part 1 of an extended cinematic universe with new characters and plot twists.,2001
361,La La Land Chronicles 5,Drama|Musical,A jazz pianist and actress fall in love in Los Angeles. This is part 4 of an extended cinematic universe with new characters and plot twists.,1971
362,Inside Out Reimagined 2,Animation|Family,Emotions guide a young girl's life during a big move. This is part 6 of an extended cinematic universe with new characters and plot twists.,1980
363,Parasite Eclipse 8,Thriller|Drama,A poor family schemes to become employed by a wealthy household. This is part 6 of an extended cinematic universe with new characters and plot twists.,1990
364,Inception Odyssey 3,Action|Sci-Fi,A thief who steals corporate secrets through dream-sharing technology. This is part 6 of an extended cinematic universe with new characters and plot twists.,2005
365,Interstellar Odyssey 1,Adventure|Sci-Fi,Explorers travel through a wormhole to save humanity. This is part 5 of an extended cinematic universe with new characters and plot twists.,1996
366,Inside Out Chronicles 2,Animation|Family,Emotions guide a young girl's life during a big move. This is part 3 of an extended cinematic universe with new characters and plot twists.,1986
367,Parasite Chronicles 3,Thriller|Drama,A poor family schemes to become employed by a wealthy household. This is part 7 of an extended cinematic universe with new characters and plot twists.,1983
368,The Matrix Chronicles 4,Action|Sci-Fi,A hacker discovers reality is a simulation. This is part 4 of an extended cinematic universe with new characters and plot twists.,2025
369,Interstellar Returns 8,Adventure|Sci-Fi,Explorers travel through a wormhole to save humanity. This is part 1 of an extended cinematic universe with new characters and plot twists.,2018
370,Inception Genesis 6,Action|Sci-Fi,A thief who steals corporate secrets through dream-sharing technology. This is part 5 of an extended cinematic universe with new characters and plot twists.,1990
371,La La Land Chronicles 7,Drama|Musical,A jazz pianist and actress fall in love in Los Angeles. This is part 5 of an extended cinematic universe with new characters and plot twists.,1973
372,La La Land Rebirth 3,Drama|Musical,A jazz pianist and actress fall in love in Los Angeles. This is part 2 of an extended cinematic universe with new characters and plot twists.,1983
373,La La Land Odyssey 7,Drama|Musical,A jazz pianist and actress fall in love in Los Angeles. This is part 2 of an extended cinematic universe with new characters and plot twists.,1978
374,La La Land Uprising 2,Drama|Musical,A jazz pianist and actress fall in love in Los Angeles. This is part 8 of an extended cinematic universe with new characters and plot twists.,1970
375,Inside Out Genesis 8,Animation|Family,Emotions guide a young girl's life during a big move. This is part 7 of an extended cinematic universe with new characters and plot twists.,1973
376,Interstellar Legacy 2,Adventure|Sci-Fi,Explorers travel through a wormhole to save humanity. This is part 3 of an extended cinematic universe with new characters and plot twists.,2001
377,Inception Rebirth 8,Action|Sci-Fi,A thief who steals corporate secrets through dream-sharing technology. This is part 8 of an extended cinematic universe with new characters and plot twists.,1991
378,Inception Genesis 2,Action|Sci-Fi,A thief who steals corporate secrets through dream-sharing technology. This is part 7 of an extended cinematic universe with new characters and plot twists.,2006
379,Parasite Odyssey 1,Thriller|Drama,A poor family schemes to become employed by a wealthy household. This is part 6 of an extended cinematic universe with new characters and plot twists.,1979
380,The Shawshank Redemption Chronicles 7,Drama,"Two imprisoned men bond over years, finding solace and eventual redemption. This is part 3 of an extended cinematic universe with new characters and plot twists.",1977
381,La La Land Rebirth 1,Drama|Musical,A jazz pianist and actress fall in love in Los Angeles. This is part 5 of an extended cinematic universe with new characters and plot twists.,1974
382,La La Land Chronicles 8,Drama|Musical,A jazz pianist and actress fall in love in Los Angeles. This is part 4 of an extended cinematic universe with new characters and plot twists.,2022
383,La La Land Chronicles 2,Drama|Musical,A jazz pianist and actress fall in love in Los Angeles. This is part 7 of an extended cinematic universe with new characters and plot twists.,1986
384,The Social Network Reimagined 4,Drama,The founding of Facebook and its legal battles. This is part 4 of an extended cinematic universe with new characters and plot twists.,1996
385,Inside Out Saga 4,Animation|Family,Emotions guide a young girl's life during a big move. This is part 9 of an extended cinematic universe with new characters and plot twists.,1973
386,The Shawshank Redemption Chronicles 4,Drama,"Two imprisoned men bond over years, finding solace and eventual redemption. This is part 7 of an extended cinematic universe with new characters and plot twists.",2003
387,Interstellar Uprising 8,Adventure|Sci-Fi,Explorers travel through a wormhole to save humanity. This is part 2 of an extended cinematic universe with new characters and plot twists.,2021
388,La La Land Reimagined 1,Drama|Musical,A jazz pianist and actress fall in love in Los Angeles. This is part 2 of an extended cinematic universe with new characters and plot twists.,1984
389,Parasite Eclipse 4,Thriller|Drama,A poor family schemes to become employed by a wealthy household. This is part 7 of an extended cinematic universe with new characters and plot twists.,2022
390,The Green Mile Genesis 9,Drama|Fantasy,A moving prison drama with supernatural elements. This is part 8 of an extended cinematic universe with new characters and plot twists.,1993
391,Inside Out Returns 4,Animation|Family,Emotions guide a young girl's life during a big move. This is part 7 of an extended cinematic universe with new characters and plot twists.,1971
392,The Shawshank Redemption Odyssey 6,Drama,"Two imprisoned men bond over years, finding solace and eventual redemption. This is part 1 of an extended cinematic universe with new characters and plot twists.",2005
393,The Matrix Rebirth 3,Action|Sci-Fi,A hacker discovers reality is a simulation. This is part 3 of an extended cinematic universe with new characters and plot twists.,1999
394,Interstellar Eclipse 8,Adventure|Sci-Fi,Explorers travel through a wormhole to save humanity. This is part 4 of an extended cinematic universe with new characters and plot twists.,2014
395,The Social Network Eclipse 6,Drama,The founding of Facebook and its legal battles. This is part 9 of an extended cinematic universe with new characters and plot twists.,2004
396,Inception Reimagined 6,Action|Sci-Fi,A thief who steals corporate secrets through dream-sharing technology. This is part 2 of an extended cinematic universe with new characters and plot twists.,2014
397,The Shawshank Redemption Rebirth 2,Drama,"Two imprisoned men bond over years, finding solace and eventual redemption. This is part 6 of an extended cinematic universe with new characters and plot twists.",2022
398,Parasite Rebirth 4,Thriller|Drama,A poor family schemes to become employed by a wealthy household. This is part 6 of an extended cinematic universe with new characters and plot twists.,1970
399,The Social Network Reimagined 4,Drama,The founding of Facebook and its legal battles. This is part 8 of an extended cinematic universe with new characters and plot twists.,1996
400,The Shawshank Redemption Eclipse 5,Drama,"Two imprisoned men bond over years, finding solace and eventual redemption. This is part 8 of an extended cinematic universe with new characters and plot twists.",2009
401,Inception Uprising 3,Action|Sci-Fi,A thief who steals corporate secrets through dream-sharing technology. This is part 4 of an extended cinematic universe with new characters and plot twists.,1972
402,Interstellar Reimagined 3,Adventure|Sci-Fi,Explorers travel through a wormhole to save humanity. This is part 1 of an extended cinematic universe with new characters and plot twists.,1972
403,The Matrix Eclipse 3,Action|Sci-Fi,A hacker discovers reality is a simulation. This is part 8 of an extended cinematic universe with new characters and plot twists.,2004
404,The Shawshank Redemption Saga 5,Drama,"Two imprisoned men bond over years, finding solace and eventual redemption. This is part 7 of an extended cinematic universe with new characters and plot twists.",2019
405,Parasite Reimagined 5,Thriller|Drama,A poor family schemes to become employed by a wealthy household. This is part 3 of an extended cinematic universe with new characters and plot twists.,1998
406,The Shawshank Redemption Rebirth 7,Drama,"Two imprisoned men bond over years, finding solace and eventual redemption. This is part 4 of an extended cinematic universe with new characters and plot twists.",1978
407,The Godfather Eclipse 7,Crime|Drama,The aging patriarch of an organized crime dynasty transfers control to his son. This is part 3 of an extended cinematic universe with new characters and plot twists.,2008
408,Inception Reimagined 3,Action|Sci-Fi,A thief who steals corporate secrets through dream-sharing technology. This is part 2 of an extended cinematic universe with new characters and plot twists.,1980
409,The Matrix Reimagined 9,Action|Sci-Fi,A hacker discovers reality is a simulation. This is part 8 of an extended cinematic universe with new characters and plot twists.,2019
410,The Godfather Legacy 4,Crime|Drama,The aging patriarch of an organized crime dynasty transfers control to his son. This is part 4 of an extended cinematic universe with new characters and plot twists.,1986
411,Inception Saga 6,Action|Sci-Fi,A thief who steals corporate secrets through dream-sharing technology. This is part 5 of an extended cinematic universe with new characters and plot twists.,2003
412,La La Land Odyssey 1,Drama|Musical,A jazz pianist and actress fall in love in Los Angeles. This is part 4 of an extended cinematic universe with new characters and plot twists.,1971
413,Inside Out Legacy 4,Animation|Family,Emotions guide a young girl's life during a big move. This is part 4 of an extended cinematic universe with new characters and plot twists.,2003
414,The Green Mile Eclipse 1,Drama|Fantasy,A moving prison drama with supernatural elements. This is part 5 of an extended cinematic universe with new characters and plot twists.,2003
415,Inception Eclipse 7,Action|Sci-Fi,A thief who steals corporate secrets through dream-sharing technology. This is part 3 of an extended cinematic universe with new characters and plot twists.,2019
416,The Social Network Reimagined 7,Drama,The founding of Facebook and its legal battles. This is part 4 of an extended cinematic universe with new characters and plot twists.,1996
417,The Godfather Legacy 6,Crime|Drama,The aging patriarch of an organized crime dynasty transfers control to his son. This is part 4 of an extended cinematic universe with new characters and plot twists.,2007
418,Inside Out Odyssey 2,Animation|Family,Emotions guide a young girl's life during a big move. This is part 6 of an extended cinematic universe with new characters and plot twists.,1970
419,Parasite Reimagined 3,Thriller|Drama,A poor family schemes to become employed by a wealthy household. This is part 8 of an extended cinematic universe with new characters and plot twists.,2009
420,The Social Network Odyssey 6,Drama,The founding of Facebook and its legal battles. This is part 8 of an extended cinematic universe with new characters and plot twists.,2015
421,The Social Network Returns 3,Drama,The founding of Facebook and its legal battles. This is part 9 of an extended cinematic universe with new characters and plot twists.,2005
422,Inception Reimagined 1,Action|Sci-Fi,A thief who steals corporate secrets through dream-sharing technology. This is part 3 of an extended cinematic universe with new characters and plot twists.,1985
423,The Shawshank Redemption Legacy 3,Drama,"Two imprisoned men bond over years, finding solace and eventual redemption. This is part 7 of an extended cinematic universe with new characters and plot twists.",2014
424,The Green Mile Returns 9,Drama|Fantasy,A moving prison drama with supernatural elements. This is part 6 of an extended cinematic universe with new characters and plot twists.,2016
425,La La Land Returns 5,Drama|Musical,A jazz pianist and actress fall in love in Los Angeles. This is part 3 of an extended cinematic universe with new characters and plot twists.,1976
426,The Green Mile Rebirth 5,Drama|Fantasy,A moving prison drama with supernatural elements. This is part 9 of an extended cinematic universe with new characters and plot twists.,1980
427,The Green Mile Genesis 2,Drama|Fantasy,A moving prison drama with supernatural elements. This is part 2 of an extended cinematic universe with new characters and plot twists.,2025
428,Interstellar Saga 3,Adventure|Sci-Fi,Explorers travel through a wormhole to save humanity. This is part 8 of an extended cinematic universe with new characters and plot twists.,1996
429,La La Land Uprising 8,Drama|Musical,A jazz pianist and actress fall in love in Los Angeles. This is part 2 of an extended cinematic universe with new characters and plot twists.,2013
430,The Godfather Eclipse 8,Crime|Drama,The aging patriarch of an organized crime dynasty transfers control to his son. This is part 4 of an extended cinematic universe with new characters and plot twists.,1984
431,The Green Mile Returns 6,Drama|Fantasy,A moving prison drama with supernatural elements. This is part 1 of an extended cinematic universe with new characters and plot twists.,1981
432,The Godfather Reimagined 6,Crime|Drama,The aging patriarch of an organized crime dynasty transfers control to his son. This is part 5 of an extended cinematic universe with new characters and plot twists.,1970
433,The Shawshank Redemption Returns 2,Drama,"Two imprisoned men bond over years, finding solace and eventual redemption. This is part 9 of an extended cinematic universe with new characters and plot twists.",1999
434,Interstellar Returns 5,Adventure|Sci-Fi,Explorers travel through a wormhole to save humanity. This is part 1 of an extended cinematic universe with new characters and plot twists.,1998
435,Inception Reimagined 9,Action|Sci-Fi,A thief who steals corporate secrets through dream-sharing technology. This is part 8 of an extended cinematic universe with new characters and plot twists.,2001
436,The Shawshank Redemption Reimagined 2,Drama,"Two imprisoned men bond over years, finding solace and eventual redemption. This is part 8 of an extended cinematic universe with new characters and plot twists.",1987
437,The Godfather Chronicles 4,Crime|Drama,The aging patriarch of an organized crime dynasty transfers control to his son. This is part 5 of an extended cinematic universe with new characters and plot twists.,1997
438,The Green Mile Genesis 4,Drama|Fantasy,A moving prison drama with supernatural elements. This is part 9 of an extended cinematic universe with new characters and plot twists.,1970
439,The Matrix Returns 5,Action|Sci-Fi,A hacker discovers reality is a simulation. This is part 9 of an extended cinematic universe with new characters and plot twists.,2007
440,The Matrix Returns 9,Action|Sci-Fi,A hacker discovers reality is a simulation. This is part 5 of an extended cinematic universe with new characters and plot twists.,2010
441,The Shawshank Redemption Odyssey 6,Drama,"Two imprisoned men bond over years, finding solace and eventual redemption. This is part 5 of an extended cinematic universe with new characters and plot twists.",2011
442,Inside Out Uprising 7,Animation|Family,Emotions guide a young girl's life during a big move. This is part 7 of an extended cinematic universe with new characters and plot twists.,1999
443,The Social Network Legacy 8,Drama,The founding of Facebook and its legal battles. This is part 1 of an extended cinematic universe with new characters and plot twists.,2021
444,Parasite Chronicles 2,Thriller|Drama,A poor family schemes to become employed by a wealthy household. This is part 3 of an extended cinematic universe with new characters and plot twists.,1986
445,Inception Eclipse 2,Action|Sci-Fi,A thief who steals corporate secrets through dream-sharing technology. This is part 6 of an extended cinematic universe with new characters and plot twists.,1975
446,The Godfather Eclipse 9,Crime|Drama,The aging patriarch of an organized crime dynasty transfers control to his son. This is part 7 of an extended cinematic universe with new characters and plot twists.,2018
447,The Shawshank Redemption Saga 4,Drama,"Two imprisoned men bond over years, finding solace and eventual redemption. This is part 9 of an extended cinematic universe with new characters and plot twists.",2012
448,Inside Out Eclipse 1,Animation|Family,Emotions guide a young girl's life during a big move. This is part 9 of an extended cinematic universe with new characters and plot twists.,1997
449,The Matrix Returns 2,Action|Sci-Fi,A hacker discovers reality is a simulation. This is part 2 of an extended cinematic universe with new characters and plot twists.,2000
450,Interstellar Uprising 3,Adventure|Sci-Fi,Explorers travel through a wormhole to save humanity. This is part 9 of an extended cinematic universe with new characters and plot twists.,2012
451,Parasite Odyssey 2,Thriller|Drama,A poor family schemes to become employed by a wealthy household. This is part 6 of an extended cinematic universe with new characters and plot twists.,1978
452,The Social Network Rebirth 3,Drama,The founding of Facebook and its legal battles. This is part 3 of an extended cinematic universe with new characters and plot twists.,2025
453,La La Land Legacy 8,Drama|Musical,A jazz pianist and actress fall in love in Los Angeles. This is part 9 of an extended cinematic universe with new characters and plot twists.,2012
454,Inception Saga 6,Action|Sci-Fi,A thief who steals corporate secrets through dream-sharing technology. This is part 6 of an extended cinematic universe with new characters and plot twists.,1992
455,Inside Out Rebirth 9,Animation|Family,Emotions guide a young girl's life during a big move. This is part 7 of an extended cinematic universe with new characters and plot twists.,1981
456,The Matrix Saga 1,Action|Sci-Fi,A hacker discovers reality is a simulation. This is part 4 of an extended cinematic universe with new characters and plot twists.,2016
457,The Social Network Legacy 1,Drama,The founding of Facebook and its legal battles. This is part 8 of an extended cinematic universe with new characters and plot twists.,1985
458,Interstellar Eclipse 5,Adventure|Sci-Fi,Explorers travel through a wormhole to save humanity. This is part 3 of an extended cinematic universe with new characters and plot twists.,1996
459,Inside Out Returns 3,Animation|Family,Emotions guide a young girl's life during a big move. This is part 3 of an extended cinematic universe with new characters and plot twists.,1997
460,The Green Mile Genesis 7,Drama|Fantasy,A moving prison drama with supernatural elements. This is part 1 of an extended cinematic universe with new characters and plot twists.,2022
461,The Shawshank Redemption Odyssey 9,Drama,"Two imprisoned men bond over years, finding solace and eventual redemption. This is part 1 of an extended cinematic universe with new characters and plot twists.",2000
462,The Shawshank Redemption Legacy 2,Drama,"Two imprisoned men bond over years, finding solace and eventual redemption. This is part 5 of an extended cinematic universe with new characters and plot twists.",2013
463,Inception Returns 1,Action|Sci-Fi,A thief who steals corporate secrets through dream-sharing technology. This is part 9 of an extended cinematic universe with new characters and plot twists.,1990
464,The Godfather Reimagined 6,Crime|Drama,The aging patriarch of an organized crime dynasty transfers control to his son. This is part 2 of an extended cinematic universe with new characters and plot twists.,1972
465,La La Land Reimagined 8,Drama|Musical,A jazz pianist and actress fall in love in Los Angeles. This is part 1 of an extended cinematic universe with new characters and plot twists.,2013
466,La La Land Uprising 7,Drama|Musical,A jazz pianist and actress fall in love in Los Angeles. This is part 1 of an extended cinematic universe with new characters and plot twists.,2018
467,Inside Out Returns 7,Animation|Family,Emotions guide a young girl's life during a big move. This is part 8 of an extended cinematic universe with new characters and plot twists.,2021
468,Parasite Genesis 1,Thriller|Drama,A poor family schemes to become employed by a wealthy household. This is part 7 of an extended cinematic universe with new characters and plot twists.,2016
469,Inside Out Rebirth 9,Animation|Family,Emotions guide a young girl's life during a big move. This is part 3 of an extended cinematic universe with new characters and plot twists.,1995
470,The Green Mile Genesis 6,Drama|Fantasy,A moving prison drama with supernatural elements. This is part 3 of an extended cinematic universe with new characters and plot twists.,2017
471,Inception Legacy 9,Action|Sci-Fi,A thief who steals corporate secrets through dream-sharing technology. This is part 6 of an extended cinematic universe with new characters and plot twists.,1994
472,The Matrix Returns 5,Action|Sci-Fi,A hacker discovers reality is a simulation. This is part 1 of an extended cinematic universe with new characters and plot twists.,1979
473,The Social Network Reimagined 6,Drama,The founding of Facebook and its legal battles. This is part 2 of an extended cinematic universe with new characters and plot twists.,2019
474,Inception Returns 9,Action|Sci-Fi,A thief who steals corporate secrets through dream-sharing technology. This is part 3 of an extended cinematic universe with new characters and plot twists.,2005
475,The Social Network Chronicles 8,Drama,The founding of Facebook and its legal battles. This is part 3 of an extended cinematic universe with new characters and plot twists.,1993
476,Interstellar Eclipse 2,Adventure|Sci-Fi,Explorers travel through a wormhole to save humanity. This is part 3 of an extended cinematic universe with new characters and plot twists.,1975
477,The Social Network Odyssey 9,Drama,The founding of Facebook and its legal battles. This is part 9 of an extended cinematic universe with new characters and plot twists.,1999
478,The Shawshank Redemption Reimagined 3,Drama,"Two imprisoned men bond over years, finding solace and eventual redemption. This is part 2 of an extended cinematic universe with new characters and plot twists.",2022
479,The Social Network Chronicles 9,Drama,The founding of Facebook and its legal battles. This is part 3 of an extended cinematic universe with new characters and plot twists.,2018
480,Inception Genesis 1,Action|Sci-Fi,A thief who steals corporate secrets through dream-sharing technology. This is part 8 of an extended cinematic universe with new characters and plot twists.,1997
481,Interstellar Rebirth 9,Adventure|Sci-Fi,Explorers travel through a wormhole to save humanity. This is part 6 of an extended cinematic universe with new characters and plot twists.,1974
482,The Social Network Genesis 4,Drama,The founding of Facebook and its legal battles. This is part 7 of an extended cinematic universe with new characters and plot twists.,2002
483,The Godfather Legacy 7,Crime|Drama,The aging patriarch of an organized crime dynasty transfers control to his son. This is part 9 of an extended cinematic universe with new characters and plot twists.,2019
484,The Matrix Returns 5,Action|Sci-Fi,A hacker discovers reality is a simulation. This is part 4 of an extended cinematic universe with new characters and plot twists.,1992
485,La La Land Reimagined 1,Drama|Musical,A jazz pianist and actress fall in love in Los Angeles. This is part 8 of an extended cinematic universe with new characters and plot twists.,2011
486,Parasite Rebirth 4,Thriller|Drama,A poor family schemes to become employed by a wealthy household. This is part 3 of an extended cinematic universe with new characters and plot twists.,2003
487,The Shawshank Redemption Genesis 5,Drama,"Two imprisoned men bond over years, finding solace and eventual redemption. This is part 4 of an extended cinematic universe with new characters and plot twists.",1991
488,The Green Mile Rebirth 5,Drama|Fantasy,A moving prison drama with supernatural elements. This is part 7 of an extended cinematic universe with new characters and plot twists.,1977
489,The Godfather Eclipse 7,Crime|Drama,The aging patriarch of an organized crime dynasty transfers control to his son. This is part 2 of an extended cinematic universe with new characters and plot twists.,2000
490,The Shawshank Redemption Eclipse 4,Drama,"Two imprisoned men bond over years, finding solace and eventual redemption. This is part 2 of an extended cinematic universe with new characters and plot twists.",1992
491,Parasite Uprising 7,Thriller|Drama,A poor family schemes to become employed by a wealthy household. This is part 3 of an extended cinematic universe with new characters and plot twists.,2014
492,Inside Out Odyssey 2,Animation|Family,Emotions guide a young girl's life during a big move. This is part 5 of an extended cinematic universe with new characters and plot twists.,2000
493,Inception Saga 7,Action|Sci-Fi,A thief who steals corporate secrets through dream-sharing technology. This is part 5 of an extended cinematic universe with new characters and plot twists.,1975
494,The Godfather Odyssey 2,Crime|Drama,The aging patriarch of an organized crime dynasty transfers control to his son. This is part 2 of an extended cinematic universe with new characters and plot twists.,1994
495,Inception Odyssey 9,Action|Sci-Fi,A thief who steals corporate secrets through dream-sharing technology. This is part 1 of an extended cinematic universe with new characters and plot twists.,2020
496,The Matrix Saga 4,Action|Sci-Fi,A hacker discovers reality is a simulation. This is part 2 of an extended cinematic universe with new characters and plot twists.,1977
497,The Shawshank Redemption Genesis 8,Drama,"Two imprisoned men bond over years, finding solace and eventual redemption. This is part 3 of an extended cinematic universe with new characters and plot twists.",1981
498,Interstellar Rebirth 6,Adventure|Sci-Fi,Explorers travel through a wormhole to save humanity. This is part 7 of an extended cinematic universe with new characters and plot twists.,2007
499,The Social Network Genesis 9,Drama,The founding of Facebook and its legal battles. This is part 1 of an extended cinematic universe with new characters and plot twists.,2020
500,The Matrix Genesis 4,Action|Sci-Fi,A hacker discovers reality is a simulation. This is part 2 of an extended cinematic universe with new characters and plot twists.,1983
501,La La Land Saga 1,Drama|Musical,A jazz pianist and actress fall in love in Los Angeles. This is part 2 of an extended cinematic universe with new characters and plot twists.,1994
502,La La Land Legacy 3,Drama|Musical,A jazz pianist and actress fall in love in Los Angeles. This is part 2 of an extended cinematic universe with new characters and plot twists.,1971
503,The Godfather Eclipse 2,Crime|Drama,The aging patriarch of an organized crime dynasty transfers control to his son. This is part 6 of an extended cinematic universe with new characters and plot twists.,1981
504,The Green Mile Reimagined 9,Drama|Fantasy,A moving prison drama with supernatural elements. This is part 2 of an extended cinematic universe with new characters and plot twists.,2017
505,Inception Returns 1,Action|Sci-Fi,A thief who steals corporate secrets through dream-sharing technology. This is part 3 of an extended cinematic universe with new characters and plot twists.,1997
506,Inside Out Chronicles 7,Animation|Family,Emotions guide a young girl's life during a big move. This is part 1 of an extended cinematic universe with new characters and plot twists.,1982
507,Parasite Reimagined 6,Thriller|Drama,A poor family schemes to become employed by a wealthy household. This is part 5 of an extended cinematic universe with new characters and plot twists.,2023
508,Parasite Eclipse 1,Thriller|Drama,A poor family schemes to become employed by a wealthy household. This is part 9 of an extended cinematic universe with new characters and plot twists.,2007
509,The Social Network Legacy 9,Drama,The founding of Facebook and its legal battles. This is part 9 of an extended cinematic universe with new characters and plot twists.,1976
510,The Social Network Eclipse 5,Drama,The founding of Facebook and its legal battles. This is part 2 of an extended cinematic universe with new characters and plot twists.,1999
511,Inception Eclipse 1,Action|Sci-Fi,A thief who steals corporate secrets through dream-sharing technology. This is part 1 of an extended cinematic universe with new characters and plot twists.,1980
512,Interstellar Odyssey 9,Adventure|Sci-Fi,Explorers travel through a wormhole to save humanity. This is part 1 of an extended cinematic universe with new characters and plot twists.,1976
513,The Green Mile Reimagined 2,Drama|Fantasy,A moving prison drama with supernatural elements. This is part 2 of an extended cinematic universe with new characters and plot twists.,1986
514,The Green Mile Odyssey 3,Drama|Fantasy,A moving prison drama with supernatural elements. This is part 4 of an extended cinematic universe with new characters and plot twists.,2004
515,Inside Out Genesis 9,Animation|Family,Emotions guide a young girl's life during a big move. This is part 5 of an extended cinematic universe with new characters and plot twists.,1996
516,The Green Mile Legacy 9,Drama|Fantasy,A moving prison drama with supernatural elements. This is part 1 of an extended cinematic universe with new characters and plot twists.,1986
517,Interstellar Chronicles 1,Adventure|Sci-Fi,Explorers travel through a wormhole to save humanity. This is part 5 of an extended cinematic universe with new characters and plot twists.,2022
518,Inside Out Odyssey 1,Animation|Family,Emotions guide a young girl's life during a big move. This is part 3 of an extended cinematic universe with new characters and plot twists.,2024
519,Inception Rebirth 3,Action|Sci-Fi,A thief who steals corporate secrets through dream-sharing technology. This is part 6 of an extended cinematic universe with new characters and plot twists.,2004
520,The Social Network Eclipse 7,Drama,The founding of Facebook and its legal battles. This is part 4 of an extended cinematic universe with new characters and plot twists.,2017
521,Inception Reimagined 6,Action|Sci-Fi,A thief who steals corporate secrets through dream-sharing technology. This is part 2 of an extended cinematic universe with new characters and plot twists.,2014
522,The Social Network Rebirth 2,Drama,The founding of Facebook and its legal battles. This is part 1 of an extended cinematic universe with new characters and plot twists.,2011
523,The Green Mile Returns 6,Drama|Fantasy,A moving prison drama with supernatural elements. This is part 3 of an extended cinematic universe with new characters and plot twists.,2005
524,Interstellar Chronicles 9,Adventure|Sci-Fi,Explorers travel through a wormhole to save humanity. This is part 6 of an extended cinematic universe with new characters and plot twists.,2010
525,The Matrix Chronicles 8,Action|Sci-Fi,A hacker discovers reality is a simulation. This is part 6 of an extended cinematic universe with new characters and plot twists.,2005
526,The Social Network Eclipse 5,Drama,The founding of Facebook and its legal battles. This is part 2 of an extended cinematic universe with new characters and plot twists.,2014
527,The Green Mile Uprising 6,Drama|Fantasy,A moving prison drama with supernatural elements. This is part 5 of an extended cinematic universe with new characters and plot twists.,1978
528,Inside Out Uprising 7,Animation|Family,Emotions guide a young girl's life during a big move. This is part 1 of an extended cinematic universe with new characters and plot twists.,2023
529,Inside Out Odyssey 8,Animation|Family,Emotions guide a young girl's life during a big move. This is part 2 of an extended cinematic universe with new characters and plot twists.,1992
530,The Shawshank Redemption Saga 3,Drama,"Two imprisoned men bond over years, finding solace and eventual redemption. This is part 3 of an extended cinematic universe with new characters and plot twists.",1997
531,The Matrix Chronicles 1,Action|Sci-Fi,A hacker discovers reality is a simulation. This is part 2 of an extended cinematic universe with new characters and plot twists.,2007
532,The Godfather Odyssey 8,Crime|Drama,The aging patriarch of an organized crime dynasty transfers control to his son. This is part 2 of an extended cinematic universe with new characters and plot twists.,1973
533,La La Land Legacy 8,Drama|Musical,A jazz pianist and actress fall in love in Los Angeles. This is part 1 of an extended cinematic universe with new characters and plot twists.,1990
534,The Green Mile Saga 6,Drama|Fantasy,A moving prison drama with supernatural elements. This is part 2 of an extended cinematic universe with new characters and plot twists.,2025
535,La La Land Eclipse 2,Drama|Musical,A jazz pianist and actress fall in love in Los Angeles. This is part 6 of an extended cinematic universe with new characters and plot twists.,1976
536,The Godfather Uprising 2,Crime|Drama,The aging patriarch of an organized crime dynasty transfers control to his son. This is part 4 of an extended cinematic universe with new characters and plot twists.,1990
537,The Matrix Saga 6,Action|Sci-Fi,A hacker discovers reality is a simulation. This is part 3 of an extended cinematic universe with new characters and plot twists.,1985
538,The Green Mile Chronicles 9,Drama|Fantasy,A moving prison drama with supernatural elements. This is part 1 of an extended cinematic universe with new characters and plot twists.,1988
539,Inception Legacy 6,Action|Sci-Fi,A thief who steals corporate secrets through dream-sharing technology. This is part 9 of an extended cinematic universe with new characters and plot twists.,1994
540,Interstellar Reimagined 1,Adventure|Sci-Fi,Explorers travel through a wormhole to save humanity. This is part 3 of an extended cinematic universe with new characters and plot twists.,2021
541,La La Land Chronicles 8,Drama|Musical,A jazz pianist and actress fall in love in Los Angeles. This is part 6 of an extended cinematic universe with new characters and plot twists.,1985
542,Parasite Saga 9,Thriller|Drama,A poor family schemes to become employed by a wealthy household. This is part 2 of an extended cinematic universe with new characters and plot twists.,1987
543,Inside Out Rebirth 8,Animation|Family,Emotions guide a young girl's life during a big move. This is part 6 of an extended cinematic universe with new characters and plot twists.,2000
544,La La Land Genesis 2,Drama|Musical,A jazz pianist and actress fall in love in Los Angeles. This is part 2 of an extended cinematic universe with new characters and plot twists.,2004
545,The Social Network Returns 1,Drama,The founding of Facebook and its legal battles. This is part 8 of an extended cinematic universe with new characters and plot twists.,1979
546,The Green Mile Reimagined 2,Drama|Fantasy,A moving prison drama with supernatural elements. This is part 7 of an extended cinematic universe with new characters and plot twists.,2001
547,The Green Mile Legacy 1,Drama|Fantasy,A moving prison drama with supernatural elements. This is part 4 of an extended cinematic universe with new characters and plot twists.,1981
548,Interstellar Eclipse 4,Adventure|Sci-Fi,Explorers travel through a wormhole to save humanity. This is part 5 of an extended cinematic universe with new characters and plot twists.,2018
549,The Godfather Genesis 5,Crime|Drama,The aging patriarch of an organized crime dynasty transfers control to his son. This is part 8 of an extended cinematic universe with new characters and plot twists.,2010
550,Interstellar Genesis 9,Adventure|Sci-Fi,Explorers travel through a wormhole to save humanity. This is part 4 of an extended cinematic universe with new characters and plot twists.,1981
551,La La Land Returns 4,Drama|Musical,A jazz pianist and actress fall in love in Los Angeles. This is part 9 of an extended cinematic universe with new characters and plot twists.,2007
552,Interstellar Reimagined 2,Adventure|Sci-Fi,Explorers travel through a wormhole to save humanity. This is part 2 of an extended cinematic universe with new characters and plot twists.,2019
553,Inside Out Eclipse 8,Animation|Family,Emotions guide a young girl's life during a big move. This is part 2 of an extended cinematic universe with new characters and plot twists.,1998
554,Inception Genesis 3,Action|Sci-Fi,A thief who steals corporate secrets through dream-sharing technology. This is part 1 of an extended cinematic universe with new characters and plot twists.,1971
555,The Matrix Legacy 6,Action|Sci-Fi,A hacker discovers reality is a simulation. This is part 8 of an extended cinematic universe with new characters and plot twists.,2006
556,The Godfather Legacy 6,Crime|Drama,The aging patriarch of an organized crime dynasty transfers control to his son. This is part 7 of an extended cinematic universe with new characters and plot twists.,2005
557,La La Land Returns 8,Drama|Musical,A jazz pianist and actress fall in love in Los Angeles. This is part 2 of an extended cinematic universe with new characters and plot twists.,1995
558,La La Land Genesis 3,Drama|Musical,A jazz pianist and actress fall in love in Los Angeles. This is part 9 of an extended cinematic universe with new characters and plot twists.,2001
559,La La Land Legacy 5,Drama|Musical,A jazz pianist and actress fall in love in Los Angeles. This is part 6 of an extended cinematic universe with new characters and plot twists.,2003
560,The Social Network Uprising 2,Drama,The founding of Facebook and its legal battles. This is part 2 of an extended cinematic universe with new characters and plot twists.,1989
561,La La Land Genesis 2,Drama|Musical,A jazz pianist and actress fall in love in Los Angeles. This is part 1 of an extended cinematic universe with new characters and plot twists.,1973
562,The Matrix Eclipse 7,Action|Sci-Fi,A hacker discovers reality is a simulation. This is part 4 of an extended cinematic universe with new characters and plot twists.,2013
563,The Social Network Chronicles 1,Drama,The founding of Facebook and its legal battles. This is part 9 of an extended cinematic universe with new characters and plot twists.,1980
564,The Green Mile Odyssey 4,Drama|Fantasy,A moving prison drama with supernatural elements. This is part 2 of an extended cinematic universe with new characters and plot twists.,2018
565,Inside Out Odyssey 1,Animation|Family,Emotions guide a young girl's life during a big move. This is part 6 of an extended cinematic universe with new characters and plot twists.,1973
566,Interstellar Rebirth 2,Adventure|Sci-Fi,Explorers travel through a wormhole to save humanity. This is part 5 of an extended cinematic universe with new characters and plot twists.,2003
567,The Social Network Legacy 8,Drama,The founding of Facebook and its legal battles. This is part 5 of an extended cinematic universe with new characters and plot twists.,2005
568,The Shawshank Redemption Returns 7,Drama,"Two imprisoned men bond over years, finding solace and eventual redemption. This is part 1 of an extended cinematic universe with new characters and plot twists.",1986
569,The Green Mile Uprising 1,Drama|Fantasy,A moving prison drama with supernatural elements. This is part 6 of an extended cinematic universe with new characters and plot twists.,2017
570,Parasite Uprising 8,Thriller|Drama,A poor family schemes to become employed by a wealthy household. This is part 1 of an extended cinematic universe with new characters and plot twists.,2013
571,Inception Returns 1,Action|Sci-Fi,A thief who steals corporate secrets through dream-sharing technology. This is part 4 of an extended cinematic universe with new characters and plot twists.,1993
572,The Social Network Saga 8,Drama,The founding of Facebook and its legal battles. This is part 7 of an extended cinematic universe with new characters and plot twists.,2016
573,Parasite Saga 3,Thriller|Drama,A poor family schemes to become employed by a wealthy household. This is part 9 of an extended cinematic universe with new characters and plot twists.,2013
574,Inside Out Eclipse 6,Animation|Family,Emotions guide a young girl's life during a big move. This is part 4 of an extended cinematic universe with new characters and plot twists.,2016
575,Inside Out Legacy 7,Animation|Family,Emotions guide a young girl's life during a big move. This is part 7 of an extended cinematic universe with new characters and plot twists.,2025
576,Inside Out Legacy 5,Animation|Family,Emotions guide a young girl's life during a big move. This is part 5 of an extended cinematic universe with new characters and plot twists.,1975
577,Interstellar Legacy 9,Adventure|Sci-Fi,Explorers travel through a wormhole to save humanity. This is part 1 of an extended cinematic universe with new characters and plot twists.,2007
578,Inside Out Chronicles 6,Animation|Family,Emotions guide a young girl's life during a big move. This is part 2 of an extended cinematic universe with new characters and plot twists.,2002
579,The Godfather Chronicles 7,Crime|Drama,The aging patriarch of an organized crime dynasty transfers control to his son. This is part 2 of an extended cinematic universe with new characters and plot twists.,1993
580,The Green Mile Uprising 9,Drama|Fantasy,A moving prison drama with supernatural elements. This is part 3 of an extended cinematic universe with new characters and plot twists.,1982
581,The Godfather Saga 8,Crime|Drama,The aging patriarch of an organized crime dynasty transfers control to his son. This is part 2 of an extended cinematic universe with new characters and plot twists.,2002
582,The Green Mile Eclipse 6,Drama|Fantasy,A moving prison drama with supernatural elements. This is part 7 of an extended cinematic universe with new characters and plot twists.,2020
583,Interstellar Eclipse 9,Adventure|Sci-Fi,Explorers travel through a wormhole to save humanity. This is part 9 of an extended cinematic universe with new characters and plot twists.,1986
584,The Matrix Chronicles 9,Action|Sci-Fi,A hacker discovers reality is a simulation. This is part 8 of an extended cinematic universe with new characters and plot twists.,2014
585,La La Land Rebirth 1,Drama|Musical,A jazz pianist and actress fall in love in Los Angeles. This is part 4 of an extended cinematic universe with new characters and plot twists.,2022
586,The Green Mile Uprising 6,Drama|Fantasy,A moving prison drama with supernatural elements. This is part 1 of an extended cinematic universe with new characters and plot twists.,1992
587,The Godfather Chronicles 6,Crime|Drama,The aging patriarch of an organized crime dynasty transfers control to his son. This is part 7 of an extended cinematic universe with new characters and plot twists.,1982
588,La La Land Returns 3,Drama|Musical,A jazz pianist and actress fall in love in Los Angeles. This is part 2 of an extended cinematic universe with new characters and plot twists.,2023
589,Inception Reimagined 1,Action|Sci-Fi,A thief who steals corporate secrets through dream-sharing technology. This is part 5 of an extended cinematic universe with new characters and plot twists.,2014
590,Inside Out Odyssey 1,Animation|Family,Emotions guide a young girl's life during a big move. This is part 2 of an extended cinematic universe with new characters and plot twists.,1986
591,Interstellar Eclipse 6,Adventure|Sci-Fi,Explorers travel through a wormhole to save humanity. This is part 4 of an extended cinematic universe with new characters and plot twists.,1971
592,La La Land Rebirth 3,Drama|Musical,A jazz pianist and actress fall in love in Los Angeles. This is part 5 of an extended cinematic universe with new characters and plot twists.,2022
593,Parasite Rebirth 5,Thriller|Drama,A poor family schemes to become employed by a wealthy household. This is part 9 of an extended cinematic universe with new characters and plot twists.,1975
594,The Matrix Uprising 4,Action|Sci-Fi,A hacker discovers reality is a simulation. This is part 9 of an extended cinematic universe with new characters and plot twists.,1997
595,The Social Network Odyssey 2,Drama,The founding of Facebook and its legal battles. This is part 6 of an extended cinematic universe with new characters and plot twists.,2020
596,The Shawshank Redemption Odyssey 7,Drama,"Two imprisoned men bond over years, finding solace and eventual redemption. This is part 3 of an extended cinematic universe with new characters and plot twists.",1979
597,The Shawshank Redemption Rebirth 3,Drama,"Two imprisoned men bond over years, finding solace and eventual redemption. This is part 5 of an extended cinematic universe with new characters and plot twists.",1977
598,La La Land Genesis 9,Drama|Musical,A jazz pianist and actress fall in love in Los Angeles. This is part 9 of an extended cinematic universe with new characters and plot twists.,2014
599,The Social Network Rebirth 7,Drama,The founding of Facebook and its legal battles. This is part 3 of an extended cinematic universe with new characters and plot twists.,2022
600,The Godfather Odyssey 3,Crime|Drama,The aging patriarch of an organized crime dynasty transfers control to his son. This is part 7 of an extended cinematic universe with new characters and plot twists.,1999
601,Inception Uprising 6,Action|Sci-Fi,A thief who steals corporate secrets through dream-sharing technology. This is part 1 of an extended cinematic universe with new characters and plot twists.,2000
602,Inception Returns 5,Action|Sci-Fi,A thief who steals corporate secrets through dream-sharing technology. This is part 8 of an extended cinematic universe with new characters and plot twists.,1975
603,The Godfather Genesis 7,Crime|Drama,The aging patriarch of an organized crime dynasty transfers control to his son. This is part 3 of an extended cinematic universe with new characters and plot twists.,1982
604,The Godfather Genesis 3,Crime|Drama,The aging patriarch of an organized crime dynasty transfers control to his son. This is part 6 of an extended cinematic universe with new characters and plot twists.,1992
605,Interstellar Odyssey 8,Adventure|Sci-Fi,Explorers travel through a wormhole to save humanity. This is part 7 of an extended cinematic universe with new characters and plot twists.,2014
606,Parasite Chronicles 6,Thriller|Drama,A poor family schemes to become employed by a wealthy household. This is part 7 of an extended cinematic universe with new characters and plot twists.,2019
607,The Matrix Returns 6,Action|Sci-Fi,A hacker discovers reality is a simulation. This is part 1 of an extended cinematic universe with new characters and plot twists.,2018
608,The Matrix Genesis 1,Action|Sci-Fi,A hacker discovers reality is a simulation. This is part 6 of an extended cinematic universe with new characters and plot twists.,2005
609,Inception Genesis 1,Action|Sci-Fi,A thief who steals corporate secrets through dream-sharing technology. This is part 2 of an extended cinematic universe with new characters and plot twists.,2019
610,La La Land Chronicles 8,Drama|Musical,A jazz pianist and actress fall in love in Los Angeles. This is part 7 of an extended cinematic universe with new characters and plot twists.,1992
611,Inception Rebirth 8,Action|Sci-Fi,A thief who steals corporate secrets through dream-sharing technology. This is part 3 of an extended cinematic universe with new characters and plot twists.,1996
612,The Godfather Uprising 6,Crime|Drama,The aging patriarch of an organized crime dynasty transfers control to his son. This is part 5 of an extended cinematic universe with new characters and plot twists.,1989
613,The Green Mile Returns 8,Drama|Fantasy,A moving prison drama with supernatural elements. This is part 2 of an extended cinematic universe with new characters and plot twists.,1974
614,Inside Out Genesis 2,Animation|Family,Emotions guide a young girl's life during a big move. This is part 3 of an extended cinematic universe with new characters and plot twists.,2019
615,Interstellar Rebirth 8,Adventure|Sci-Fi,Explorers travel through a wormhole to save humanity. This is part 6 of an extended cinematic universe with new characters and plot twists.,2010
616,The Matrix Rebirth 4,Action|Sci-Fi,A hacker discovers reality is a simulation. This is part 3 of an extended cinematic universe with new characters and plot twists.,1972
617,Interstellar Rebirth 3,Adventure|Sci-Fi,Explorers travel through a wormhole to save humanity. This is part 1 of an extended cinematic universe with new characters and plot twists.,2019
618,The Social Network Rebirth 5,Drama,The founding of Facebook and its legal battles. This is part 3 of an extended cinematic universe with new characters and plot twists.,1997
619,Inside Out Saga 2,Animation|Family,Emotions guide a young girl's life during a big move. This is part 8 of an extended cinematic universe with new characters and plot twists.,2021
620,The Matrix Legacy 6,Action|Sci-Fi,A hacker discovers reality is a simulation. This is part 4 of an extended cinematic universe with new characters and plot twists.,2020
621,Inception Chronicles 3,Action|Sci-Fi,A thief who steals corporate secrets through dream-sharing technology. This is part 3 of an extended cinematic universe with new characters and plot twists.,2025
622,The Shawshank Redemption Reimagined 1,Drama,"Two imprisoned men bond over years, finding solace and eventual redemption. This is part 5 of an extended cinematic universe with new characters and plot twists.",2003
623,The Matrix Odyssey 2,Action|Sci-Fi,A hacker discovers reality is a simulation. This is part 4 of an extended cinematic universe with new characters and plot twists.,1992
624,The Matrix Returns 4,Action|Sci-Fi,A hacker discovers reality is a simulation. This is part 1 of an extended cinematic universe with new characters and plot twists.,1992
625,The Green Mile Odyssey 8,Drama|Fantasy,A moving prison drama with supernatural elements. This is part 5 of an extended cinematic universe with new characters and plot twists.,2014
626,Interstellar Odyssey 2,Adventure|Sci-Fi,Explorers travel through a wormhole to save humanity. This is part 5 of an extended cinematic universe with new characters and plot twists.,1989
627,Inception Rebirth 4,Action|Sci-Fi,A thief who steals corporate secrets through dream-sharing technology. This is part 9 of an extended cinematic universe with new characters and plot twists.,1975
628,The Shawshank Redemption Genesis 6,Drama,"Two imprisoned men bond over years, finding solace and eventual redemption. This is part 8 of an extended cinematic universe with new characters and plot twists.",1987
629,Parasite Odyssey 3,Thriller|Drama,A poor family schemes to become employed by a wealthy household. This is part 5 of an extended cinematic universe with new characters and plot twists.,1994
630,The Shawshank Redemption Odyssey 5,Drama,"Two imprisoned men bond over years, finding solace and eventual redemption. This is part 1 of an extended cinematic universe with new characters and plot twists.",1976
631,Inside Out Reimagined 9,Animation|Family,Emotions guide a young girl's life during a big move. This is part 8 of an extended cinematic universe with new characters and plot twists.,1979
632,Inside Out Reimagined 1,Animation|Family,Emotions guide a young girl's life during a big move. This is part 6 of an extended cinematic universe with new characters and plot twists.,1985
633,Inside Out Legacy 8,Animation|Family,Emotions guide a young girl's life during a big move. This is part 3 of an extended cinematic universe with new characters and plot twists.,1987
634,The Matrix Odyssey 2,Action|Sci-Fi,A hacker discovers reality is a simulation. This is part 3 of an extended cinematic universe with new characters and plot twists.,2023
635,The Godfather Odyssey 1,Crime|Drama,The aging patriarch of an organized crime dynasty transfers control to his son. This is part 1 of an extended cinematic universe with new characters and plot twists.,2018
636,Inception Reimagined 5,Action|Sci-Fi,A thief who steals corporate secrets through dream-sharing technology. This is part 4 of an extended cinematic universe with new characters and plot twists.,1980
637,The Godfather Legacy 3,Crime|Drama,The aging patriarch of an organized crime dynasty transfers control to his son. This is part 5 of an extended cinematic universe with new characters and plot twists.,1987
638,Interstellar Chronicles 1,Adventure|Sci-Fi,Explorers travel through a wormhole to save humanity. This is part 2 of an extended cinematic universe with new characters and plot twists.,2023
639,The Shawshank Redemption Uprising 8,Drama,"Two imprisoned men bond over years, finding solace and eventual redemption. This is part 5 of an extended cinematic universe with new characters and plot twists.",2018
640,The Godfather Eclipse 5,Crime|Drama,The aging patriarch of an organized crime dynasty transfers control to his son. This is part 9 of an extended cinematic universe with new characters and plot twists.,2012
641,The Godfather Returns 1,Crime|Drama,The aging patriarch of an organized crime dynasty transfers control to his son. This is part 6 of an extended cinematic universe with new characters and plot twists.,2009
642,The Social Network Saga 1,Drama,The founding of Facebook and its legal battles. This is part 4 of an extended cinematic universe with new characters and plot twists.,1973
643,The Social Network Legacy 2,Drama,The founding of Facebook and its legal battles. This is part 9 of an extended cinematic universe with new characters and plot twists.,1973
644,Inside Out Saga 2,Animation|Family,Emotions guide a young girl's life during a big move. This is part 6 of an extended cinematic universe with new characters and plot twists.,2015
645,The Godfather Returns 4,Crime|Drama,The aging patriarch of an organized crime dynasty transfers control to his son. This is part 2 of an extended cinematic universe with new characters and plot twists.,2018
646,Parasite Genesis 2,Thriller|Drama,A poor family schemes to become employed by a wealthy household. This is part 9 of an extended cinematic universe with new characters and plot twists.,2006
647,La La Land Returns 3,Drama|Musical,A jazz pianist and actress fall in love in Los Angeles. This is part 1 of an extended cinematic universe with new characters and plot twists.,1992
648,The Matrix Genesis 9,Action|Sci-Fi,A hacker discovers reality is a simulation. This is part 1 of an extended cinematic universe with new characters and plot twists.,2007
649,The Green Mile Returns 6,Drama|Fantasy,A moving prison drama with supernatural elements. This is part 2 of an extended cinematic universe with new characters and plot twists.,2014
650,The Shawshank Redemption Uprising 7,Drama,"Two imprisoned men bond over years, finding solace and eventual redemption. This is part 5 of an extended cinematic universe with new characters and plot twists.",2020
651,The Shawshank Redemption Reimagined 6,Drama,"Two imprisoned men bond over years, finding solace and eventual redemption. This is part 6 of an extended cinematic universe with new characters and plot twists.",1980
652,The Social Network Odyssey 3,Drama,The founding of Facebook and its legal battles. This is part 9 of an extended cinematic universe with new characters and plot twists.,1973
653,La La Land Genesis 7,Drama|Musical,A jazz pianist and actress fall in love in Los Angeles. This is part 1 of an extended cinematic universe with new characters and plot twists.,1971
654,Inside Out Rebirth 4,Animation|Family,Emotions guide a young girl's life during a big move. This is part 8 of an extended cinematic universe with new characters and plot twists.,1978
655,Inception Uprising 7,Action|Sci-Fi,A thief who steals corporate secrets through dream-sharing technology. This is part 1 of an extended cinematic universe with new characters and plot twists.,2024
656,La La Land Eclipse 2,Drama|Musical,A jazz pianist and actress fall in love in Los Angeles. This is part 5 of an extended cinematic universe with new characters and plot twists.,1974
657,The Matrix Saga 8,Action|Sci-Fi,A hacker discovers reality is a simulation. This is part 7 of an extended cinematic universe with new characters and plot twists.,1999
658,The Social Network Returns 6,Drama,The founding of Facebook and its legal battles. This is part 9 of an extended cinematic universe with new characters and plot twists.,2009
659,The Godfather Saga 3,Crime|Drama,The aging patriarch of an organized crime dynasty transfers control to his son. This is part 5 of an extended cinematic universe with new characters and plot twists.,2022
660,Inception Eclipse 3,Action|Sci-Fi,A thief who steals corporate secrets through dream-sharing technology. This is part 7 of an extended cinematic universe with new characters and plot twists.,1981
661,Parasite Reimagined 8,Thriller|Drama,A poor family schemes to become employed by a wealthy household. This is part 3 of an extended cinematic universe with new characters and plot twists.,2005
662,The Green Mile Reimagined 3,Drama|Fantasy,A moving prison drama with supernatural elements. This is part 1 of an extended cinematic universe with new characters and plot twists.,2001
663,The Green Mile Odyssey 6,Drama|Fantasy,A moving prison drama with supernatural elements. This is part 5 of an extended cinematic universe with new characters and plot twists.,2000
664,La La Land Saga 8,Drama|Musical,A jazz pianist and actress fall in love in Los Angeles. This is part 8 of an extended cinematic universe with new characters and plot twists.,2006
665,The Social Network Saga 5,Drama,The founding of Facebook and its legal battles. This is part 9 of an extended cinematic universe with new characters and plot twists.,1970
666,The Godfather Genesis 7,Crime|Drama,The aging patriarch of an organized crime dynasty transfers control to his son. This is part 8 of an extended cinematic universe with new characters and plot twists.,2001
667,The Shawshank Redemption Eclipse 1,Drama,"Two imprisoned men bond over years, finding solace and eventual redemption. This is part 6 of an extended cinematic universe with new characters and plot twists.",2010
668,Parasite Returns 9,Thriller|Drama,A poor family schemes to become employed by a wealthy household. This is part 3 of an extended cinematic universe with new characters and plot twists.,2007
669,The Shawshank Redemption Legacy 8,Drama,"Two imprisoned men bond over years, finding solace and eventual redemption. This is part 8 of an extended cinematic universe with new characters and plot twists.",1987
670,The Green Mile Rebirth 3,Drama|Fantasy,A moving prison drama with supernatural elements. This is part 2 of an extended cinematic universe with new characters and plot twists.,2019
671,The Godfather Chronicles 5,Crime|Drama,The aging patriarch of an organized crime dynasty transfers control to his son. This is part 3 of an extended cinematic universe with new characters and plot twists.,1975
672,The Social Network Legacy 9,Drama,The founding of Facebook and its legal battles. This is part 5 of an extended cinematic universe with new characters and plot twists.,2009
673,Parasite Eclipse 3,Thriller|Drama,A poor family schemes to become employed by a wealthy household. This is part 5 of an extended cinematic universe with new characters and plot twists.,2019
674,The Social Network Eclipse 8,Drama,The founding of Facebook and its legal battles. This is part 9 of an extended cinematic universe with new characters and plot twists.,2013
675,The Matrix Reimagined 9,Action|Sci-Fi,A hacker discovers reality is a simulation. This is part 2 of an extended cinematic universe with new characters and plot twists.,2011
676,The Godfather Eclipse 9,Crime|Drama,The aging patriarch of an organized crime dynasty transfers control to his son. This is part 9 of an extended cinematic universe with new characters and plot twists.,2011
677,The Shawshank Redemption Odyssey 1,Drama,"Two imprisoned men bond over years, finding solace and eventual redemption. This is part 8 of an extended cinematic universe with new characters and plot twists.",1994
678,Parasite Odyssey 8,Thriller|Drama,A poor family schemes to become employed by a wealthy household. This is part 5 of an extended cinematic universe with new characters and plot twists.,1998
679,The Shawshank Redemption Chronicles 1,Drama,"Two imprisoned men bond over years, finding solace and eventual redemption. This is part 9 of an extended cinematic universe with new characters and plot twists.",1991
680,The Shawshank Redemption Chronicles 4,Drama,"Two imprisoned men bond over years, finding solace and eventual redemption. This is part 8 of an extended cinematic universe with new characters and plot twists.",1989
681,The Matrix Eclipse 6,Action|Sci-Fi,A hacker discovers reality is a simulation. This is part 2 of an extended cinematic universe with new characters and plot twists.,2000
682,The Shawshank Redemption Eclipse 1,Drama,"Two imprisoned men bond over years, finding solace and eventual redemption. This is part 8 of an extended cinematic universe with new characters and plot twists.",2010
683,Parasite Genesis 3,Thriller|Drama,A poor family schemes to become employed by a wealthy household. This is part 5 of an extended cinematic universe with new characters and plot twists.,2006
684,The Godfather Odyssey 2,Crime|Drama,The aging patriarch of an organized crime dynasty transfers control to his son. This is part 2 of an extended cinematic universe with new characters and plot twists.,1990
685,The Green Mile Rebirth 2,Drama|Fantasy,A moving prison drama with supernatural elements. This is part 4 of an extended cinematic universe with new characters and plot twists.,2018
686,The Godfather Legacy 9,Crime|Drama,The aging patriarch of an organized crime dynasty transfers control to his son. This is part 7 of an extended cinematic universe with new characters and plot twists.,2004
687,The Green Mile Chronicles 4,Drama|Fantasy,A moving prison drama with supernatural elements. This is part 8 of an extended cinematic universe with new characters and plot twists.,1997
688,Inception Reimagined 6,Action|Sci-Fi,A thief who steals corporate secrets through dream-sharing technology. This is part 5 of an extended cinematic universe with new characters and plot twists.,2018
689,Inside Out Chronicles 4,Animation|Family,Emotions guide a young girl's life during a big move. This is part 5 of an extended cinematic universe with new characters and plot twists.,1976
690,Interstellar Returns 7,Adventure|Sci-Fi,Explorers travel through a wormhole to save humanity. This is part 1 of an extended cinematic universe with new characters and plot twists.,2006
691,Inside Out Rebirth 1,Animation|Family,Emotions guide a young girl's life during a big move. This is part 1 of an extended cinematic universe with new characters and plot twists.,2000
692,The Social Network Chronicles 8,Drama,The founding of Facebook and its legal battles. This is part 8 of an extended cinematic universe with new characters and plot twists.,1980
693,The Green Mile Uprising 2,Drama|Fantasy,A moving prison drama with supernatural elements. This is part 7 of an extended cinematic universe with new characters and plot twists.,1993
694,The Godfather Legacy 1,Crime|Drama,The aging patriarch of an organized crime dynasty transfers control to his son. This is part 8 of an extended cinematic universe with new characters and plot twists.,2022
695,Parasite Genesis 7,Thriller|Drama,A poor family schemes to become employed by a wealthy household. This is part 1 of an extended cinematic universe with new characters and plot twists.,2009
696,Inception Legacy 6,Action|Sci-Fi,A thief who steals corporate secrets through dream-sharing technology. This is part 2 of an extended cinematic universe with new characters and plot twists.,2010
697,Interstellar Legacy 7,Adventure|Sci-Fi,Explorers travel through a wormhole to save humanity. This is part 4 of an extended cinematic universe with new characters and plot twists.,2012
698,The Green Mile Uprising 5,Drama|Fantasy,A moving prison drama with supernatural elements. This is part 4 of an extended cinematic universe with new characters and plot twists.,2013
699,The Matrix Eclipse 1,Action|Sci-Fi,A hacker discovers reality is a simulation. This is part 5 of an extended cinematic universe with new characters and plot twists.,1996
700,La La Land Uprising 5,Drama|Musical,A jazz pianist and actress fall in love in Los Angeles. This is part 9 of an extended cinematic universe with new characters and plot twists.,1998
701,Inception Saga 6,Action|Sci-Fi,A thief who steals corporate secrets through dream-sharing technology. This is part 9 of an extended cinematic universe with new characters and plot twists.,2009
702,The Shawshank Redemption Saga 7,Drama,"Two imprisoned men bond over years, finding solace and eventual redemption. This is part 4 of an extended cinematic universe with new characters and plot twists.",2018
703,Inside Out Genesis 6,Animation|Family,Emotions guide a young girl's life during a big move. This is part 4 of an extended cinematic universe with new characters and plot twists.,2000
704,La La Land Odyssey 9,Drama|Musical,A jazz pianist and actress fall in love in Los Angeles. This is part 4 of an extended cinematic universe with new characters and plot twists.,1998
705,Inception Genesis 4,Action|Sci-Fi,A thief who steals corporate secrets through dream-sharing technology. This is part 6 of an extended cinematic universe with new characters and plot twists.,1995
706,The Green Mile Chronicles 6,Drama|Fantasy,A moving prison drama with supernatural elements. This is part 1 of an extended cinematic universe with new characters and plot twists.,1981
707,Interstellar Rebirth 9,Adventure|Sci-Fi,Explorers travel through a wormhole to save humanity. This is part 9 of an extended cinematic universe with new characters and plot twists.,1996
708,Parasite Genesis 7,Thriller|Drama,A poor family schemes to become employed by a wealthy household. This is part 1 of an extended cinematic universe with new characters and plot twists.,2018
709,The Shawshank Redemption Saga 8,Drama,"Two imprisoned men bond over years, finding solace and eventual redemption. This is part 8 of an extended cinematic universe with new characters and plot twists.",1992
710,La La Land Uprising 4,Drama|Musical,A jazz pianist and actress fall in love in Los Angeles. This is part 1 of an extended cinematic universe with new characters and plot twists.,1986
711,The Green Mile Eclipse 1,Drama|Fantasy,A moving prison drama with supernatural elements. This is part 2 of an extended cinematic universe with new characters and plot twists.,1989
712,Inside Out Chronicles 8,Animation|Family,Emotions guide a young girl's life during a big move. This is part 8 of an extended cinematic universe with new characters and plot twists.,2007
713,The Green Mile Legacy 9,Drama|Fantasy,A moving prison drama with supernatural elements. This is part 2 of an extended cinematic universe with new characters and plot twists.,1993
714,Parasite Chronicles 5,Thriller|Drama,A poor family schemes to become employed by a wealthy household. This is part 2 of an extended cinematic universe with new characters and plot twists.,1999
715,Inside Out Rebirth 5,Animation|Family,Emotions guide a young girl's life during a big move. This is part 8 of an extended cinematic universe with new characters and plot twists.,2003
716,The Godfather Odyssey 4,Crime|Drama,The aging patriarch of an organized crime dynasty transfers control to his son. This is part 6 of an extended cinematic universe with new characters and plot twists.,1980
717,The Social Network Returns 2,Drama,The founding of Facebook and its legal battles. This is part 4 of an extended cinematic universe with new characters and plot twists.,1992
718,The Matrix Legacy 3,Action|Sci-Fi,A hacker discovers reality is a simulation. This is part 4 of an extended cinematic universe with new characters and plot twists.,2013
719,The Shawshank Redemption Eclipse 8,Drama,"Two imprisoned men bond over years, finding solace and eventual redemption. This is part 1 of an extended cinematic universe with new characters and plot twists.",1987
720,The Matrix Legacy 3,Action|Sci-Fi,A hacker discovers reality is a simulation. This is part 6 of an extended cinematic universe with new characters and plot twists.,2008
721,Parasite Returns 3,Thriller|Drama,A poor family schemes to become employed by a wealthy household. This is part 2 of an extended cinematic universe with new characters and plot twists.,2021
722,The Matrix Saga 7,Action|Sci-Fi,A hacker discovers reality is a simulation. This is part 8 of an extended cinematic universe with new characters and plot twists.,1974
723,Interstellar Eclipse 7,Adventure|Sci-Fi,Explorers travel through a wormhole to save humanity. This is part 5 of an extended cinematic universe with new characters and plot twists.,1979
724,The Green Mile Saga 1,Drama|Fantasy,A moving prison drama with supernatural elements. This is part 6 of an extended cinematic universe with new characters and plot twists.,1978
725,Interstellar Reimagined 9,Adventure|Sci-Fi,Explorers travel through a wormhole to save humanity. This is part 4 of an extended cinematic universe with new characters and plot twists.,1982
726,The Shawshank Redemption Uprising 3,Drama,"Two imprisoned men bond over years, finding solace and eventual redemption. This is part 6 of an extended cinematic universe with new characters and plot twists.",1993
727,La La Land Legacy 5,Drama|Musical,A jazz pianist and actress fall in love in Los Angeles. This is part 1 of an extended cinematic universe with new characters and plot twists.,1989
728,The Social Network Odyssey 6,Drama,The founding of Facebook and its legal battles. This is part 4 of an extended cinematic universe with new characters and plot twists.,2019
729,Interstellar Rebirth 7,Adventure|Sci-Fi,Explorers travel through a wormhole to save humanity. This is part 6 of an extended cinematic universe with new characters and plot twists.,2018
730,Parasite Chronicles 8,Thriller|Drama,A poor family schemes to become employed by a wealthy household. This is part 2 of an extended cinematic universe with new characters and plot twists.,1991
731,Inside Out Uprising 3,Animation|Family,Emotions guide a young girl's life during a big move. This is part 1 of an extended cinematic universe with new characters and plot twists.,2014
732,The Matrix Returns 3,Action|Sci-Fi,A hacker discovers reality is a simulation. This is part 4 of an extended cinematic universe with new characters and plot twists.,1995
733,The Green Mile Chronicles 2,Drama|Fantasy,A moving prison drama with supernatural elements. This is part 6 of an extended cinematic universe with new characters and plot twists.,1985
734,The Shawshank Redemption Reimagined 3,Drama,"Two imprisoned men bond over years, finding solace and eventual redemption. This is part 4 of an extended cinematic universe with new characters and plot twists.",2016
735,The Social Network Rebirth 1,Drama,The founding of Facebook and its legal battles. This is part 2 of an extended cinematic universe with new characters and plot twists.,1979
736,Parasite Odyssey 2,Thriller|Drama,A poor family schemes to become employed by a wealthy household. This is part 3 of an extended cinematic universe with new characters and plot twists.,1970
737,The Social Network Reimagined 5,Drama,The founding of Facebook and its legal battles. This is part 5 of an extended cinematic universe with new characters and plot twists.,1980
738,La La Land Legacy 3,Drama|Musical,A jazz pianist and actress fall in love in Los Angeles. This is part 6 of an extended cinematic universe with new characters and plot twists.,2019
739,The Shawshank Redemption Uprising 1,Drama,"Two imprisoned men bond over years, finding solace and eventual redemption. This is part 6 of an extended cinematic universe with new characters and plot twists.",1984
740,The Shawshank Redemption Uprising 1,Drama,"Two imprisoned men bond over years, finding solace and eventual redemption. This is part 5 of an extended cinematic universe with new characters and plot twists.",1988
741,The Green Mile Legacy 2,Drama|Fantasy,A moving prison drama with supernatural elements. This is part 8 of an extended cinematic universe with new characters and plot twists.,2025
742,The Green Mile Reimagined 1,Drama|Fantasy,A moving prison drama with supernatural elements. This is part 4 of an extended cinematic universe with new characters and plot twists.,2022
743,La La Land Odyssey 5,Drama|Musical,A jazz pianist and actress fall in love in Los Angeles. This is part 5 of an extended cinematic universe with new characters and plot twists.,2015
744,La La Land Odyssey 6,Drama|Musical,A jazz pianist and actress fall in love in Los Angeles. This is part 9 of an extended cinematic universe with new characters and plot twists.,1970
745,Parasite Saga 5,Thriller|Drama,A poor family schemes to become employed by a wealthy household. This is part 8 of an extended cinematic universe with new characters and plot twists.,1990
746,Interstellar Chronicles 3,Adventure|Sci-Fi,Explorers travel through a wormhole to save humanity. This is part 9 of an extended cinematic universe with new characters and plot twists.,1994
747,Parasite Chronicles 8,Thriller|Drama,A poor family schemes to become employed by a wealthy household. This is part 5 of an extended cinematic universe with new characters and plot twists.,1991
748,The Green Mile Reimagined 1,Drama|Fantasy,A moving prison drama with supernatural elements. This is part 4 of an extended cinematic universe with new characters and plot twists.,1988
749,Inside Out Reimagined 6,Animation|Family,Emotions guide a young girl's life during a big move. This is part 1 of an extended cinematic universe with new characters and plot twists.,1980
750,The Green Mile Legacy 6,Drama|Fantasy,A moving prison drama with supernatural elements. This is part 8 of an extended cinematic universe with new characters and plot twists.,1979
751,The Godfather Saga 3,Crime|Drama,The aging patriarch of an organized crime dynasty transfers control to his son. This is part 6 of an extended cinematic universe with new characters and plot twists.,1974
752,La La Land Saga 3,Drama|Musical,A jazz pianist and actress fall in love in Los Angeles. This is part 7 of an extended cinematic universe with new characters and plot twists.,2012
753,Interstellar Uprising 4,Adventure|Sci-Fi,Explorers travel through a wormhole to save humanity. This is part 9 of an extended cinematic universe with new characters and plot twists.,2007
754,The Social Network Uprising 6,Drama,The founding of Facebook and its legal battles. This is part 5 of an extended cinematic universe with new characters and plot twists.,1983
755,The Social Network Legacy 4,Drama,The founding of Facebook and its legal battles. This is part 4 of an extended cinematic universe with new characters and plot twists.,1985
756,La La Land Saga 9,Drama|Musical,A jazz pianist and actress fall in love in Los Angeles. This is part 1 of an extended cinematic universe with new characters and plot twists.,2010
757,Interstellar Uprising 7,Adventure|Sci-Fi,Explorers travel through a wormhole to save humanity. This is part 4 of an extended cinematic universe with new characters and plot twists.,1970
758,The Green Mile Reimagined 4,Drama|Fantasy,A moving prison drama with supernatural elements. This is part 2 of an extended cinematic universe with new characters and plot twists.,1977
759,The Social Network Odyssey 4,Drama,The founding of Facebook and its legal battles. This is part 9 of an extended cinematic universe with new characters and plot twists.,1973
760,The Green Mile Chronicles 8,Drama|Fantasy,A moving prison drama with supernatural elements. This is part 7 of an extended cinematic universe with new characters and plot twists.,2025
761,Inception Eclipse 8,Action|Sci-Fi,A thief who steals corporate secrets through dream-sharing technology. This is part 3 of an extended cinematic universe with new characters and plot twists.,2014
762,Parasite Rebirth 4,Thriller|Drama,A poor family schemes to become employed by a wealthy household. This is part 4 of an extended cinematic universe with new characters and plot twists.,2008
763,The Green Mile Chronicles 8,Drama|Fantasy,A moving prison drama with supernatural elements. This is part 3 of an extended cinematic universe with new characters and plot twists.,1985
764,Parasite Rebirth 4,Thriller|Drama,A poor family schemes to become employed by a wealthy household. This is part 3 of an extended cinematic universe with new characters and plot twists.,2007
765,Interstellar Odyssey 3,Adventure|Sci-Fi,Explorers travel through a wormhole to save humanity. This is part 4 of an extended cinematic universe with new characters and plot twists.,2023
766,The Social Network Saga 6,Drama,The founding of Facebook and its legal battles. This is part 5 of an extended cinematic universe with new characters and plot twists.,1987
767,The Godfather Eclipse 8,Crime|Drama,The aging patriarch of an organized crime dynasty transfers control to his son. This is part 7 of an extended cinematic universe with new characters and plot twists.,1994
768,The Matrix Legacy 9,Action|Sci-Fi,A hacker discovers reality is a simulation. This is part 9 of an extended cinematic universe with new characters and plot twists.,2004
769,The Shawshank Redemption Chronicles 8,Drama,"Two imprisoned men bond over years, finding solace and eventual redemption. This is part 3 of an extended cinematic universe with new characters and plot twists.",1985
770,Inception Genesis 7,Action|Sci-Fi,A thief who steals corporate secrets through dream-sharing technology. This is part 6 of an extended cinematic universe with new characters and plot twists.,1971
771,La La Land Rebirth 9,Drama|Musical,A jazz pianist and actress fall in love in Los Angeles. This is part 7 of an extended cinematic universe with new characters and plot twists.,1993
772,The Green Mile Odyssey 9,Drama|Fantasy,A moving prison drama with supernatural elements. This is part 5 of an extended cinematic universe with new characters and plot twists.,1989
773,Parasite Rebirth 9,Thriller|Drama,A poor family schemes to become employed by a wealthy household. This is part 1 of an extended cinematic universe with new characters and plot twists.,1998
774,The Shawshank Redemption Legacy 5,Drama,"Two imprisoned men bond over years, finding solace and eventual redemption. This is part 8 of an extended cinematic universe with new characters and plot twists.",1974
775,The Godfather Rebirth 2,Crime|Drama,The aging patriarch of an organized crime dynasty transfers control to his son. This is part 1 of an extended cinematic universe with new characters and plot twists.,1981
776,The Shawshank Redemption Odyssey 3,Drama,"Two imprisoned men bond over years, finding solace and eventual redemption. This is part 3 of an extended cinematic universe with new characters and plot twists.",1999
777,Parasite Returns 5,Thriller|Drama,A poor family schemes to become employed by a wealthy household. This is part 8 of an extended cinematic universe with new characters and plot twists.,2017
778,The Shawshank Redemption Odyssey 7,Drama,"Two imprisoned men bond over years, finding solace and eventual redemption. This is part 6 of an extended cinematic universe with new characters and plot twists.",1989
779,Parasite Saga 2,Thriller|Drama,A poor family schemes to become employed by a wealthy household. This is part 8 of an extended cinematic universe with new characters and plot twists.,1986
780,The Shawshank Redemption Saga 8,Drama,"Two imprisoned men bond over years, finding solace and eventual redemption. This is part 6 of an extended cinematic universe with new characters and plot twists.",2014
781,The Green Mile Returns 6,Drama|Fantasy,A moving prison drama with supernatural elements. This is part 4 of an extended cinematic universe with new characters and plot twists.,2024
782,The Shawshank Redemption Odyssey 2,Drama,"Two imprisoned men bond over years, finding solace and eventual redemption. This is part 2 of an extended cinematic universe with new characters and plot twists.",1972
783,The Godfather Rebirth 2,Crime|Drama,The aging patriarch of an organized crime dynasty transfers control to his son. This is part 6 of an extended cinematic universe with new characters and plot twists.,2007
784,Inception Genesis 7,Action|Sci-Fi,A thief who steals corporate secrets through dream-sharing technology. This is part 6 of an extended cinematic universe with new characters and plot twists.,1990
785,The Matrix Rebirth 3,Action|Sci-Fi,A hacker discovers reality is a simulation. This is part 6 of an extended cinematic universe with new characters and plot twists.,2013
786,La La Land Chronicles 4,Drama|Musical,A jazz pianist and actress fall in love in Los Angeles. This is part 5 of an extended cinematic universe with new characters and plot twists.,1997
787,Inside Out Odyssey 6,Animation|Family,Emotions guide a young girl's life during a big move. This is part 6 of an extended cinematic universe with new characters and plot twists.,1999
788,Inception Legacy 5,Action|Sci-Fi,A thief who steals corporate secrets through dream-sharing technology. This is part 4 of an extended cinematic universe with new characters and plot twists.,2014
789,The Matrix Genesis 4,Action|Sci-Fi,A hacker discovers reality is a simulation. This is part 2 of an extended cinematic universe with new characters and plot twists.,1990
790,The Matrix Legacy 9,Action|Sci-Fi,A hacker discovers reality is a simulation. This is part 8 of an extended cinematic universe with new characters and plot twists.,1976
791,La La Land Returns 5,Drama|Musical,A jazz pianist and actress fall in love in Los Angeles. This is part 5 of an extended cinematic universe with new characters and plot twists.,1970
792,The Green Mile Rebirth 1,Drama|Fantasy,A moving prison drama with supernatural elements. This is part 6 of an extended cinematic universe with new characters and plot twists.,1991
793,The Green Mile Reimagined 5,Drama|Fantasy,A moving prison drama with supernatural elements. This is part 9 of an extended cinematic universe with new characters and plot twists.,2012
794,Inside Out Genesis 7,Animation|Family,Emotions guide a young girl's life during a big move. This is part 5 of an extended cinematic universe with new characters and plot twists.,1987
795,The Social Network Genesis 8,Drama,The founding of Facebook and its legal battles. This is part 8 of an extended cinematic universe with new characters and plot twists.,1975
796,The Green Mile Genesis 1,Drama|Fantasy,A moving prison drama with supernatural elements. This is part 7 of an extended cinematic universe with new characters and plot twists.,2021
797,The Matrix Eclipse 5,Action|Sci-Fi,A hacker discovers reality is a simulation. This is part 3 of an extended cinematic universe with new characters and plot twists.,2013
798,Inception Returns 1,Action|Sci-Fi,A thief who steals corporate secrets through dream-sharing technology. This is part 7 of an extended cinematic universe with new characters and plot twists.,1984
799,The Social Network Odyssey 9,Drama,The founding of Facebook and its legal battles. This is part 9 of an extended cinematic universe with new characters and plot twists.,1975
800,Inception Rebirth 7,Action|Sci-Fi,A thief who steals corporate secrets through dream-sharing technology. This is part 5 of an extended cinematic universe with new characters and plot twists.,1977
801,Parasite Eclipse 9,Thriller|Drama,A poor family schemes to become employed by a wealthy household. This is part 9 of an extended cinematic universe with new characters and plot twists.,2003
802,Inside Out Uprising 2,Animation|Family,Emotions guide a young girl's life during a big move. This is part 3 of an extended cinematic universe with new characters and plot twists.,2001
803,The Green Mile Chronicles 8,Drama|Fantasy,A moving prison drama with supernatural elements. This is part 3 of an extended cinematic universe with new characters and plot twists.,2012
804,The Social Network Reimagined 2,Drama,The founding of Facebook and its legal battles. This is part 3 of an extended cinematic universe with new characters and plot twists.,2025
805,Inception Odyssey 8,Action|Sci-Fi,A thief who steals corporate secrets through dream-sharing technology. This is part 8 of an extended cinematic universe with new characters and plot twists.,1989
806,Inside Out Odyssey 5,Animation|Family,Emotions guide a young girl's life during a big move. This is part 6 of an extended cinematic universe with new characters and plot twists.,1975
807,Inside Out Reimagined 4,Animation|Family,Emotions guide a young girl's life during a big move. This is part 7 of an extended cinematic universe with new characters and plot twists.,1970
808,The Godfather Chronicles 7,Crime|Drama,The aging patriarch of an organized crime dynasty transfers control to his son. This is part 4 of an extended cinematic universe with new characters and plot twists.,2024
809,The Matrix Saga 8,Action|Sci-Fi,A hacker discovers reality is a simulation. This is part 7 of an extended cinematic universe with new characters and plot twists.,2024
810,The Green Mile Chronicles 5,Drama|Fantasy,A moving prison drama with supernatural elements. This is part 9 of an extended cinematic universe with new characters and plot twists.,1973
811,The Matrix Genesis 6,Action|Sci-Fi,A hacker discovers reality is a simulation. This is part 1 of an extended cinematic universe with new characters and plot twists.,2016
812,Parasite Rebirth 9,Thriller|Drama,A poor family schemes to become employed by a wealthy household. This is part 3 of an extended cinematic universe with new characters and plot twists.,1999
813,La La Land Returns 9,Drama|Musical,A jazz pianist and actress fall in love in Los Angeles. This is part 2 of an extended cinematic universe with new characters and plot twists.,1995
814,La La Land Returns 8,Drama|Musical,A jazz pianist and actress fall in love in Los Angeles. This is part 3 of an extended cinematic universe with new characters and plot twists.,2006
815,The Social Network Legacy 4,Drama,The founding of Facebook and its legal battles. This is part 9 of an extended cinematic universe with new characters and plot twists.,1985
816,Interstellar Legacy 8,Adventure|Sci-Fi,Explorers travel through a wormhole to save humanity. This is part 6 of an extended cinematic universe with new characters and plot twists.,1993
817,La La Land Uprising 6,Drama|Musical,A jazz pianist and actress fall in love in Los Angeles. This is part 6 of an extended cinematic universe with new characters and plot twists.,1970
818,The Green Mile Genesis 3,Drama|Fantasy,A moving prison drama with supernatural elements. This is part 1 of an extended cinematic universe with new characters and plot twists.,1978
819,La La Land Eclipse 8,Drama|Musical,A jazz pianist and actress fall in love in Los Angeles. This is part 8 of an extended cinematic universe with new characters and plot twists.,2002
820,The Matrix Eclipse 6,Action|Sci-Fi,A hacker discovers reality is a simulation. This is part 3 of an extended cinematic universe with new characters and plot twists.,2000
821,The Shawshank Redemption Chronicles 5,Drama,"Two imprisoned men bond over years, finding solace and eventual redemption. This is part 6 of an extended cinematic universe with new characters and plot twists.",1980
822,Inside Out Chronicles 7,Animation|Family,Emotions guide a young girl's life during a big move. This is part 5 of an extended cinematic universe with new characters and plot twists.,2024
823,Inside Out Genesis 3,Animation|Family,Emotions guide a young girl's life during a big move. This is part 7 of an extended cinematic universe with new characters and plot twists.,1971
824,The Shawshank Redemption Odyssey 4,Drama,"Two imprisoned men bond over years, finding solace and eventual redemption. This is part 3 of an extended cinematic universe with new characters and plot twists.",1970
825,The Social Network Legacy 9,Drama,The founding of Facebook and its legal battles. This is part 4 of an extended cinematic universe with new characters and plot twists.,2004
826,La La Land Rebirth 8,Drama|Musical,A jazz pianist and actress fall in love in Los Angeles. This is part 6 of an extended cinematic universe with new characters and plot twists.,1990
827,The Shawshank Redemption Eclipse 4,Drama,"Two imprisoned men bond over years, finding solace and eventual redemption. This is part 6 of an extended cinematic universe with new characters and plot twists.",1999
828,The Social Network Genesis 1,Drama,The founding of Facebook and its legal battles. This is part 8 of an extended cinematic universe with new characters and plot twists.,1995
829,Parasite Odyssey 6,Thriller|Drama,A poor family schemes to become employed by a wealthy household. This is part 2 of an extended cinematic universe with new characters and plot twists.,2022
830,The Shawshank Redemption Reimagined 9,Drama,"Two imprisoned men bond over years, finding solace and eventual redemption. This is part 6 of an extended cinematic universe with new characters and plot twists.",1974
831,La La Land Legacy 2,Drama|Musical,A jazz pianist and actress fall in love in Los Angeles. This is part 9 of an extended cinematic universe with new characters and plot twists.,2022
832,The Social Network Eclipse 2,Drama,The founding of Facebook and its legal battles. This is part 9 of an extended cinematic universe with new characters and plot twists.,1999
833,Inception Uprising 4,Action|Sci-Fi,A thief who steals corporate secrets through dream-sharing technology. This is part 6 of an extended cinematic universe with new characters and plot twists.,1983
834,The Green Mile Chronicles 9,Drama|Fantasy,A moving prison drama with supernatural elements. This is part 9 of an extended cinematic universe with new characters and plot twists.,2025
835,The Matrix Legacy 1,Action|Sci-Fi,A hacker discovers reality is a simulation. This is part 3 of an extended cinematic universe with new characters and plot twists.,1995
836,Inception Rebirth 7,Action|Sci-Fi,A thief who steals corporate secrets through dream-sharing technology. This is part 1 of an extended cinematic universe with new characters and plot twists.,1992
837,The Social Network Legacy 6,Drama,The founding of Facebook and its legal battles. This is part 5 of an extended cinematic universe with new characters and plot twists.,2000
838,La La Land Uprising 5,Drama|Musical,A jazz pianist and actress fall in love in Los Angeles. This is part 2 of an extended cinematic universe with new characters and plot twists.,2021
839,Inside Out Genesis 3,Animation|Family,Emotions guide a young girl's life during a big move. This is part 5 of an extended cinematic universe with new characters and plot twists.,1988
840,Interstellar Odyssey 3,Adventure|Sci-Fi,Explorers travel through a wormhole to save humanity. This is part 4 of an extended cinematic universe with new characters and plot twists.,1978
841,Inside Out Eclipse 7,Animation|Family,Emotions guide a young girl's life during a big move. This is part 6 of an extended cinematic universe with new characters and plot twists.,1982
842,Interstellar Legacy 1,Adventure|Sci-Fi,Explorers travel through a wormhole to save humanity. This is part 5 of an extended cinematic universe with new characters and plot twists.,2018
843,Inside Out Reimagined 4,Animation|Family,Emotions guide a young girl's life during a big move. This is part 6 of an extended cinematic universe with new characters and plot twists.,2020
844,The Shawshank Redemption Genesis 3,Drama,"Two imprisoned men bond over years, finding solace and eventual redemption. This is part 4 of an extended cinematic universe with new characters and plot twists.",1981
845,The Godfather Genesis 6,Crime|Drama,The aging patriarch of an organized crime dynasty transfers control to his son. This is part 8 of an extended cinematic universe with new characters and plot twists.,2008
846,Inside Out Odyssey 1,Animation|Family,Emotions guide a young girl's life during a big move. This is part 2 of an extended cinematic universe with new characters and plot twists.,2016
847,The Social Network Chronicles 8,Drama,The founding of Facebook and its legal battles. This is part 2 of an extended cinematic universe with new characters and plot twists.,1991
848,Interstellar Chronicles 4,Adventure|Sci-Fi,Explorers travel through a wormhole to save humanity. This is part 8 of an extended cinematic universe with new characters and plot twists.,2001
849,Inception Odyssey 3,Action|Sci-Fi,A thief who steals corporate secrets through dream-sharing technology. This is part 4 of an extended cinematic universe with new characters and plot twists.,1971
850,The Social Network Saga 6,Drama,The founding of Facebook and its legal battles. This is part 1 of an extended cinematic universe with new characters and plot twists.,2009
851,Inception Reimagined 2,Action|Sci-Fi,A thief who steals corporate secrets through dream-sharing technology. This is part 5 of an extended cinematic universe with new characters and plot twists.,1992
852,Parasite Reimagined 7,Thriller|Drama,A poor family schemes to become employed by a wealthy household. This is part 6 of an extended cinematic universe with new characters and plot twists.,1978
853,The Matrix Odyssey 3,Action|Sci-Fi,A hacker discovers reality is a simulation. This is part 6 of an extended cinematic universe with new characters and plot twists.,2013
854,Parasite Saga 9,Thriller|Drama,A poor family schemes to become employed by a wealthy household. This is part 4 of an extended cinematic universe with new characters and plot twists.,2014
855,La La Land Uprising 6,Drama|Musical,A jazz pianist and actress fall in love in Los Angeles. This is part 2 of an extended cinematic universe with new characters and plot twists.,1986
856,The Matrix Odyssey 4,Action|Sci-Fi,A hacker discovers reality is a simulation. This is part 9 of an extended cinematic universe with new characters and plot twists.,2019
857,Inside Out Reimagined 5,Animation|Family,Emotions guide a young girl's life during a big move. This is part 5 of an extended cinematic universe with new characters and plot twists.,2001
858,The Matrix Odyssey 7,Action|Sci-Fi,A hacker discovers reality is a simulation. This is part 5 of an extended cinematic universe with new characters and plot twists.,1986
859,The Godfather Chronicles 1,Crime|Drama,The aging patriarch of an organized crime dynasty transfers control to his son. This is part 6 of an extended cinematic universe with new characters and plot twists.,1990
860,The Shawshank Redemption Rebirth 3,Drama,"Two imprisoned men bond over years, finding solace and eventual redemption. This is part 2 of an extended cinematic universe with new characters and plot twists.",1995
861,Inception Rebirth 8,Action|Sci-Fi,A thief who steals corporate secrets through dream-sharing technology. This is part 1 of an extended cinematic universe with new characters and plot twists.,2025
862,The Matrix Legacy 4,Action|Sci-Fi,A hacker discovers reality is a simulation. This is part 5 of an extended cinematic universe with new characters and plot twists.,1998
863,Inception Reimagined 4,Action|Sci-Fi,A thief who steals corporate secrets through dream-sharing technology. This is part 3 of an extended cinematic universe with new characters and plot twists.,1985
864,Inside Out Returns 8,Animation|Family,Emotions guide a young girl's life during a big move. This is part 1 of an extended cinematic universe with new characters and plot twists.,2003
865,The Shawshank Redemption Chronicles 1,Drama,"Two imprisoned men bond over years, finding solace and eventual redemption. This is part 4 of an extended cinematic universe with new characters and plot twists.",1997
866,The Godfather Rebirth 5,Crime|Drama,The aging patriarch of an organized crime dynasty transfers control to his son. This is part 7 of an extended cinematic universe with new characters and plot twists.,1986
867,Inside Out Saga 2,Animation|Family,Emotions guide a young girl's life during a big move. This is part 1 of an extended cinematic universe with new characters and plot twists.,2014
868,The Shawshank Redemption Rebirth 4,Drama,"Two imprisoned men bond over years, finding solace and eventual redemption. This is part 4 of an extended cinematic universe with new characters and plot twists.",1971
869,Inception Odyssey 4,Action|Sci-Fi,A thief who steals corporate secrets through dream-sharing technology. This is part 5 of an extended cinematic universe with new characters and plot twists.,1977
870,The Matrix Uprising 3,Action|Sci-Fi,A hacker discovers reality is a simulation. This is part 2 of an extended cinematic universe with new characters and plot twists.,2009
871,Inside Out Reimagined 4,Animation|Family,Emotions guide a young girl's life during a big move. This is part 5 of an extended cinematic universe with new characters and plot twists.,2003
872,Inside Out Saga 5,Animation|Family,Emotions guide a young girl's life during a big move. This is part 9 of an extended cinematic universe with new characters and plot twists.,2008
873,The Godfather Odyssey 8,Crime|Drama,The aging patriarch of an organized crime dynasty transfers control to his son. This is part 4 of an extended cinematic universe with new characters and plot twists.,2007
874,Inside Out Genesis 9,Animation|Family,Emotions guide a young girl's life during a big move. This is part 5 of an extended cinematic universe with new characters and plot twists.,1998
875,The Green Mile Genesis 7,Drama|Fantasy,A moving prison drama with supernatural elements. This is part 2 of an extended cinematic universe with new characters and plot twists.,2018
876,Interstellar Eclipse 3,Adventure|Sci-Fi,Explorers travel through a wormhole to save humanity. This is part 1 of an extended cinematic universe with new characters and plot twists.,2021
877,The Shawshank Redemption Genesis 9,Drama,"Two imprisoned men bond over years, finding solace and eventual redemption. This is part 1 of an extended cinematic universe with new characters and plot twists.",2023
878,The Godfather Rebirth 2,Crime|Drama,The aging patriarch of an organized crime dynasty transfers control to his son. This is part 9 of an extended cinematic universe with new characters and plot twists.,1997
879,The Shawshank Redemption Rebirth 4,Drama,"Two imprisoned men bond over years, finding solace and eventual redemption. This is part 4 of an extended cinematic universe with new characters and plot twists.",2021
880,Inception Reimagined 1,Action|Sci-Fi,A thief who steals corporate secrets through dream-sharing technology. This is part 1 of an extended cinematic universe with new characters and plot twists.,2002
881,Parasite Saga 6,Thriller|Drama,A poor family schemes to become employed by a wealthy household. This is part 6 of an extended cinematic universe with new characters and plot twists.,2012
882,The Social Network Legacy 9,Drama,The founding of Facebook and its legal battles. This is part 4 of an extended cinematic universe with new characters and plot twists.,1981
883,The Godfather Reimagined 8,Crime|Drama,The aging patriarch of an organized crime dynasty transfers control to his son. This is part 6 of an extended cinematic universe with new characters and plot twists.,1991
884,Parasite Returns 3,Thriller|Drama,A poor family schemes to become employed by a wealthy household. This is part 4 of an extended cinematic universe with new characters and plot twists.,1985
885,Inside Out Rebirth 8,Animation|Family,Emotions guide a young girl's life during a big move. This is part 8 of an extended cinematic universe with new characters and plot twists.,1978
886,Interstellar Genesis 3,Adventure|Sci-Fi,Explorers travel through a wormhole to save humanity. This is part 7 of an extended cinematic universe with new characters and plot twists.,2008
887,Parasite Chronicles 5,Thriller|Drama,A poor family schemes to become employed by a wealthy household. This is part 5 of an extended cinematic universe with new characters and plot twists.,1984
888,Inception Reimagined 8,Action|Sci-Fi,A thief who steals corporate secrets through dream-sharing technology. This is part 8 of an extended cinematic universe with new characters and plot twists.,1977
889,The Matrix Reimagined 7,Action|Sci-Fi,A hacker discovers reality is a simulation. This is part 8 of an extended cinematic universe with new characters and plot twists.,1984
890,The Godfather Genesis 7,Crime|Drama,The aging patriarch of an organized crime dynasty transfers control to his son. This is part 4 of an extended cinematic universe with new characters and plot twists.,1973
891,Inside Out Returns 6,Animation|Family,Emotions guide a young girl's life during a big move. This is part 3 of an extended cinematic universe with new characters and plot twists.,2013
892,Interstellar Odyssey 7,Adventure|Sci-Fi,Explorers travel through a wormhole to save humanity. This is part 1 of an extended cinematic universe with new characters and plot twists.,1996
893,The Matrix Genesis 1,Action|Sci-Fi,A hacker discovers reality is a simulation. This is part 2 of an extended cinematic universe with new characters and plot twists.,2023
894,The Godfather Saga 5,Crime|Drama,The aging patriarch of an organized crime dynasty transfers control to his son. This is part 4 of an extended cinematic universe with new characters and plot twists.,1993
895,La La Land Legacy 5,Drama|Musical,A jazz pianist and actress fall in love in Los Angeles. This is part 6 of an extended cinematic universe with new characters and plot twists.,2010
896,Inside Out Returns 4,Animation|Family,Emotions guide a young girl's life during a big move. This is part 7 of an extended cinematic universe with new characters and plot twists.,1994
897,Parasite Reimagined 2,Thriller|Drama,A poor family schemes to become employed by a wealthy household. This is part 2 of an extended cinematic universe with new characters and plot twists.,2012
898,Parasite Returns 2,Thriller|Drama,A poor family schemes to become employed by a wealthy household. This is part 9 of an extended cinematic universe with new characters and plot twists.,2000
899,Interstellar Legacy 6,Adventure|Sci-Fi,Explorers travel through a wormhole to save humanity. This is part 2 of an extended cinematic universe with new characters and plot twists.,1970
900,Inception Saga 5,Action|Sci-Fi,A thief who steals corporate secrets through dream-sharing technology. This is part 3 of an extended cinematic universe with new characters and plot twists.,2009
901,The Green Mile Legacy 4,Drama|Fantasy,A moving prison drama with supernatural elements. This is part 8 of an extended cinematic universe with new characters and plot twists.,2004
902,Interstellar Genesis 5,Adventure|Sci-Fi,Explorers travel through a wormhole to save humanity. This is part 8 of an extended cinematic universe with new characters and plot twists.,2017
903,The Godfather Genesis 4,Crime|Drama,The aging patriarch of an organized crime dynasty transfers control to his son. This is part 3 of an extended cinematic universe with new characters and plot twists.,1999
904,Inside Out Chronicles 3,Animation|Family,Emotions guide a young girl's life during a big move. This is part 4 of an extended cinematic universe with new characters and plot twists.,1992
905,The Godfather Saga 9,Crime|Drama,The aging patriarch of an organized crime dynasty transfers control to his son. This is part 9 of an extended cinematic universe with new characters and plot twists.,1991
906,The Matrix Rebirth 7,Action|Sci-Fi,A hacker discovers reality is a simulation. This is part 6 of an extended cinematic universe with new characters and plot twists.,2025
907,The Godfather Eclipse 2,Crime|Drama,The aging patriarch of an organized crime dynasty transfers control to his son. This is part 8 of an extended cinematic universe with new characters and plot twists.,2009
908,Inception Uprising 2,Action|Sci-Fi,A thief who steals corporate secrets through dream-sharing technology. This is part 2 of an extended cinematic universe with new characters and plot twists.,2014
909,The Shawshank Redemption Saga 6,Drama,"Two imprisoned men bond over years, finding solace and eventual redemption. This is part 9 of an extended cinematic universe with new characters and plot twists.",1998
910,The Matrix Returns 6,Action|Sci-Fi,A hacker discovers reality is a simulation. This is part 9 of an extended cinematic universe with new characters and plot twists.,1980
911,The Godfather Chronicles 3,Crime|Drama,The aging patriarch of an organized crime dynasty transfers control to his son. This is part 6 of an extended cinematic universe with new characters and plot twists.,2001
912,Interstellar Uprising 4,Adventure|Sci-Fi,Explorers travel through a wormhole to save humanity. This is part 7 of an extended cinematic universe with new characters and plot twists.,1973
913,Interstellar Odyssey 2,Adventure|Sci-Fi,Explorers travel through a wormhole to save humanity. This is part 4 of an extended cinematic universe with new characters and plot twists.,1975
914,The Shawshank Redemption Legacy 6,Drama,"Two imprisoned men bond over years, finding solace and eventual redemption. This is part 5 of an extended cinematic universe with new characters and plot twists.",1992
915,Parasite Legacy 1,Thriller|Drama,A poor family schemes to become employed by a wealthy household. This is part 9 of an extended cinematic universe with new characters and plot twists.,2008
916,The Green Mile Odyssey 2,Drama|Fantasy,A moving prison drama with supernatural elements. This is part 9 of an extended cinematic universe with new characters and plot twists.,1976
917,Inside Out Returns 2,Animation|Family,Emotions guide a young girl's life during a big move. This is part 7 of an extended cinematic universe with new characters and plot twists.,1991
918,The Matrix Returns 8,Action|Sci-Fi,A hacker discovers reality is a simulation. This is part 8 of an extended cinematic universe with new characters and plot twists.,1986
919,The Matrix Returns 4,Action|Sci-Fi,A hacker discovers reality is a simulation. This is part 7 of an extended cinematic universe with new characters and plot twists.,1990
920,Inception Rebirth 7,Action|Sci-Fi,A thief who steals corporate secrets through dream-sharing technology. This is part 4 of an extended cinematic universe with new characters and plot twists.,1975
921,Parasite Odyssey 3,Thriller|Drama,A poor family schemes to become employed by a wealthy household. This is part 8 of an extended cinematic universe with new characters and plot twists.,1982
922,The Godfather Reimagined 7,Crime|Drama,The aging patriarch of an organized crime dynasty transfers control to his son. This is part 8 of an extended cinematic universe with new characters and plot twists.,2004
923,The Green Mile Chronicles 5,Drama|Fantasy,A moving prison drama with supernatural elements. This is part 8 of an extended cinematic universe with new characters and plot twists.,1993
924,The Social Network Genesis 6,Drama,The founding of Facebook and its legal battles. This is part 1 of an extended cinematic universe with new characters and plot twists.,1986
925,The Matrix Rebirth 4,Action|Sci-Fi,A hacker discovers reality is a simulation. This is part 8 of an extended cinematic universe with new characters and plot twists.,1994
926,Parasite Eclipse 9,Thriller|Drama,A poor family schemes to become employed by a wealthy household. This is part 8 of an extended cinematic universe with new characters and plot twists.,1984
927,La La Land Legacy 8,Drama|Musical,A jazz pianist and actress fall in love in Los Angeles. This is part 4 of an extended cinematic universe with new characters and plot twists.,2024
928,Inside Out Rebirth 6,Animation|Family,Emotions guide a young girl's life during a big move. This is part 6 of an extended cinematic universe with new characters and plot twists.,1981
929,The Social Network Eclipse 4,Drama,The founding of Facebook and its legal battles. This is part 9 of an extended cinematic universe with new characters and plot twists.,2023
930,The Social Network Rebirth 1,Drama,The founding of Facebook and its legal battles. This is part 8 of an extended cinematic universe with new characters and plot twists.,2002
931,Inception Returns 2,Action|Sci-Fi,A thief who steals corporate secrets through dream-sharing technology. This is part 2 of an extended cinematic universe with new characters and plot twists.,1980
932,The Matrix Odyssey 7,Action|Sci-Fi,A hacker discovers reality is a simulation. This is part 3 of an extended cinematic universe with new characters and plot twists.,2018
933,Inside Out Rebirth 8,Animation|Family,Emotions guide a young girl's life during a big move. This is part 3 of an extended cinematic universe with new characters and plot twists.,1984
934,Inside Out Returns 5,Animation|Family,Emotions guide a young girl's life during a big move. This is part 5 of an extended cinematic universe with new characters and plot twists.,2016
935,Inside Out Returns 6,Animation|Family,Emotions guide a young girl's life during a big move. This is part 7 of an extended cinematic universe with new characters and plot twists.,1979
936,The Social Network Chronicles 4,Drama,The founding of Facebook and its legal battles. This is part 8 of an extended cinematic universe with new characters and plot twists.,1970
937,Inception Chronicles 7,Action|Sci-Fi,A thief who steals corporate secrets through dream-sharing technology. This is part 5 of an extended cinematic universe with new characters and plot twists.,2024
938,La La Land Genesis 1,Drama|Musical,A jazz pianist and actress fall in love in Los Angeles. This is part 2 of an extended cinematic universe with new characters and plot twists.,2014
939,Inception Uprising 7,Action|Sci-Fi,A thief who steals corporate secrets through dream-sharing technology. This is part 7 of an extended cinematic universe with new characters and plot twists.,2024
940,Interstellar Odyssey 8,Adventure|Sci-Fi,Explorers travel through a wormhole to save humanity. This is part 1 of an extended cinematic universe with new characters and plot twists.,2023
941,Inside Out Rebirth 2,Animation|Family,Emotions guide a young girl's life during a big move. This is part 4 of an extended cinematic universe with new characters and plot twists.,1992
942,The Shawshank Redemption Genesis 9,Drama,"Two imprisoned men bond over years, finding solace and eventual redemption. This is part 5 of an extended cinematic universe with new characters and plot twists.",1991
943,The Green Mile Returns 8,Drama|Fantasy,A moving prison drama with supernatural elements. This is part 4 of an extended cinematic universe with new characters and plot twists.,1987
944,La La Land Returns 3,Drama|Musical,A jazz pianist and actress fall in love in Los Angeles. This is part 2 of an extended cinematic universe with new characters and plot twists.,2001
945,The Godfather Chronicles 5,Crime|Drama,The aging patriarch of an organized crime dynasty transfers control to his son. This is part 7 of an extended cinematic universe with new characters and plot twists.,1985
946,Inception Odyssey 6,Action|Sci-Fi,A thief who steals corporate secrets through dream-sharing technology. This is part 5 of an extended cinematic universe with new characters and plot twists.,2003
947,The Matrix Chronicles 3,Action|Sci-Fi,A hacker discovers reality is a simulation. This is part 3 of an extended cinematic universe with new characters and plot twists.,1979
948,Inception Reimagined 4,Action|Sci-Fi,A thief who steals corporate secrets through dream-sharing technology. This is part 7 of an extended cinematic universe with new characters and plot twists.,2015
949,Interstellar Genesis 7,Adventure|Sci-Fi,Explorers travel through a wormhole to save humanity. This is part 8 of an extended cinematic universe with new characters and plot twists.,2018
950,Parasite Genesis 2,Thriller|Drama,A poor family schemes to become employed by a wealthy household. This is part 5 of an extended cinematic universe with new characters and plot twists.,1974
951,The Social Network Eclipse 9,Drama,The founding of Facebook and its legal battles. This is part 1 of an extended cinematic universe with new characters and plot twists.,2014
952,Parasite Legacy 4,Thriller|Drama,A poor family schemes to become employed by a wealthy household. This is part 7 of an extended cinematic universe with new characters and plot twists.,2021
953,The Shawshank Redemption Legacy 1,Drama,"Two imprisoned men bond over years, finding solace and eventual redemption. This is part 7 of an extended cinematic universe with new characters and plot twists.",1985
954,The Green Mile Reimagined 1,Drama|Fantasy,A moving prison drama with supernatural elements. This is part 7 of an extended cinematic universe with new characters and plot twists.,1983
955,The Matrix Chronicles 6,Action|Sci-Fi,A hacker discovers reality is a simulation. This is part 1 of an extended cinematic universe with new characters and plot twists.,1981
956,Parasite Reimagined 6,Thriller|Drama,A poor family schemes to become employed by a wealthy household. This is part 7 of an extended cinematic universe with new characters and plot twists.,1971
957,Interstellar Chronicles 1,Adventure|Sci-Fi,Explorers travel through a wormhole to save humanity. This is part 7 of an extended cinematic universe with new characters and plot twists.,1989
958,Parasite Eclipse 5,Thriller|Drama,A poor family schemes to become employed by a wealthy household. This is part 2 of an extended cinematic universe with new characters and plot twists.,1992
959,Inception Reimagined 6,Action|Sci-Fi,A thief who steals corporate secrets through dream-sharing technology. This is part 2 of an extended cinematic universe with new characters and plot twists.,2021
960,The Matrix Chronicles 4,Action|Sci-Fi,A hacker discovers reality is a simulation. This is part 4 of an extended cinematic universe with new characters and plot twists.,1983
961,The Social Network Legacy 4,Drama,The founding of Facebook and its legal battles. This is part 2 of an extended cinematic universe with new characters and plot twists.,2004
962,La La Land Saga 6,Drama|Musical,A jazz pianist and actress fall in love in Los Angeles. This is part 6 of an extended cinematic universe with new characters and plot twists.,1996
963,The Social Network Reimagined 5,Drama,The founding of Facebook and its legal battles. This is part 6 of an extended cinematic universe with new characters and plot twists.,2000
964,La La Land Odyssey 7,Drama|Musical,A jazz pianist and actress fall in love in Los Angeles. This is part 5 of an extended cinematic universe with new characters and plot twists.,2007
965,The Matrix Legacy 2,Action|Sci-Fi,A hacker discovers reality is a simulation. This is part 2 of an extended cinematic universe with new characters and plot twists.,1973
966,Parasite Chronicles 1,Thriller|Drama,A poor family schemes to become employed by a wealthy household. This is part 8 of an extended cinematic universe with new characters and plot twists.,1975
967,Interstellar Returns 1,Adventure|Sci-Fi,Explorers travel through a wormhole to save humanity. This is part 7 of an extended cinematic universe with new characters and plot twists.,2023
968,Interstellar Uprising 7,Adventure|Sci-Fi,Explorers travel through a wormhole to save humanity. This is part 7 of an extended cinematic universe with new characters and plot twists.,1972
969,The Godfather Legacy 5,Crime|Drama,The aging patriarch of an organized crime dynasty transfers control to his son. This is part 8 of an extended cinematic universe with new characters and plot twists.,2011
970,Parasite Saga 3,Thriller|Drama,A poor family schemes to become employed by a wealthy household. This is part 7 of an extended cinematic universe with new characters and plot twists.,1983
971,Inside Out Uprising 7,Animation|Family,Emotions guide a young girl's life during a big move. This is part 3 of an extended cinematic universe with new characters and plot twists.,2015
972,Inside Out Uprising 9,Animation|Family,Emotions guide a young girl's life during a big move. This is part 6 of an extended cinematic universe with new characters and plot twists.,1985
973,The Shawshank Redemption Legacy 4,Drama,"Two imprisoned men bond over years, finding solace and eventual redemption. This is part 9 of an extended cinematic universe with new characters and plot twists.",1996
974,Interstellar Reimagined 2,Adventure|Sci-Fi,Explorers travel through a wormhole to save humanity. This is part 5 of an extended cinematic universe with new characters and plot twists.,1978
975,Inside Out Chronicles 6,Animation|Family,Emotions guide a young girl's life during a big move. This is part 5 of an extended cinematic universe with new characters and plot twists.,1996
976,Parasite Odyssey 5,Thriller|Drama,A poor family schemes to become employed by a wealthy household. This is part 4 of an extended cinematic universe with new characters and plot twists.,1985
977,The Social Network Genesis 1,Drama,The founding of Facebook and its legal battles. This is part 9 of an extended cinematic universe with new characters and plot twists.,1977
978,La La Land Saga 5,Drama|Musical,A jazz pianist and actress fall in love in Los Angeles. This is part 6 of an extended cinematic universe with new characters and plot twists.,2003
979,Inception Saga 8,Action|Sci-Fi,A thief who steals corporate secrets through dream-sharing technology. This is part 7 of an extended cinematic universe with new characters and plot twists.,1992
980,The Godfather Returns 6,Crime|Drama,The aging patriarch of an organized crime dynasty transfers control to his son. This is part 8 of an extended cinematic universe with new characters and plot twists.,1975
981,The Shawshank Redemption Genesis 9,Drama,"Two imprisoned men bond over years, finding solace and eventual redemption. This is part 8 of an extended cinematic universe with new characters and plot twists.",2018
982,The Social Network Odyssey 2,Drama,The founding of Facebook and its legal battles. This is part 5 of an extended cinematic universe with new characters and plot twists.,2009
983,The Green Mile Uprising 6,Drama|Fantasy,A moving prison drama with supernatural elements. This is part 8 of an extended cinematic universe with new characters and plot twists.,2003
984,The Matrix Rebirth 9,Action|Sci-Fi,A hacker discovers reality is a simulation. This is part 2 of an extended cinematic universe with new characters and plot twists.,2011
985,The Shawshank Redemption Uprising 1,Drama,"Two imprisoned men bond over years, finding solace and eventual redemption. This is part 2 of an extended cinematic universe with new characters and plot twists.",2003
986,Interstellar Legacy 2,Adventure|Sci-Fi,Explorers travel through a wormhole to save humanity. This is part 5 of an extended cinematic universe with new characters and plot twists.,2016
987,Parasite Legacy 4,Thriller|Drama,A poor family schemes to become employed by a wealthy household. This is part 4 of an extended cinematic universe with new characters and plot twists.,1999
988,The Green Mile Eclipse 8,Drama|Fantasy,A moving prison drama with supernatural elements. This is part 9 of an extended cinematic universe with new characters and plot twists.,2002
989,Inception Saga 6,Action|Sci-Fi,A thief who steals corporate secrets through dream-sharing technology. This is part 1 of an extended cinematic universe with new characters and plot twists.,2023
990,La La Land Returns 3,Drama|Musical,A jazz pianist and actress fall in love in Los Angeles. This is part 5 of an extended cinematic universe with new characters and plot twists.,2005
991,The Godfather Returns 5,Crime|Drama,The aging patriarch of an organized crime dynasty transfers control to his son. This is part 3 of an extended cinematic universe with new characters and plot twists.,2018
992,The Social Network Odyssey 3,Drama,The founding of Facebook and its legal battles. This is part 8 of an extended cinematic universe with new characters and plot twists.,1975
993,The Godfather Eclipse 4,Crime|Drama,The aging patriarch of an organized crime dynasty transfers control to his son. This is part 4 of an extended cinematic universe with new characters and plot twists.,1997
994,The Green Mile Legacy 1,Drama|Fantasy,A moving prison drama with supernatural elements. This is part 5 of an extended cinematic universe with new characters and plot twists.,1998
995,Inception Eclipse 8,Action|Sci-Fi,A thief who steals corporate secrets through dream-sharing technology. This is part 9 of an extended cinematic universe with new characters and plot twists.,1983
996,Interstellar Eclipse 5,Adventure|Sci-Fi,Explorers travel through a wormhole to save humanity. This is part 6 of an extended cinematic universe with new characters and plot twists.,2024
997,Inside Out Genesis 4,Animation|Family,Emotions guide a young girl's life during a big move. This is part 5 of an extended cinematic universe with new characters and plot twists.,1978
998,Inception Legacy 7,Action|Sci-Fi,A thief who steals corporate secrets through dream-sharing technology. This is part 2 of an extended cinematic universe with new characters and plot twists.,2022
999,The Shawshank Redemption Returns 9,Drama,"Two imprisoned men bond over years, finding solace and eventual redemption. This is part 1 of an extended cinematic universe with new characters and plot twists.",2023
1000,Parasite Chronicles 3,Thriller|Drama,A poor family schemes to become employed by a wealthy household. This is part 2 of an extended cinematic universe with new characters and plot twists.,1979
1001,Interstellar Legacy 4,Adventure|Sci-Fi,Explorers travel through a wormhole to save humanity. This is part 1 of an extended cinematic universe with new characters and plot twists.,2017
1002,The Shawshank Redemption Legacy 3,Drama,"Two imprisoned men bond over years, finding solace and eventual redemption. This is part 2 of an extended cinematic universe with new characters and plot twists.",1976
1003,The Green Mile Eclipse 7,Drama|Fantasy,A moving prison drama with supernatural elements. This is part 1 of an extended cinematic universe with new characters and plot twists.,1994
1004,The Godfather Eclipse 8,Crime|Drama,The aging patriarch of an organized crime dynasty transfers control to his son. This is part 7 of an extended cinematic universe with new characters and plot twists.,2017
1005,Inception Odyssey 4,Action|Sci-Fi,A thief who steals corporate secrets through dream-sharing technology. This is part 8 of an extended cinematic universe with new characters and plot twists.,2005
1006,The Green Mile Saga 2,Drama|Fantasy,A moving prison drama with supernatural elements. This is part 2 of an extended cinematic universe with new characters and plot twists.,2018
1007,Parasite Genesis 8,Thriller|Drama,A poor family schemes to become employed by a wealthy household. This is part 2 of an extended cinematic universe with new characters and plot twists.,1981
1008,Inception Odyssey 6,Action|Sci-Fi,A thief who steals corporate secrets through dream-sharing technology. This is part 2 of an extended cinematic universe with new characters and plot twists.,2024
1009,Interstellar Eclipse 8,Adventure|Sci-Fi,Explorers travel through a wormhole to save humanity. This is part 3 of an extended cinematic universe with new characters and plot twists.,1994
1010,Parasite Saga 1,Thriller|Drama,A poor family schemes to become employed by a wealthy household. This is part 9 of an extended cinematic universe with new characters and plot twists.,1974
1011,The Social Network Uprising 8,Drama,The founding of Facebook and its legal battles. This is part 4 of an extended cinematic universe with new characters and plot twists.,1983
1012,The Godfather Odyssey 6,Crime|Drama,The aging patriarch of an organized crime dynasty transfers control to his son. This is part 1 of an extended cinematic universe with new characters and plot twists.,1999
1013,Interstellar Chronicles 6,Adventure|Sci-Fi,Explorers travel through a wormhole to save humanity. This is part 8 of an extended cinematic universe with new characters and plot twists.,1980
1014,The Shawshank Redemption Returns 4,Drama,"Two imprisoned men bond over years, finding solace and eventual redemption. This is part 2 of an extended cinematic universe with new characters and plot twists.",1976
1015,The Shawshank Redemption Odyssey 8,Drama,"Two imprisoned men bond over years, finding solace and eventual redemption. This is part 1 of an extended cinematic universe with new characters and plot twists.",1985
1016,The Shawshank Redemption Chronicles 3,Drama,"Two imprisoned men bond over years, finding solace and eventual redemption. This is part 4 of an extended cinematic universe with new characters and plot twists.",1977
1017,The Social Network Legacy 8,Drama,The founding of Facebook and its legal battles. This is part 9 of an extended cinematic universe with new characters and plot twists.,2020
1018,The Shawshank Redemption Eclipse 5,Drama,"Two imprisoned men bond over years, finding solace and eventual redemption. This is part 2 of an extended cinematic universe with new characters and plot twists.",2007
1019,Inception Odyssey 5,Action|Sci-Fi,A thief who steals corporate secrets through dream-sharing technology. This is part 4 of an extended cinematic universe with new characters and plot twists.,1992
1020,La La Land Genesis 7,Drama|Musical,A jazz pianist and actress fall in love in Los Angeles. This is part 9 of an extended cinematic universe with new characters and plot twists.,1995
1021,The Green Mile Saga 3,Drama|Fantasy,A moving prison drama with supernatural elements. This is part 2 of an extended cinematic universe with new characters and plot twists.,2010
1022,Interstellar Chronicles 1,Adventure|Sci-Fi,Explorers travel through a wormhole to save humanity. This is part 2 of an extended cinematic universe with new characters and plot twists.,1975
1023,La La Land Rebirth 3,Drama|Musical,A jazz pianist and actress fall in love in Los Angeles. This is part 4 of an extended cinematic universe with new characters and plot twists.,1981
1024,The Godfather Eclipse 3,Crime|Drama,The aging patriarch of an organized crime dynasty transfers control to his son. This is part 7 of an extended cinematic universe with new characters and plot twists.,1995
1025,La La Land Reimagined 9,Drama|Musical,A jazz pianist and actress fall in love in Los Angeles. This is part 4 of an extended cinematic universe with new characters and plot twists.,1995
1026,The Godfather Saga 7,Crime|Drama,The aging patriarch of an organized crime dynasty transfers control to his son. This is part 8 of an extended cinematic universe with new characters and plot twists.,2000
1027,The Godfather Reimagined 7,Crime|Drama,The aging patriarch of an organized crime dynasty transfers control to his son. This is part 9 of an extended cinematic universe with new characters and plot twists.,2007
1028,The Godfather Odyssey 5,Crime|Drama,The aging patriarch of an organized crime dynasty transfers control to his son. This is part 6 of an extended cinematic universe with new characters and plot twists.,2025
1029,Inside Out Eclipse 9,Animation|Family,Emotions guide a young girl's life during a big move. This is part 4 of an extended cinematic universe with new characters and plot twists.,1997
1030,Inside Out Odyssey 1,Animation|Family,Emotions guide a young girl's life during a big move. This is part 5 of an extended cinematic universe with new characters and plot twists.,1995
1031,The Green Mile Odyssey 8,Drama|Fantasy,A moving prison drama with supernatural elements. This is part 2 of an extended cinematic universe with new characters and plot twists.,1991
1032,The Matrix Returns 7,Action|Sci-Fi,A hacker discovers reality is a simulation. This is part 3 of an extended cinematic universe with new characters and plot twists.,2018
1033,Parasite Rebirth 9,Thriller|Drama,A poor family schemes to become employed by a wealthy household. This is part 4 of an extended cinematic universe with new characters and plot twists.,2018
1034,The Social Network Legacy 4,Drama,The founding of Facebook and its legal battles. This is part 9 of an extended cinematic universe with new characters and plot twists.,2023
1035,The Godfather Eclipse 2,Crime|Drama,The aging patriarch of an organized crime dynasty transfers control to his son. This is part 5 of an extended cinematic universe with new characters and plot twists.,1993
1036,The Godfather Genesis 2,Crime|Drama,The aging patriarch of an organized crime dynasty transfers control to his son. This is part 2 of an extended cinematic universe with new characters and plot twists.,1982
1037,The Matrix Legacy 9,Action|Sci-Fi,A hacker discovers reality is a simulation. This is part 5 of an extended cinematic universe with new characters and plot twists.,1999
1038,Inside Out Odyssey 9,Animation|Family,Emotions guide a young girl's life during a big move. This is part 6 of an extended cinematic universe with new characters and plot twists.,1992
1039,The Green Mile Eclipse 9,Drama|Fantasy,A moving prison drama with supernatural elements. This is part 8 of an extended cinematic universe with new characters and plot twists.,1991
1040,The Matrix Uprising 9,Action|Sci-Fi,A hacker discovers reality is a simulation. This is part 7 of an extended cinematic universe with new characters and plot twists.,2024
1041,The Shawshank Redemption Reimagined 5,Drama,"Two imprisoned men bond over years, finding solace and eventual redemption. This is part 1 of an extended cinematic universe with new characters and plot twists.",1998
1042,The Matrix Genesis 1,Action|Sci-Fi,A hacker discovers reality is a simulation. This is part 9 of an extended cinematic universe with new characters and plot twists.,2015
1043,The Social Network Uprising 3,Drama,The founding of Facebook and its legal battles. This is part 6 of an extended cinematic universe with new characters and plot twists.,1994
1044,Inception Returns 5,Action|Sci-Fi,A thief who steals corporate secrets through dream-sharing technology. This is part 4 of an extended cinematic universe with new characters and plot twists.,1987
1045,La La Land Eclipse 9,Drama|Musical,A jazz pianist and actress fall in love in Los Angeles. This is part 4 of an extended cinematic universe with new characters and plot twists.,1988
1046,La La Land Rebirth 1,Drama|Musical,A jazz pianist and actress fall in love in Los Angeles. This is part 4 of an extended cinematic universe with new characters and plot twists.,2011
1047,The Godfather Chronicles 8,Crime|Drama,The aging patriarch of an organized crime dynasty transfers control to his son. This is part 1 of an extended cinematic universe with new characters and plot twists.,1978
1048,The Social Network Reimagined 9,Drama,The founding of Facebook and its legal battles. This is part 9 of an extended cinematic universe with new characters and plot twists.,1997
1049,Inside Out Genesis 1,Animation|Family,Emotions guide a young girl's life during a big move. This is part 4 of an extended cinematic universe with new characters and plot twists.,2013
1050,The Matrix Legacy 9,Action|Sci-Fi,A hacker discovers reality is a simulation. This is part 6 of an extended cinematic universe with new characters and plot twists.,1988
1051,La La Land Returns 5,Drama|Musical,A jazz pianist and actress fall in love in Los Angeles. This is part 5 of an extended cinematic universe with new characters and plot twists.,2002
1052,Inception Saga 6,Action|Sci-Fi,A thief who steals corporate secrets through dream-sharing technology. This is part 7 of an extended cinematic universe with new characters and plot twists.,1977
1053,La La Land Legacy 8,Drama|Musical,A jazz pianist and actress fall in love in Los Angeles. This is part 1 of an extended cinematic universe with new characters and plot twists.,2011
1054,The Godfather Reimagined 1,Crime|Drama,The aging patriarch of an organized crime dynasty transfers control to his son. This is part 6 of an extended cinematic universe with new characters and plot twists.,2010
1055,The Matrix Chronicles 4,Action|Sci-Fi,A hacker discovers reality is a simulation. This is part 4 of an extended cinematic universe with new characters and plot twists.,1994
1056,La La Land Uprising 5,Drama|Musical,A jazz pianist and actress fall in love in Los Angeles. This is part 6 of an extended cinematic universe with new characters and plot twists.,2000
1057,La La Land Genesis 5,Drama|Musical,A jazz pianist and actress fall in love in Los Angeles. This is part 4 of an extended cinematic universe with new characters and plot twists.,1991
1058,La La Land Genesis 9,Drama|Musical,A jazz pianist and actress fall in love in Los Angeles. This is part 5 of an extended cinematic universe with new characters and plot twists.,1992
1059,Parasite Genesis 7,Thriller|Drama,A poor family schemes to become employed by a wealthy household. This is part 5 of an extended cinematic universe with new characters and plot twists.,1982
1060,The Green Mile Chronicles 7,Drama|Fantasy,A moving prison drama with supernatural elements. This is part 9 of an extended cinematic universe with new characters and plot twists.,2018
1061,La La Land Rebirth 6,Drama|Musical,A jazz pianist and actress fall in love in Los Angeles. This is part 7 of an extended cinematic universe with new characters and plot twists.,1975
1062,The Matrix Legacy 9,Action|Sci-Fi,A hacker discovers reality is a simulation. This is part 9 of an extended cinematic universe with new characters and plot twists.,2015
1063,The Shawshank Redemption Uprising 2,Drama,"Two imprisoned men bond over years, finding solace and eventual redemption. This is part 1 of an extended cinematic universe with new characters and plot twists.",2024
1064,The Godfather Returns 7,Crime|Drama,The aging patriarch of an organized crime dynasty transfers control to his son. This is part 7 of an extended cinematic universe with new characters and plot twists.,2012
1065,The Matrix Rebirth 6,Action|Sci-Fi,A hacker discovers reality is a simulation. This is part 6 of an extended cinematic universe with new characters and plot twists.,1999
1066,The Godfather Returns 9,Crime|Drama,The aging patriarch of an organized crime dynasty transfers control to his son. This is part 4 of an extended cinematic universe with new characters and plot twists.,2019
1067,The Godfather Rebirth 5,Crime|Drama,The aging patriarch of an organized crime dynasty transfers control to his son. This is part 2 of an extended cinematic universe with new characters and plot twists.,2016
1068,Inception Odyssey 1,Action|Sci-Fi,A thief who steals corporate secrets through dream-sharing technology. This is part 6 of an extended cinematic universe with new characters and plot twists.,2002
1069,The Green Mile Saga 3,Drama|Fantasy,A moving prison drama with supernatural elements. This is part 5 of an extended cinematic universe with new characters and plot twists.,2024
1070,The Godfather Genesis 1,Crime|Drama,The aging patriarch of an organized crime dynasty transfers control to his son. This is part 4 of an extended cinematic universe with new characters and plot twists.,2004
1071,The Godfather Uprising 1,Crime|Drama,The aging patriarch of an organized crime dynasty transfers control to his son. This is part 4 of an extended cinematic universe with new characters and plot twists.,1992
1072,Interstellar Odyssey 5,Adventure|Sci-Fi,Explorers travel through a wormhole to save humanity. This is part 8 of an extended cinematic universe with new characters and plot twists.,2017
1073,La La Land Genesis 9,Drama|Musical,A jazz pianist and actress fall in love in Los Angeles. This is part 3 of an extended cinematic universe with new characters and plot twists.,1990
1074,Inception Chronicles 8,Action|Sci-Fi,A thief who steals corporate secrets through dream-sharing technology. This is part 1 of an extended cinematic universe with new characters and plot twists.,1996
1075,The Shawshank Redemption Uprising 3,Drama,"Two imprisoned men bond over years, finding solace and eventual redemption. This is part 4 of an extended cinematic universe with new characters and plot twists.",1992
1076,Inside Out Odyssey 5,Animation|Family,Emotions guide a young girl's life during a big move. This is part 6 of an extended cinematic universe with new characters and plot twists.,2024
1077,The Shawshank Redemption Reimagined 9,Drama,"Two imprisoned men bond over years, finding solace and eventual redemption. This is part 4 of an extended cinematic universe with new characters and plot twists.",1988
1078,La La Land Genesis 1,Drama|Musical,A jazz pianist and actress fall in love in Los Angeles. This is part 3 of an extended cinematic universe with new characters and plot twists.,1981
1079,Inside Out Chronicles 2,Animation|Family,Emotions guide a young girl's life during a big move. This is part 8 of an extended cinematic universe with new characters and plot twists.,1991
1080,The Shawshank Redemption Legacy 4,Drama,"Two imprisoned men bond over years, finding solace and eventual redemption. This is part 2 of an extended cinematic universe with new characters and plot twists.",1990
1081,Inside Out Returns 3,Animation|Family,Emotions guide a young girl's life during a big move. This is part 4 of an extended cinematic universe with new characters and plot twists.,2007
1082,La La Land Genesis 7,Drama|Musical,A jazz pianist and actress fall in love in Los Angeles. This is part 2 of an extended cinematic universe with new characters and plot twists.,1977
1083,The Social Network Eclipse 4,Drama,The founding of Facebook and its legal battles. This is part 6 of an extended cinematic universe with new characters and plot twists.,1998
1084,Inside Out Legacy 3,Animation|Family,Emotions guide a young girl's life during a big move. This is part 7 of an extended cinematic universe with new characters and plot twists.,2024
1085,Inception Returns 4,Action|Sci-Fi,A thief who steals corporate secrets through dream-sharing technology. This is part 1 of an extended cinematic universe with new characters and plot twists.,2024
1086,La La Land Reimagined 1,Drama|Musical,A jazz pianist and actress fall in love in Los Angeles. This is part 1 of an extended cinematic universe with new characters and plot twists.,2001
1087,The Shawshank Redemption Uprising 6,Drama,"Two imprisoned men bond over years, finding solace and eventual redemption. This is part 5 of an extended cinematic universe with new characters and plot twists.",2014
1088,La La Land Reimagined 2,Drama|Musical,A jazz pianist and actress fall in love in Los Angeles. This is part 4 of an extended cinematic universe with new characters and plot twists.,2002
1089,The Social Network Rebirth 6,Drama,The founding of Facebook and its legal battles. This is part 9 of an extended cinematic universe with new characters and plot twists.,2005
1090,La La Land Eclipse 8,Drama|Musical,A jazz pianist and actress fall in love in Los Angeles. This is part 9 of an extended cinematic universe with new characters and plot twists.,1983
1091,La La Land Legacy 3,Drama|Musical,A jazz pianist and actress fall in love in Los Angeles. This is part 9 of an extended cinematic universe with new characters and plot twists.,2014
1092,The Shawshank Redemption Uprising 8,Drama,"Two imprisoned men bond over years, finding solace and eventual redemption. This is part 7 of an extended cinematic universe with new characters and plot twists.",2004
1093,The Godfather Odyssey 5,Crime|Drama,The aging patriarch of an organized crime dynasty transfers control to his son. This is part 8 of an extended cinematic universe with new characters and plot twists.,1976
1094,Inception Reimagined 8,Action|Sci-Fi,A thief who steals corporate secrets through dream-sharing technology. This is part 9 of an extended cinematic universe with new characters and plot twists.,2016
1095,The Shawshank Redemption Eclipse 3,Drama,"Two imprisoned men bond over years, finding solace and eventual redemption. This is part 5 of an extended cinematic universe with new characters and plot twists.",1971
1096,Inception Returns 1,Action|Sci-Fi,A thief who steals corporate secrets through dream-sharing technology. This is part 1 of an extended cinematic universe with new characters and plot twists.,1989
1097,The Matrix Odyssey 1,Action|Sci-Fi,A hacker discovers reality is a simulation. This is part 1 of an extended cinematic universe with new characters and plot twists.,1973
1098,Inception Eclipse 7,Action|Sci-Fi,A thief who steals corporate secrets through dream-sharing technology. This is part 4 of an extended cinematic universe with new characters and plot twists.,1970
1099,Parasite Rebirth 4,Thriller|Drama,A poor family schemes to become employed by a wealthy household. This is part 8 of an extended cinematic universe with new characters and plot twists.,2000
1100,The Social Network Genesis 2,Drama,The founding of Facebook and its legal battles. This is part 6 of an extended cinematic universe with new characters and plot twists.,2023
1101,The Godfather Chronicles 1,Crime|Drama,The aging patriarch of an organized crime dynasty transfers control to his son. This is part 9 of an extended cinematic universe with new characters and plot twists.,1976
1102,Parasite Reimagined 9,Thriller|Drama,A poor family schemes to become employed by a wealthy household. This is part 9 of an extended cinematic universe with new characters and plot twists.,2017
1103,La La Land Legacy 4,Drama|Musical,A jazz pianist and actress fall in love in Los Angeles. This is part 2 of an extended cinematic universe with new characters and plot twists.,1978
1104,The Green Mile Rebirth 1,Drama|Fantasy,A moving prison drama with supernatural elements. This is part 8 of an extended cinematic universe with new characters and plot twists.,1983
1105,The Social Network Legacy 4,Drama,The founding of Facebook and its legal battles. This is part 1 of an extended cinematic universe with new characters and plot twists.,2018
1106,The Shawshank Redemption Uprising 4,Drama,"Two imprisoned men bond over years, finding solace and eventual redemption. This is part 2 of an extended cinematic universe with new characters and plot twists.",2003
1107,The Matrix Saga 4,Action|Sci-Fi,A hacker discovers reality is a simulation. This is part 8 of an extended cinematic universe with new characters and plot twists.,1984
1108,Inside Out Rebirth 1,Animation|Family,Emotions guide a young girl's life during a big move. This is part 5 of an extended cinematic universe with new characters and plot twists.,2018
1109,The Green Mile Returns 2,Drama|Fantasy,A moving prison drama with supernatural elements. This is part 9 of an extended cinematic universe with new characters and plot twists.,2025
1110,Interstellar Odyssey 5,Adventure|Sci-Fi,Explorers travel through a wormhole to save humanity. This is part 3 of an extended cinematic universe with new characters and plot twists.,1971
1111,The Godfather Genesis 6,Crime|Drama,The aging patriarch of an organized crime dynasty transfers control to his son. This is part 3 of an extended cinematic universe with new characters and plot twists.,1973
1112,The Shawshank Redemption Saga 7,Drama,"Two imprisoned men bond over years, finding solace and eventual redemption. This is part 1 of an extended cinematic universe with new characters and plot twists.",2011
1113,The Shawshank Redemption Rebirth 4,Drama,"Two imprisoned men bond over years, finding solace and eventual redemption. This is part 6 of an extended cinematic universe with new characters and plot twists.",1971
1114,The Godfather Chronicles 1,Crime|Drama,The aging patriarch of an organized crime dynasty transfers control to his son. This is part 2 of an extended cinematic universe with new characters and plot twists.,1987
1115,La La Land Eclipse 9,Drama|Musical,A jazz pianist and actress fall in love in Los Angeles. This is part 7 of an extended cinematic universe with new characters and plot twists.,2004
1116,Parasite Legacy 6,Thriller|Drama,A poor family schemes to become employed by a wealthy household. This is part 6 of an extended cinematic universe with new characters and plot twists.,2020
1117,Inside Out Reimagined 4,Animation|Family,Emotions guide a young girl's life during a big move. This is part 1 of an extended cinematic universe with new characters and plot twists.,1995
1118,The Green Mile Reimagined 8,Drama|Fantasy,A moving prison drama with supernatural elements. This is part 5 of an extended cinematic universe with new characters and plot twists.,2015
1119,Interstellar Rebirth 6,Adventure|Sci-Fi,Explorers travel through a wormhole to save humanity. This is part 2 of an extended cinematic universe with new characters and plot twists.,2013
1120,Parasite Uprising 6,Thriller|Drama,A poor family schemes to become employed by a wealthy household. This is part 7 of an extended cinematic universe with new characters and plot twists.,1981
1121,The Social Network Rebirth 6,Drama,The founding of Facebook and its legal battles. This is part 4 of an extended cinematic universe with new characters and plot twists.,1994
1122,The Godfather Chronicles 6,Crime|Drama,The aging patriarch of an organized crime dynasty transfers control to his son. This is part 3 of an extended cinematic universe with new characters and plot twists.,1985
1123,Inception Rebirth 9,Action|Sci-Fi,A thief who steals corporate secrets through dream-sharing technology. This is part 7 of an extended cinematic universe with new characters and plot twists.,2021
1124,Interstellar Legacy 8,Adventure|Sci-Fi,Explorers travel through a wormhole to save humanity. This is part 8 of an extended cinematic universe with new characters and plot twists.,2016
1125,The Green Mile Returns 8,Drama|Fantasy,A moving prison drama with supernatural elements. This is part 3 of an extended cinematic universe with new characters and plot twists.,2011
1126,The Social Network Odyssey 3,Drama,The founding of Facebook and its legal battles. This is part 8 of an extended cinematic universe with new characters and plot twists.,1981
1127,The Green Mile Genesis 4,Drama|Fantasy,A moving prison drama with supernatural elements. This is part 6 of an extended cinematic universe with new characters and plot twists.,1976
1128,The Social Network Legacy 2,Drama,The founding of Facebook and its legal battles. This is part 8 of an extended cinematic universe with new characters and plot twists.,1973
1129,Parasite Reimagined 7,Thriller|Drama,A poor family schemes to become employed by a wealthy household. This is part 3 of an extended cinematic universe with new characters and plot twists.,2003
1130,The Godfather Reimagined 9,Crime|Drama,The aging patriarch of an organized crime dynasty transfers control to his son. This is part 1 of an extended cinematic universe with new characters and plot twists.,1993
1131,Parasite Reimagined 8,Thriller|Drama,A poor family schemes to become employed by a wealthy household. This is part 1 of an extended cinematic universe with new characters and plot twists.,1997
1132,Inside Out Saga 3,Animation|Family,Emotions guide a young girl's life during a big move. This is part 1 of an extended cinematic universe with new characters and plot twists.,1971
1133,The Shawshank Redemption Legacy 7,Drama,"Two imprisoned men bond over years, finding solace and eventual redemption. This is part 5 of an extended cinematic universe with new characters and plot twists.",1987
1134,The Social Network Reimagined 5,Drama,The founding of Facebook and its legal battles. This is part 9 of an extended cinematic universe with new characters and plot twists.,2009
1135,Interstellar Saga 1,Adventure|Sci-Fi,Explorers travel through a wormhole to save humanity. This is part 1 of an extended cinematic universe with new characters and plot twists.,2000
1136,The Godfather Returns 3,Crime|Drama,The aging patriarch of an organized crime dynasty transfers control to his son. This is part 8 of an extended cinematic universe with new characters and plot twists.,1974
1137,La La Land Uprising 5,Drama|Musical,A jazz pianist and actress fall in love in Los Angeles. This is part 2 of an extended cinematic universe with new characters and plot twists.,2002
1138,Interstellar Saga 5,Adventure|Sci-Fi,Explorers travel through a wormhole to save humanity. This is part 5 of an extended cinematic universe with new characters and plot twists.,2008
1139,The Godfather Chronicles 2,Crime|Drama,The aging patriarch of an organized crime dynasty transfers control to his son. This is part 3 of an extended cinematic universe with new characters and plot twists.,2017
1140,Parasite Chronicles 4,Thriller|Drama,A poor family schemes to become employed by a wealthy household. This is part 2 of an extended cinematic universe with new characters and plot twists.,1986
1141,The Shawshank Redemption Legacy 5,Drama,"Two imprisoned men bond over years, finding solace and eventual redemption. This is part 2 of an extended cinematic universe with new characters and plot twists.",1984
1142,The Social Network Reimagined 6,Drama,The founding of Facebook and its legal battles. This is part 2 of an extended cinematic universe with new characters and plot twists.,1989
1143,The Social Network Rebirth 9,Drama,The founding of Facebook and its legal battles. This is part 8 of an extended cinematic universe with new characters and plot twists.,1973
1144,The Matrix Saga 7,Action|Sci-Fi,A hacker discovers reality is a simulation. This is part 6 of an extended cinematic universe with new characters and plot twists.,1975
1145,The Godfather Legacy 1,Crime|Drama,The aging patriarch of an organized crime dynasty transfers control to his son. This is part 1 of an extended cinematic universe with new characters and plot twists.,2000
1146,The Matrix Rebirth 1,Action|Sci-Fi,A hacker discovers reality is a simulation. This is part 5 of an extended cinematic universe with new characters and plot twists.,2009
1147,Parasite Returns 1,Thriller|Drama,A poor family schemes to become employed by a wealthy household. This is part 4 of an extended cinematic universe with new characters and plot twists.,1997
1148,Inside Out Saga 6,Animation|Family,Emotions guide a young girl's life during a big move. This is part 2 of an extended cinematic universe with new characters and plot twists.,2012
1149,The Shawshank Redemption Chronicles 5,Drama,"Two imprisoned men bond over years, finding solace and eventual redemption. This is part 5 of an extended cinematic universe with new characters and plot twists.",1978
1150,Interstellar Odyssey 9,Adventure|Sci-Fi,Explorers travel through a wormhole to save humanity. This is part 3 of an extended cinematic universe with new characters and plot twists.,2023
1151,The Green Mile Genesis 7,Drama|Fantasy,A moving prison drama with supernatural elements. This is part 8 of an extended cinematic universe with new characters and plot twists.,1976
1152,The Social Network Reimagined 3,Drama,The founding of Facebook and its legal battles. This is part 6 of an extended cinematic universe with new characters and plot twists.,1985
1153,The Matrix Reimagined 1,Action|Sci-Fi,A hacker discovers reality is a simulation. This is part 1 of an extended cinematic universe with new characters and plot twists.,1998
1154,Interstellar Chronicles 6,Adventure|Sci-Fi,Explorers travel through a wormhole to save humanity. This is part 4 of an extended cinematic universe with new characters and plot twists.,2020
1155,The Green Mile Genesis 1,Drama|Fantasy,A moving prison drama with supernatural elements. This is part 1 of an extended cinematic universe with new characters and plot twists.,1996
1156,The Matrix Odyssey 5,Action|Sci-Fi,A hacker discovers reality is a simulation. This is part 5 of an extended cinematic universe with new characters and plot twists.,2012
1157,La La Land Chronicles 1,Drama|Musical,A jazz pianist and actress fall in love in Los Angeles. This is part 5 of an extended cinematic universe with new characters and plot twists.,2019
1158,The Social Network Eclipse 8,Drama,The founding of Facebook and its legal battles. This is part 3 of an extended cinematic universe with new characters and plot twists.,2008
1159,Interstellar Rebirth 3,Adventure|Sci-Fi,Explorers travel through a wormhole to save humanity. This is part 5 of an extended cinematic universe with new characters and plot twists.,1985
1160,La La Land Returns 2,Drama|Musical,A jazz pianist and actress fall in love in Los Angeles. This is part 4 of an extended cinematic universe with new characters and plot twists.,1975
1161,Parasite Genesis 6,Thriller|Drama,A poor family schemes to become employed by a wealthy household. This is part 5 of an extended cinematic universe with new characters and plot twists.,2021
1162,The Godfather Rebirth 8,Crime|Drama,The aging patriarch of an organized crime dynasty transfers control to his son. This is part 6 of an extended cinematic universe with new characters and plot twists.,1993
1163,The Shawshank Redemption Saga 3,Drama,"Two imprisoned men bond over years, finding solace and eventual redemption. This is part 4 of an extended cinematic universe with new characters and plot twists.",1992
1164,Parasite Genesis 4,Thriller|Drama,A poor family schemes to become employed by a wealthy household. This is part 9 of an extended cinematic universe with new characters and plot twists.,1990
1165,Interstellar Genesis 4,Adventure|Sci-Fi,Explorers travel through a wormhole to save humanity. This is part 6 of an extended cinematic universe with new characters and plot twists.,2013
1166,Inception Rebirth 2,Action|Sci-Fi,A thief who steals corporate secrets through dream-sharing technology. This is part 5 of an extended cinematic universe with new characters and plot twists.,1978
1167,Inside Out Rebirth 3,Animation|Family,Emotions guide a young girl's life during a big move. This is part 6 of an extended cinematic universe with new characters and plot twists.,2011
1168,La La Land Returns 4,Drama|Musical,A jazz pianist and actress fall in love in Los Angeles. This is part 4 of an extended cinematic universe with new characters and plot twists.,2005
1169,Inside Out Rebirth 1,Animation|Family,Emotions guide a young girl's life during a big move. This is part 1 of an extended cinematic universe with new characters and plot twists.,2015
1170,The Green Mile Legacy 7,Drama|Fantasy,A moving prison drama with supernatural elements. This is part 7 of an extended cinematic universe with new characters and plot twists.,2009
1171,The Matrix Legacy 5,Action|Sci-Fi,A hacker discovers reality is a simulation. This is part 7 of an extended cinematic universe with new characters and plot twists.,1980
1172,Inception Odyssey 7,Action|Sci-Fi,A thief who steals corporate secrets through dream-sharing technology. This is part 9 of an extended cinematic universe with new characters and plot twists.,2024
1173,The Shawshank Redemption Saga 2,Drama,"Two imprisoned men bond over years, finding solace and eventual redemption. This is part 3 of an extended cinematic universe with new characters and plot twists.",1997
1174,La La Land Reimagined 5,Drama|Musical,A jazz pianist and actress fall in love in Los Angeles. This is part 4 of an extended cinematic universe with new characters and plot twists.,2021
1175,Parasite Legacy 6,Thriller|Drama,A poor family schemes to become employed by a wealthy household. This is part 9 of an extended cinematic universe with new characters and plot twists.,1995
1176,Interstellar Legacy 1,Adventure|Sci-Fi,Explorers travel through a wormhole to save humanity. This is part 3 of an extended cinematic universe with new characters and plot twists.,1975
1177,The Matrix Saga 5,Action|Sci-Fi,A hacker discovers reality is a simulation. This is part 6 of an extended cinematic universe with new characters and plot twists.,1998
1178,Inside Out Returns 7,Animation|Family,Emotions guide a young girl's life during a big move. This is part 8 of an extended cinematic universe with new characters and plot twists.,2012
1179,The Godfather Returns 9,Crime|Drama,The aging patriarch of an organized crime dynasty transfers control to his son. This is part 7 of an extended cinematic universe with new characters and plot twists.,1989
1180,Parasite Reimagined 9,Thriller|Drama,A poor family schemes to become employed by a wealthy household. This is part 1 of an extended cinematic universe with new characters and plot twists.,1977
1181,The Godfather Chronicles 8,Crime|Drama,The aging patriarch of an organized crime dynasty transfers control to his son. This is part 1 of an extended cinematic universe with new characters and plot twists.,2023
1182,The Shawshank Redemption Odyssey 5,Drama,"Two imprisoned men bond over years, finding solace and eventual redemption. This is part 1 of an extended cinematic universe with new characters and plot twists.",1981
1183,Parasite Odyssey 2,Thriller|Drama,A poor family schemes to become employed by a wealthy household. This is part 5 of an extended cinematic universe with new characters and plot twists.,1993
1184,Inside Out Chronicles 6,Animation|Family,Emotions guide a young girl's life during a big move. This is part 3 of an extended cinematic universe with new characters and plot twists.,1977
1185,Interstellar Rebirth 6,Adventure|Sci-Fi,Explorers travel through a wormhole to save humanity. This is part 3 of an extended cinematic universe with new characters and plot twists.,1983
1186,The Social Network Legacy 2,Drama,The founding of Facebook and its legal battles. This is part 9 of an extended cinematic universe with new characters and plot twists.,1980
1187,Interstellar Odyssey 6,Adventure|Sci-Fi,Explorers travel through a wormhole to save humanity. This is part 2 of an extended cinematic universe with new characters and plot twists.,1986
1188,The Green Mile Returns 8,Drama|Fantasy,A moving prison drama with supernatural elements. This is part 5 of an extended cinematic universe with new characters and plot twists.,1974
1189,Interstellar Chronicles 8,Adventure|Sci-Fi,Explorers travel through a wormhole to save humanity. This is part 4 of an extended cinematic universe with new characters and plot twists.,1979
1190,Parasite Chronicles 6,Thriller|Drama,A poor family schemes to become employed by a wealthy household. This is part 3 of an extended cinematic universe with new characters and plot twists.,2002
1191,The Shawshank Redemption Genesis 1,Drama,"Two imprisoned men bond over years, finding solace and eventual redemption. This is part 9 of an extended cinematic universe with new characters and plot twists.",2013
1192,Inside Out Saga 2,Animation|Family,Emotions guide a young girl's life during a big move. This is part 5 of an extended cinematic universe with new characters and plot twists.,1995
1193,La La Land Saga 7,Drama|Musical,A jazz pianist and actress fall in love in Los Angeles. This is part 9 of an extended cinematic universe with new characters and plot twists.,1991
1194,The Green Mile Genesis 5,Drama|Fantasy,A moving prison drama with supernatural elements. This is part 9 of an extended cinematic universe with new characters and plot twists.,1991
1195,The Shawshank Redemption Returns 8,Drama,"Two imprisoned men bond over years, finding solace and eventual redemption. This is part 8 of an extended cinematic universe with new characters and plot twists.",2023
1196,Inside Out Eclipse 8,Animation|Family,Emotions guide a young girl's life during a big move. This is part 8 of an extended cinematic universe with new characters and plot twists.,1976
1197,The Social Network Returns 2,Drama,The founding of Facebook and its legal battles. This is part 5 of an extended cinematic universe with new characters and plot twists.,1984
1198,The Shawshank Redemption Uprising 7,Drama,"Two imprisoned men bond over years, finding solace and eventual redemption. This is part 2 of an extended cinematic universe with new characters and plot twists.",2011
1199,The Green Mile Legacy 7,Drama|Fantasy,A moving prison drama with supernatural elements. This is part 3 of an extended cinematic universe with new characters and plot twists.,1989
1200,The Green Mile Returns 4,Drama|Fantasy,A moving prison drama with supernatural elements. This is part 4 of an extended cinematic universe with new characters and plot twists.,1992
1201,Parasite Eclipse 9,Thriller|Drama,A poor family schemes to become employed by a wealthy household. This is part 7 of an extended cinematic universe with new characters and plot twists.,2008
1202,Parasite Saga 1,Thriller|Drama,A poor family schemes to become employed by a wealthy household. This is part 1 of an extended cinematic universe with new characters and plot twists.,2009
1203,La La Land Odyssey 2,Drama|Musical,A jazz pianist and actress fall in love in Los Angeles. This is part 7 of an extended cinematic universe with new characters and plot twists.,1986
1204,The Matrix Chronicles 5,Action|Sci-Fi,A hacker discovers reality is a simulation. This is part 4 of an extended cinematic universe with new characters and plot twists.,1987
1205,Parasite Chronicles 8,Thriller|Drama,A poor family schemes to become employed by a wealthy household. This is part 3 of an extended cinematic universe with new characters and plot twists.,1982
1206,The Green Mile Odyssey 9,Drama|Fantasy,A moving prison drama with supernatural elements. This is part 4 of an extended cinematic universe with new characters and plot twists.,2013
1207,The Matrix Saga 1,Action|Sci-Fi,A hacker discovers reality is a simulation. This is part 9 of an extended cinematic universe with new characters and plot twists.,1989
1208,Parasite Legacy 6,Thriller|Drama,A poor family schemes to become employed by a wealthy household. This is part 5 of an extended cinematic universe with new characters and plot twists.,1983
1209,The Matrix Uprising 8,Action|Sci-Fi,A hacker discovers reality is a simulation. This is part 9 of an extended cinematic universe with new characters and plot twists.,1971
1210,The Matrix Odyssey 8,Action|Sci-Fi,A hacker discovers reality is a simulation. This is part 2 of an extended cinematic universe with new characters and plot twists.,2000
1211,La La Land Reimagined 4,Drama|Musical,A jazz pianist and actress fall in love in Los Angeles. This is part 3 of an extended cinematic universe with new characters and plot twists.,2018
1212,The Social Network Reimagined 3,Drama,The founding of Facebook and its legal battles. This is part 7 of an extended cinematic universe with new characters and plot twists.,2005
1213,The Godfather Legacy 2,Crime|Drama,The aging patriarch of an organized crime dynasty transfers control to his son. This is part 8 of an extended cinematic universe with new characters and plot twists.,1982
1214,The Social Network Returns 3,Drama,The founding of Facebook and its legal battles. This is part 6 of an extended cinematic universe with new characters and plot twists.,1979
1215,The Godfather Eclipse 5,Crime|Drama,The aging patriarch of an organized crime dynasty transfers control to his son. This is part 3 of an extended cinematic universe with new characters and plot twists.,1993
1216,The Matrix Returns 7,Action|Sci-Fi,A hacker discovers reality is a simulation. This is part 2 of an extended cinematic universe with new characters and plot twists.,2021
1217,La La Land Saga 2,Drama|Musical,A jazz pianist and actress fall in love in Los Angeles. This is part 5 of an extended cinematic universe with new characters and plot twists.,2000
1218,Parasite Odyssey 7,Thriller|Drama,A poor family schemes to become employed by a wealthy household. This is part 3 of an extended cinematic universe with new characters and plot twists.,2020
1219,The Social Network Reimagined 2,Drama,The founding of Facebook and its legal battles. This is part 2 of an extended cinematic universe with new characters and plot twists.,1978
1220,The Green Mile Odyssey 4,Drama|Fantasy,A moving prison drama with supernatural elements. This is part 2 of an extended cinematic universe with new characters and plot twists.,2009
1221,Inception Saga 6,Action|Sci-Fi,A thief who steals corporate secrets through dream-sharing technology. This is part 2 of an extended cinematic universe with new characters and plot twists.,1993
1222,Inception Rebirth 2,Action|Sci-Fi,A thief who steals corporate secrets through dream-sharing technology. This is part 5 of an extended cinematic universe with new characters and plot twists.,1992
1223,La La Land Eclipse 2,Drama|Musical,A jazz pianist and actress fall in love in Los Angeles. This is part 9 of an extended cinematic universe with new characters and plot twists.,2007
1224,The Godfather Eclipse 2,Crime|Drama,The aging patriarch of an organized crime dynasty transfers control to his son. This is part 4 of an extended cinematic universe with new characters and plot twists.,2001
1225,Interstellar Eclipse 3,Adventure|Sci-Fi,Explorers travel through a wormhole to save humanity. This is part 6 of an extended cinematic universe with new characters and plot twists.,1986
1226,The Godfather Genesis 9,Crime|Drama,The aging patriarch of an organized crime dynasty transfers control to his son. This is part 1 of an extended cinematic universe with new characters and plot twists.,2016
1227,Inception Reimagined 3,Action|Sci-Fi,A thief who steals corporate secrets through dream-sharing technology. This is part 7 of an extended cinematic universe with new characters and plot twists.,1971
1228,Interstellar Uprising 5,Adventure|Sci-Fi,Explorers travel through a wormhole to save humanity. This is part 6 of an extended cinematic universe with new characters and plot twists.,1998
1229,Interstellar Legacy 3,Adventure|Sci-Fi,Explorers travel through a wormhole to save humanity. This is part 9 of an extended cinematic universe with new characters and plot twists.,2017
1230,Parasite Uprising 4,Thriller|Drama,A poor family schemes to become employed by a wealthy household. This is part 4 of an extended cinematic universe with new characters and plot twists.,1982
1231,Parasite Odyssey 4,Thriller|Drama,A poor family schemes to become employed by a wealthy household. This is part 1 of an extended cinematic universe with new characters and plot twists.,2023
1232,The Green Mile Returns 9,Drama|Fantasy,A moving prison drama with supernatural elements. This is part 3 of an extended cinematic universe with new characters and plot twists.,2014
1233,Inside Out Returns 1,Animation|Family,Emotions guide a young girl's life during a big move. This is part 1 of an extended cinematic universe with new characters and plot twists.,2008
1234,Parasite Uprising 3,Thriller|Drama,A poor family schemes to become employed by a wealthy household. This is part 4 of an extended cinematic universe with new characters and plot twists.,2006
1235,The Shawshank Redemption Eclipse 4,Drama,"Two imprisoned men bond over years, finding solace and eventual redemption. This is part 7 of an extended cinematic universe with new characters and plot twists.",1975
1236,Inside Out Returns 5,Animation|Family,Emotions guide a young girl's life during a big move. This is part 8 of an extended cinematic universe with new characters and plot twists.,2014
1237,The Green Mile Chronicles 5,Drama|Fantasy,A moving prison drama with supernatural elements. This is part 9 of an extended cinematic universe with new characters and plot twists.,1982
1238,The Matrix Saga 4,Action|Sci-Fi,A hacker discovers reality is a simulation. This is part 2 of an extended cinematic universe with new characters and plot twists.,1995
1239,Parasite Odyssey 2,Thriller|Drama,A poor family schemes to become employed by a wealthy household. This is part 4 of an extended cinematic universe with new characters and plot twists.,1998
1240,The Social Network Chronicles 1,Drama,The founding of Facebook and its legal battles. This is part 6 of an extended cinematic universe with new characters and plot twists.,1996
1241,Parasite Genesis 8,Thriller|Drama,A poor family schemes to become employed by a wealthy household. This is part 8 of an extended cinematic universe with new characters and plot twists.,1992
1242,Inside Out Saga 6,Animation|Family,Emotions guide a young girl's life during a big move. This is part 1 of an extended cinematic universe with new characters and plot twists.,2014
1243,Interstellar Uprising 5,Adventure|Sci-Fi,Explorers travel through a wormhole to save humanity. This is part 2 of an extended cinematic universe with new characters and plot twists.,1977
1244,The Godfather Saga 7,Crime|Drama,The aging patriarch of an organized crime dynasty transfers control to his son. This is part 6 of an extended cinematic universe with new characters and plot twists.,2015
1245,Inception Rebirth 8,Action|Sci-Fi,A thief who steals corporate secrets through dream-sharing technology. This is part 1 of an extended cinematic universe with new characters and plot twists.,2020
1246,The Shawshank Redemption Legacy 1,Drama,"Two imprisoned men bond over years, finding solace and eventual redemption. This is part 3 of an extended cinematic universe with new characters and plot twists.",2009
1247,Interstellar Saga 3,Adventure|Sci-Fi,Explorers travel through a wormhole to save humanity. This is part 7 of an extended cinematic universe with new characters and plot twists.,2012
1248,Interstellar Returns 5,Adventure|Sci-Fi,Explorers travel through a wormhole to save humanity. This is part 4 of an extended cinematic universe with new characters and plot twists.,1996
1249,The Social Network Odyssey 6,Drama,The founding of Facebook and its legal battles. This is part 6 of an extended cinematic universe with new characters and plot twists.,1973
1250,The Social Network Returns 4,Drama,The founding of Facebook and its legal battles. This is part 1 of an extended cinematic universe with new characters and plot twists.,2004
1251,The Matrix Returns 8,Action|Sci-Fi,A hacker discovers reality is a simulation. This is part 8 of an extended cinematic universe with new characters and plot twists.,2017
1252,Interstellar Genesis 9,Adventure|Sci-Fi,Explorers travel through a wormhole to save humanity. This is part 3 of an extended cinematic universe with new characters and plot twists.,1973
1253,The Godfather Rebirth 2,Crime|Drama,The aging patriarch of an organized crime dynasty transfers control to his son. This is part 7 of an extended cinematic universe with new characters and plot twists.,1972
1254,Interstellar Rebirth 9,Adventure|Sci-Fi,Explorers travel through a wormhole to save humanity. This is part 1 of an extended cinematic universe with new characters and plot twists.,1996
1255,The Shawshank Redemption Saga 2,Drama,"Two imprisoned men bond over years, finding solace and eventual redemption. This is part 5 of an extended cinematic universe with new characters and plot twists.",1991
1256,Inception Returns 7,Action|Sci-Fi,A thief who steals corporate secrets through dream-sharing technology. This is part 6 of an extended cinematic universe with new characters and plot twists.,2013
1257,The Social Network Rebirth 3,Drama,The founding of Facebook and its legal battles. This is part 5 of an extended cinematic universe with new characters and plot twists.,2017
1258,Interstellar Legacy 4,Adventure|Sci-Fi,Explorers travel through a wormhole to save humanity. This is part 2 of an extended cinematic universe with new characters and plot twists.,2017
1259,The Godfather Genesis 1,Crime|Drama,The aging patriarch of an organized crime dynasty transfers control to his son. This is part 4 of an extended cinematic universe with new characters and plot twists.,1982
1260,La La Land Reimagined 2,Drama|Musical,A jazz pianist and actress fall in love in Los Angeles. This is part 9 of an extended cinematic universe with new characters and plot twists.,2018
1261,The Social Network Uprising 1,Drama,The founding of Facebook and its legal battles. This is part 6 of an extended cinematic universe with new characters and plot twists.,1977
1262,Parasite Genesis 6,Thriller|Drama,A poor family schemes to become employed by a wealthy household. This is part 9 of an extended cinematic universe with new characters and plot twists.,1999
1263,The Godfather Rebirth 2,Crime|Drama,The aging patriarch of an organized crime dynasty transfers control to his son. This is part 6 of an extended cinematic universe with new characters and plot twists.,1998
1264,The Godfather Returns 6,Crime|Drama,The aging patriarch of an organized crime dynasty transfers control to his son. This is part 3 of an extended cinematic universe with new characters and plot twists.,2003
1265,Inside Out Genesis 5,Animation|Family,Emotions guide a young girl's life during a big move. This is part 4 of an extended cinematic universe with new characters and plot twists.,2011
1266,Parasite Returns 8,Thriller|Drama,A poor family schemes to become employed by a wealthy household. This is part 8 of an extended cinematic universe with new characters and plot twists.,1982
1267,Inception Reimagined 6,Action|Sci-Fi,A thief who steals corporate secrets through dream-sharing technology. This is part 2 of an extended cinematic universe with new characters and plot twists.,2000
1268,The Green Mile Legacy 4,Drama|Fantasy,A moving prison drama with supernatural elements. This is part 7 of an extended cinematic universe with new characters and plot twists.,1998
1269,Inside Out Legacy 6,Animation|Family,Emotions guide a young girl's life during a big move. This is part 8 of an extended cinematic universe with new characters and plot twists.,2025
1270,Inside Out Chronicles 3,Animation|Family,Emotions guide a young girl's life during a big move. This is part 2 of an extended cinematic universe with new characters and plot twists.,2021
1271,Interstellar Rebirth 7,Adventure|Sci-Fi,Explorers travel through a wormhole to save humanity. This is part 8 of an extended cinematic universe with new characters and plot twists.,1981
1272,Inception Chronicles 6,Action|Sci-Fi,A thief who steals corporate secrets through dream-sharing technology. This is part 7 of an extended cinematic universe with new characters and plot twists.,2024
1273,The Social Network Legacy 3,Drama,The founding of Facebook and its legal battles. This is part 1 of an extended cinematic universe with new characters and plot twists.,1978
1274,Interstellar Eclipse 4,Adventure|Sci-Fi,Explorers travel through a wormhole to save humanity. This is part 7 of an extended cinematic universe with new characters and plot twists.,1973
1275,Interstellar Legacy 7,Adventure|Sci-Fi,Explorers travel through a wormhole to save humanity. This is part 9 of an extended cinematic universe with new characters and plot twists.,1975
1276,The Matrix Chronicles 8,Action|Sci-Fi,A hacker discovers reality is a simulation. This is part 7 of an extended cinematic universe with new characters and plot twists.,1976
1277,The Shawshank Redemption Chronicles 9,Drama,"Two imprisoned men bond over years, finding solace and eventual redemption. This is part 7 of an extended cinematic universe with new characters and plot twists.",2016
1278,The Matrix Eclipse 6,Action|Sci-Fi,A hacker discovers reality is a simulation. This is part 2 of an extended cinematic universe with new characters and plot twists.,1973
1279,Inception Eclipse 2,Action|Sci-Fi,A thief who steals corporate secrets through dream-sharing technology. This is part 2 of an extended cinematic universe with new characters and plot twists.,2019
1280,La La Land Legacy 1,Drama|Musical,A jazz pianist and actress fall in love in Los Angeles. This is part 3 of an extended cinematic universe with new characters and plot twists.,1999
1281,La La Land Genesis 2,Drama|Musical,A jazz pianist and actress fall in love in Los Angeles. This is part 5 of an extended cinematic universe with new characters and plot twists.,1984
1282,The Shawshank Redemption Returns 5,Drama,"Two imprisoned men bond over years, finding solace and eventual redemption. This is part 9 of an extended cinematic universe with new characters and plot twists.",1970
1283,Parasite Returns 3,Thriller|Drama,A poor family schemes to become employed by a wealthy household. This is part 3 of an extended cinematic universe with new characters and plot twists.,2023
1284,Parasite Genesis 8,Thriller|Drama,A poor family schemes to become employed by a wealthy household. This is part 3 of an extended cinematic universe with new characters and plot twists.,1972
1285,The Social Network Legacy 3,Drama,The founding of Facebook and its legal battles. This is part 4 of an extended cinematic universe with new characters and plot twists.,1977
1286,The Green Mile Uprising 5,Drama|Fantasy,A moving prison drama with supernatural elements. This is part 9 of an extended cinematic universe with new characters and plot twists.,1990
1287,The Matrix Uprising 1,Action|Sci-Fi,A hacker discovers reality is a simulation. This is part 7 of an extended cinematic universe with new characters and plot twists.,2014
1288,Inception Reimagined 5,Action|Sci-Fi,A thief who steals corporate secrets through dream-sharing technology. This is part 2 of an extended cinematic universe with new characters and plot twists.,2012
1289,Parasite Saga 9,Thriller|Drama,A poor family schemes to become employed by a wealthy household. This is part 9 of an extended cinematic universe with new characters and plot twists.,1988
1290,La La Land Rebirth 6,Drama|Musical,A jazz pianist and actress fall in love in Los Angeles. This is part 2 of an extended cinematic universe with new characters and plot twists.,2008
1291,La La Land Genesis 2,Drama|Musical,A jazz pianist and actress fall in love in Los Angeles. This is part 5 of an extended cinematic universe with new characters and plot twists.,1987
1292,The Social Network Chronicles 6,Drama,The founding of Facebook and its legal battles. This is part 6 of an extended cinematic universe with new characters and plot twists.,2006
1293,La La Land Odyssey 4,Drama|Musical,A jazz pianist and actress fall in love in Los Angeles. This is part 6 of an extended cinematic universe with new characters and plot twists.,1982
1294,Inside Out Legacy 4,Animation|Family,Emotions guide a young girl's life during a big move. This is part 2 of an extended cinematic universe with new characters and plot twists.,2011
1295,The Green Mile Odyssey 9,Drama|Fantasy,A moving prison drama with supernatural elements. This is part 5 of an extended cinematic universe with new characters and plot twists.,2012
1296,Inside Out Genesis 1,Animation|Family,Emotions guide a young girl's life during a big move. This is part 3 of an extended cinematic universe with new characters and plot twists.,1993
1297,Interstellar Saga 3,Adventure|Sci-Fi,Explorers travel through a wormhole to save humanity. This is part 7 of an extended cinematic universe with new characters and plot twists.,2015
1298,The Godfather Odyssey 4,Crime|Drama,The aging patriarch of an organized crime dynasty transfers control to his son. This is part 7 of an extended cinematic universe with new characters and plot twists.,1987
1299,Inside Out Rebirth 8,Animation|Family,Emotions guide a young girl's life during a big move. This is part 1 of an extended cinematic universe with new characters and plot twists.,1972
1300,The Green Mile Returns 9,Drama|Fantasy,A moving prison drama with supernatural elements. This is part 7 of an extended cinematic universe with new characters and plot twists.,2022
1301,Inside Out Rebirth 6,Animation|Family,Emotions guide a young girl's life during a big move. This is part 9 of an extended cinematic universe with new characters and plot twists.,1975
1302,Inception Reimagined 8,Action|Sci-Fi,A thief who steals corporate secrets through dream-sharing technology. This is part 1 of an extended cinematic universe with new characters and plot twists.,1983
1303,Inception Chronicles 1,Action|Sci-Fi,A thief who steals corporate secrets through dream-sharing technology. This is part 4 of an extended cinematic universe with new characters and plot twists.,1983
1304,The Social Network Reimagined 5,Drama,The founding of Facebook and its legal battles. This is part 4 of an extended cinematic universe with new characters and plot twists.,2001
1305,Interstellar Reimagined 9,Adventure|Sci-Fi,Explorers travel through a wormhole to save humanity. This is part 1 of an extended cinematic universe with new characters and plot twists.,2000
1306,Inside Out Reimagined 5,Animation|Family,Emotions guide a young girl's life during a big move. This is part 3 of an extended cinematic universe with new characters and plot twists.,1974
1307,Inception Legacy 3,Action|Sci-Fi,A thief who steals corporate secrets through dream-sharing technology. This is part 8 of an extended cinematic universe with new characters and plot twists.,1987
1308,The Godfather Saga 5,Crime|Drama,The aging patriarch of an organized crime dynasty transfers control to his son. This is part 2 of an extended cinematic universe with new characters and plot twists.,1991
1309,The Godfather Rebirth 9,Crime|Drama,The aging patriarch of an organized crime dynasty transfers control to his son. This is part 7 of an extended cinematic universe with new characters and plot twists.,2015
1310,The Green Mile Saga 1,Drama|Fantasy,A moving prison drama with supernatural elements. This is part 2 of an extended cinematic universe with new characters and plot twists.,1976
1311,Inside Out Uprising 1,Animation|Family,Emotions guide a young girl's life during a big move. This is part 9 of an extended cinematic universe with new characters and plot twists.,1971
1312,The Godfather Rebirth 3,Crime|Drama,The aging patriarch of an organized crime dynasty transfers control to his son. This is part 7 of an extended cinematic universe with new characters and plot twists.,1986
1313,Inside Out Legacy 4,Animation|Family,Emotions guide a young girl's life during a big move. This is part 5 of an extended cinematic universe with new characters and plot twists.,1997
1314,La La Land Saga 7,Drama|Musical,A jazz pianist and actress fall in love in Los Angeles. This is part 1 of an extended cinematic universe with new characters and plot twists.,1980
1315,The Social Network Legacy 1,Drama,The founding of Facebook and its legal battles. This is part 4 of an extended cinematic universe with new characters and plot twists.,1983
1316,The Social Network Genesis 5,Drama,The founding of Facebook and its legal battles. This is part 3 of an extended cinematic universe with new characters and plot twists.,2003
1317,Inside Out Uprising 1,Animation|Family,Emotions guide a young girl's life during a big move. This is part 9 of an extended cinematic universe with new characters and plot twists.,1993
1318,The Green Mile Odyssey 6,Drama|Fantasy,A moving prison drama with supernatural elements. This is part 3 of an extended cinematic universe with new characters and plot twists.,2016
1319,The Social Network Reimagined 2,Drama,The founding of Facebook and its legal battles. This is part 8 of an extended cinematic universe with new characters and plot twists.,1999
1320,Inside Out Uprising 4,Animation|Family,Emotions guide a young girl's life during a big move. This is part 8 of an extended cinematic universe with new characters and plot twists.,1979
1321,The Godfather Genesis 3,Crime|Drama,The aging patriarch of an organized crime dynasty transfers control to his son. This is part 1 of an extended cinematic universe with new characters and plot twists.,1985
1322,Inception Chronicles 7,Action|Sci-Fi,A thief who steals corporate secrets through dream-sharing technology. This is part 7 of an extended cinematic universe with new characters and plot twists.,2018
1323,Parasite Legacy 2,Thriller|Drama,A poor family schemes to become employed by a wealthy household. This is part 8 of an extended cinematic universe with new characters and plot twists.,1989
1324,Inception Legacy 1,Action|Sci-Fi,A thief who steals corporate secrets through dream-sharing technology. This is part 4 of an extended cinematic universe with new characters and plot twists.,2023
1325,Inside Out Uprising 3,Animation|Family,Emotions guide a young girl's life during a big move. This is part 3 of an extended cinematic universe with new characters and plot twists.,1976
1326,Interstellar Legacy 1,Adventure|Sci-Fi,Explorers travel through a wormhole to save humanity. This is part 1 of an extended cinematic universe with new characters and plot twists.,2001
1327,Inception Odyssey 1,Action|Sci-Fi,A thief who steals corporate secrets through dream-sharing technology. This is part 8 of an extended cinematic universe with new characters and plot twists.,2000
1328,Parasite Legacy 3,Thriller|Drama,A poor family schemes to become employed by a wealthy household. This is part 4 of an extended cinematic universe with new characters and plot twists.,1974
1329,The Godfather Legacy 9,Crime|Drama,The aging patriarch of an organized crime dynasty transfers control to his son. This is part 9 of an extended cinematic universe with new characters and plot twists.,1981
1330,La La Land Eclipse 6,Drama|Musical,A jazz pianist and actress fall in love in Los Angeles. This is part 8 of an extended cinematic universe with new characters and plot twists.,1972
1331,Inside Out Odyssey 6,Animation|Family,Emotions guide a young girl's life during a big move. This is part 3 of an extended cinematic universe with new characters and plot twists.,1989
1332,Inside Out Legacy 4,Animation|Family,Emotions guide a young girl's life during a big move. This is part 5 of an extended cinematic universe with new characters and plot twists.,2017
1333,Interstellar Chronicles 8,Adventure|Sci-Fi,Explorers travel through a wormhole to save humanity. This is part 8 of an extended cinematic universe with new characters and plot twists.,1997
1334,Inception Odyssey 7,Action|Sci-Fi,A thief who steals corporate secrets through dream-sharing technology. This is part 4 of an extended cinematic universe with new characters and plot twists.,2023
1335,The Godfather Uprising 2,Crime|Drama,The aging patriarch of an organized crime dynasty transfers control to his son. This is part 4 of an extended cinematic universe with new characters and plot twists.,1994
1336,La La Land Chronicles 9,Drama|Musical,A jazz pianist and actress fall in love in Los Angeles. This is part 2 of an extended cinematic universe with new characters and plot twists.,1991
1337,The Matrix Reimagined 2,Action|Sci-Fi,A hacker discovers reality is a simulation. This is part 7 of an extended cinematic universe with new characters and plot twists.,2005
1338,The Matrix Eclipse 8,Action|Sci-Fi,A hacker discovers reality is a simulation. This is part 2 of an extended cinematic universe with new characters and plot twists.,2003
1339,The Matrix Rebirth 1,Action|Sci-Fi,A hacker discovers reality is a simulation. This is part 5 of an extended cinematic universe with new characters and plot twists.,1986
1340,La La Land Reimagined 3,Drama|Musical,A jazz pianist and actress fall in love in Los Angeles. This is part 3 of an extended cinematic universe with new characters and plot twists.,1990
1341,The Green Mile Chronicles 4,Drama|Fantasy,A moving prison drama with supernatural elements. This is part 6 of an extended cinematic universe with new characters and plot twists.,1973
1342,La La Land Chronicles 4,Drama|Musical,A jazz pianist and actress fall in love in Los Angeles. This is part 1 of an extended cinematic universe with new characters and plot twists.,1978
1343,The Matrix Returns 5,Action|Sci-Fi,A hacker discovers reality is a simulation. This is part 4 of an extended cinematic universe with new characters and plot twists.,1973
1344,La La Land Legacy 4,Drama|Musical,A jazz pianist and actress fall in love in Los Angeles. This is part 6 of an extended cinematic universe with new characters and plot twists.,1976
1345,The Matrix Genesis 9,Action|Sci-Fi,A hacker discovers reality is a simulation. This is part 4 of an extended cinematic universe with new characters and plot twists.,1981
1346,The Godfather Rebirth 9,Crime|Drama,The aging patriarch of an organized crime dynasty transfers control to his son. This is part 5 of an extended cinematic universe with new characters and plot twists.,2007
1347,Parasite Eclipse 8,Thriller|Drama,A poor family schemes to become employed by a wealthy household. This is part 2 of an extended cinematic universe with new characters and plot twists.,2022
1348,Parasite Eclipse 2,Thriller|Drama,A poor family schemes to become employed by a wealthy household. This is part 9 of an extended cinematic universe with new characters and plot twists.,2011
1349,The Matrix Saga 6,Action|Sci-Fi,A hacker discovers reality is a simulation. This is part 9 of an extended cinematic universe with new characters and plot twists.,1996
1350,The Social Network Saga 5,Drama,The founding of Facebook and its legal battles. This is part 9 of an extended cinematic universe with new characters and plot twists.,1995
1351,Inside Out Returns 3,Animation|Family,Emotions guide a young girl's life during a big move. This is part 9 of an extended cinematic universe with new characters and plot twists.,2019
1352,The Social Network Reimagined 8,Drama,The founding of Facebook and its legal battles. This is part 5 of an extended cinematic universe with new characters and plot twists.,1981
1353,The Social Network Reimagined 5,Drama,The founding of Facebook and its legal battles. This is part 4 of an extended cinematic universe with new characters and plot twists.,2000
1354,The Matrix Rebirth 6,Action|Sci-Fi,A hacker discovers reality is a simulation. This is part 4 of an extended cinematic universe with new characters and plot twists.,2020
1355,Inside Out Saga 6,Animation|Family,Emotions guide a young girl's life during a big move. This is part 7 of an extended cinematic universe with new characters and plot twists.,1986
1356,La La Land Chronicles 5,Drama|Musical,A jazz pianist and actress fall in love in Los Angeles. This is part 4 of an extended cinematic universe with new characters and plot twists.,1980
1357,Parasite Returns 4,Thriller|Drama,A poor family schemes to become employed by a wealthy household. This is part 6 of an extended cinematic universe with new characters and plot twists.,1990
1358,Parasite Rebirth 8,Thriller|Drama,A poor family schemes to become employed by a wealthy household. This is part 7 of an extended cinematic universe with new characters and plot twists.,1991
1359,The Social Network Chronicles 5,Drama,The founding of Facebook and its legal battles. This is part 7 of an extended cinematic universe with new characters and plot twists.,2000
1360,Inception Returns 4,Action|Sci-Fi,A thief who steals corporate secrets through dream-sharing technology. This is part 3 of an extended cinematic universe with new characters and plot twists.,2025
1361,Parasite Uprising 3,Thriller|Drama,A poor family schemes to become employed by a wealthy household. This is part 5 of an extended cinematic universe with new characters and plot twists.,1977
1362,Inception Uprising 7,Action|Sci-Fi,A thief who steals corporate secrets through dream-sharing technology. This is part 5 of an extended cinematic universe with new characters and plot twists.,2014
1363,The Godfather Genesis 8,Crime|Drama,The aging patriarch of an organized crime dynasty transfers control to his son. This is part 8 of an extended cinematic universe with new characters and plot twists.,1978
1364,The Godfather Reimagined 1,Crime|Drama,The aging patriarch of an organized crime dynasty transfers control to his son. This is part 9 of an extended cinematic universe with new characters and plot twists.,1970
1365,The Social Network Chronicles 9,Drama,The founding of Facebook and its legal battles. This is part 7 of an extended cinematic universe with new characters and plot twists.,1993
1366,Parasite Legacy 1,Thriller|Drama,A poor family schemes to become employed by a wealthy household. This is part 7 of an extended cinematic universe with new characters and plot twists.,1981
1367,The Social Network Legacy 1,Drama,The founding of Facebook and its legal battles. This is part 2 of an extended cinematic universe with new characters and plot twists.,1991
1368,The Green Mile Legacy 8,Drama|Fantasy,A moving prison drama with supernatural elements. This is part 7 of an extended cinematic universe with new characters and plot twists.,2002
1369,Interstellar Uprising 6,Adventure|Sci-Fi,Explorers travel through a wormhole to save humanity. This is part 8 of an extended cinematic universe with new characters and plot twists.,1978
1370,Parasite Reimagined 6,Thriller|Drama,A poor family schemes to become employed by a wealthy household. This is part 6 of an extended cinematic universe with new characters and plot twists.,1993
1371,Interstellar Chronicles 8,Adventure|Sci-Fi,Explorers travel through a wormhole to save humanity. This is part 9 of an extended cinematic universe with new characters and plot twists.,1990
1372,The Shawshank Redemption Rebirth 2,Drama,"Two imprisoned men bond over years, finding solace and eventual redemption. This is part 3 of an extended cinematic universe with new characters and plot twists.",1986
1373,Inception Rebirth 1,Action|Sci-Fi,A thief who steals corporate secrets through dream-sharing technology. This is part 7 of an extended cinematic universe with new characters and plot twists.,2019
1374,Inception Eclipse 4,Action|Sci-Fi,A thief who steals corporate secrets through dream-sharing technology. This is part 7 of an extended cinematic universe with new characters and plot twists.,2007
1375,The Green Mile Eclipse 9,Drama|Fantasy,A moving prison drama with supernatural elements. This is part 9 of an extended cinematic universe with new characters and plot twists.,1973
1376,Inside Out Returns 1,Animation|Family,Emotions guide a young girl's life during a big move. This is part 9 of an extended cinematic universe with new characters and plot twists.,1974
1377,The Green Mile Reimagined 2,Drama|Fantasy,A moving prison drama with supernatural elements. This is part 9 of an extended cinematic universe with new characters and plot twists.,1992
1378,Inception Rebirth 8,Action|Sci-Fi,A thief who steals corporate secrets through dream-sharing technology. This is part 8 of an extended cinematic universe with new characters and plot twists.,1988
1379,The Social Network Saga 1,Drama,The founding of Facebook and its legal battles. This is part 2 of an extended cinematic universe with new characters and plot twists.,1986
1380,Interstellar Odyssey 1,Adventure|Sci-Fi,Explorers travel through a wormhole to save humanity. This is part 3 of an extended cinematic universe with new characters and plot twists.,2008
1381,La La Land Odyssey 8,Drama|Musical,A jazz pianist and actress fall in love in Los Angeles. This is part 6 of an extended cinematic universe with new characters and plot twists.,1999
1382,The Matrix Genesis 1,Action|Sci-Fi,A hacker discovers reality is a simulation. This is part 1 of an extended cinematic universe with new characters and plot twists.,1986
1383,The Social Network Odyssey 6,Drama,The founding of Facebook and its legal battles. This is part 1 of an extended cinematic universe with new characters and plot twists.,2000
1384,Interstellar Returns 2,Adventure|Sci-Fi,Explorers travel through a wormhole to save humanity. This is part 7 of an extended cinematic universe with new characters and plot twists.,1994
1385,The Matrix Uprising 3,Action|Sci-Fi,A hacker discovers reality is a simulation. This is part 6 of an extended cinematic universe with new characters and plot twists.,1972
1386,Interstellar Saga 8,Adventure|Sci-Fi,Explorers travel through a wormhole to save humanity. This is part 3 of an extended cinematic universe with new characters and plot twists.,2025
1387,Parasite Eclipse 1,Thriller|Drama,A poor family schemes to become employed by a wealthy household. This is part 6 of an extended cinematic universe with new characters and plot twists.,2024
1388,La La Land Uprising 1,Drama|Musical,A jazz pianist and actress fall in love in Los Angeles. This is part 8 of an extended cinematic universe with new characters and plot twists.,2015
1389,The Matrix Legacy 5,Action|Sci-Fi,A hacker discovers reality is a simulation. This is part 2 of an extended cinematic universe with new characters and plot twists.,1971
1390,The Social Network Uprising 9,Drama,The founding of Facebook and its legal battles. This is part 4 of an extended cinematic universe with new characters and plot twists.,2004
1391,The Shawshank Redemption Odyssey 8,Drama,"Two imprisoned men bond over years, finding solace and eventual redemption. This is part 4 of an extended cinematic universe with new characters and plot twists.",1998
1392,The Shawshank Redemption Rebirth 5,Drama,"Two imprisoned men bond over years, finding solace and eventual redemption. This is part 5 of an extended cinematic universe with new characters and plot twists.",2003
1393,Interstellar Genesis 4,Adventure|Sci-Fi,Explorers travel through a wormhole to save humanity. This is part 2 of an extended cinematic universe with new characters and plot twists.,2008
1394,The Social Network Eclipse 4,Drama,The founding of Facebook and its legal battles. This is part 6 of an extended cinematic universe with new characters and plot twists.,2024
1395,Interstellar Uprising 2,Adventure|Sci-Fi,Explorers travel through a wormhole to save humanity. This is part 5 of an extended cinematic universe with new characters and plot twists.,1982
1396,Inception Uprising 5,Action|Sci-Fi,A thief who steals corporate secrets through dream-sharing technology. This is part 8 of an extended cinematic universe with new characters and plot twists.,2022
1397,The Godfather Eclipse 7,Crime|Drama,The aging patriarch of an organized crime dynasty transfers control to his son. This is part 9 of an extended cinematic universe with new characters and plot twists.,1999
1398,The Green Mile Reimagined 5,Drama|Fantasy,A moving prison drama with supernatural elements. This is part 9 of an extended cinematic universe with new characters and plot twists.,1995
1399,The Green Mile Uprising 7,Drama|Fantasy,A moving prison drama with supernatural elements. This is part 2 of an extended cinematic universe with new characters and plot twists.,1984
1400,The Matrix Reimagined 5,Action|Sci-Fi,A hacker discovers reality is a simulation. This is part 6 of an extended cinematic universe with new characters and plot twists.,1987
1401,Parasite Legacy 7,Thriller|Drama,A poor family schemes to become employed by a wealthy household. This is part 2 of an extended cinematic universe with new characters and plot twists.,1993
1402,The Green Mile Uprising 1,Drama|Fantasy,A moving prison drama with supernatural elements. This is part 8 of an extended cinematic universe with new characters and plot twists.,2016
1403,Parasite Chronicles 2,Thriller|Drama,A poor family schemes to become employed by a wealthy household. This is part 2 of an extended cinematic universe with new characters and plot twists.,1979
1404,Parasite Saga 2,Thriller|Drama,A poor family schemes to become employed by a wealthy household. This is part 1 of an extended cinematic universe with new characters and plot twists.,2002
1405,Inside Out Legacy 4,Animation|Family,Emotions guide a young girl's life during a big move. This is part 3 of an extended cinematic universe with new characters and plot twists.,2003
1406,Inception Chronicles 2,Action|Sci-Fi,A thief who steals corporate secrets through dream-sharing technology. This is part 6 of an extended cinematic universe with new characters and plot twists.,1983
1407,Interstellar Chronicles 2,Adventure|Sci-Fi,Explorers travel through a wormhole to save humanity. This is part 6 of an extended cinematic universe with new characters and plot twists.,2001
1408,Parasite Rebirth 2,Thriller|Drama,A poor family schemes to become employed by a wealthy household. This is part 5 of an extended cinematic universe with new characters and plot twists.,1973
1409,La La Land Saga 7,Drama|Musical,A jazz pianist and actress fall in love in Los Angeles. This is part 7 of an extended cinematic universe with new characters and plot twists.,1992
1410,The Matrix Uprising 4,Action|Sci-Fi,A hacker discovers reality is a simulation. This is part 9 of an extended cinematic universe with new characters and plot twists.,2009
1411,The Matrix Reimagined 4,Action|Sci-Fi,A hacker discovers reality is a simulation. This is part 3 of an extended cinematic universe with new characters and plot twists.,1971
1412,La La Land Uprising 4,Drama|Musical,A jazz pianist and actress fall in love in Los Angeles. This is part 2 of an extended cinematic universe with new characters and plot twists.,2009
1413,La La Land Uprising 8,Drama|Musical,A jazz pianist and actress fall in love in Los Angeles. This is part 8 of an extended cinematic universe with new characters and plot twists.,1988
1414,Inside Out Reimagined 3,Animation|Family,Emotions guide a young girl's life during a big move. This is part 5 of an extended cinematic universe with new characters and plot twists.,1999
1415,The Shawshank Redemption Reimagined 8,Drama,"Two imprisoned men bond over years, finding solace and eventual redemption. This is part 1 of an extended cinematic universe with new characters and plot twists.",1977
1416,Inception Odyssey 6,Action|Sci-Fi,A thief who steals corporate secrets through dream-sharing technology. This is part 6 of an extended cinematic universe with new characters and plot twists.,2019
1417,The Social Network Genesis 1,Drama,The founding of Facebook and its legal battles. This is part 5 of an extended cinematic universe with new characters and plot twists.,2014
1418,The Social Network Legacy 2,Drama,The founding of Facebook and its legal battles. This is part 5 of an extended cinematic universe with new characters and plot twists.,1976
1419,The Matrix Eclipse 7,Action|Sci-Fi,A hacker discovers reality is a simulation. This is part 3 of an extended cinematic universe with new characters and plot twists.,2014
1420,The Godfather Saga 2,Crime|Drama,The aging patriarch of an organized crime dynasty transfers control to his son. This is part 8 of an extended cinematic universe with new characters and plot twists.,1997
1421,The Green Mile Eclipse 7,Drama|Fantasy,A moving prison drama with supernatural elements. This is part 9 of an extended cinematic universe with new characters and plot twists.,2009
1422,The Social Network Saga 5,Drama,The founding of Facebook and its legal battles. This is part 1 of an extended cinematic universe with new characters and plot twists.,2002
1423,The Social Network Returns 9,Drama,The founding of Facebook and its legal battles. This is part 1 of an extended cinematic universe with new characters and plot twists.,1973
1424,The Godfather Chronicles 8,Crime|Drama,The aging patriarch of an organized crime dynasty transfers control to his son. This is part 1 of an extended cinematic universe with new characters and plot twists.,1971
1425,Parasite Rebirth 6,Thriller|Drama,A poor family schemes to become employed by a wealthy household. This is part 9 of an extended cinematic universe with new characters and plot twists.,2002
1426,The Green Mile Eclipse 5,Drama|Fantasy,A moving prison drama with supernatural elements. This is part 7 of an extended cinematic universe with new characters and plot twists.,2021
1427,The Social Network Saga 2,Drama,The founding of Facebook and its legal battles. This is part 7 of an extended cinematic universe with new characters and plot twists.,2002
1428,Parasite Uprising 6,Thriller|Drama,A poor family schemes to become employed by a wealthy household. This is part 3 of an extended cinematic universe with new characters and plot twists.,2023
1429,Inception Returns 6,Action|Sci-Fi,A thief who steals corporate secrets through dream-sharing technology. This is part 4 of an extended cinematic universe with new characters and plot twists.,2005
1430,The Green Mile Chronicles 9,Drama|Fantasy,A moving prison drama with supernatural elements. This is part 2 of an extended cinematic universe with new characters and plot twists.,1971
1431,Inside Out Legacy 1,Animation|Family,Emotions guide a young girl's life during a big move. This is part 9 of an extended cinematic universe with new characters and plot twists.,2006
1432,The Matrix Genesis 7,Action|Sci-Fi,A hacker discovers reality is a simulation. This is part 9 of an extended cinematic universe with new characters and plot twists.,1974
1433,The Godfather Legacy 5,Crime|Drama,The aging patriarch of an organized crime dynasty transfers control to his son. This is part 6 of an extended cinematic universe with new characters and plot twists.,2020
1434,The Matrix Eclipse 9,Action|Sci-Fi,A hacker discovers reality is a simulation. This is part 8 of an extended cinematic universe with new characters and plot twists.,1984
1435,Inside Out Uprising 2,Animation|Family,Emotions guide a young girl's life during a big move. This is part 7 of an extended cinematic universe with new characters and plot twists.,1994
1436,The Matrix Rebirth 6,Action|Sci-Fi,A hacker discovers reality is a simulation. This is part 8 of an extended cinematic universe with new characters and plot twists.,1985
1437,The Godfather Rebirth 5,Crime|Drama,The aging patriarch of an organized crime dynasty transfers control to his son. This is part 9 of an extended cinematic universe with new characters and plot twists.,1972
1438,The Godfather Legacy 7,Crime|Drama,The aging patriarch of an organized crime dynasty transfers control to his son. This is part 4 of an extended cinematic universe with new characters and plot twists.,2022
1439,The Social Network Chronicles 7,Drama,The founding of Facebook and its legal battles. This is part 9 of an extended cinematic universe with new characters and plot twists.,2011
1440,Parasite Rebirth 6,Thriller|Drama,A poor family schemes to become employed by a wealthy household. This is part 9 of an extended cinematic universe with new characters and plot twists.,1991
1441,The Green Mile Returns 4,Drama|Fantasy,A moving prison drama with supernatural elements. This is part 8 of an extended cinematic universe with new characters and plot twists.,1986
1442,The Godfather Chronicles 6,Crime|Drama,The aging patriarch of an organized crime dynasty transfers control to his son. This is part 7 of an extended cinematic universe with new characters and plot twists.,2008
1443,Interstellar Genesis 2,Adventure|Sci-Fi,Explorers travel through a wormhole to save humanity. This is part 5 of an extended cinematic universe with new characters and plot twists.,1993
1444,The Shawshank Redemption Chronicles 2,Drama,"Two imprisoned men bond over years, finding solace and eventual redemption. This is part 8 of an extended cinematic universe with new characters and plot twists.",1978
1445,Inside Out Genesis 2,Animation|Family,Emotions guide a young girl's life during a big move. This is part 5 of an extended cinematic universe with new characters and plot twists.,1984
1446,La La Land Uprising 2,Drama|Musical,A jazz pianist and actress fall in love in Los Angeles. This is part 3 of an extended cinematic universe with new characters and plot twists.,1993
1447,Interstellar Returns 4,Adventure|Sci-Fi,Explorers travel through a wormhole to save humanity. This is part 8 of an extended cinematic universe with new characters and plot twists.,1991
1448,The Social Network Saga 9,Drama,The founding of Facebook and its legal battles. This is part 8 of an extended cinematic universe with new characters and plot twists.,2024
1449,The Godfather Legacy 2,Crime|Drama,The aging patriarch of an organized crime dynasty transfers control to his son. This is part 8 of an extended cinematic universe with new characters and plot twists.,1993
1450,The Shawshank Redemption Genesis 6,Drama,"Two imprisoned men bond over years, finding solace and eventual redemption. This is part 4 of an extended cinematic universe with new characters and plot twists.",1987
1451,The Social Network Saga 7,Drama,The founding of Facebook and its legal battles. This is part 6 of an extended cinematic universe with new characters and plot twists.,1993
1452,The Matrix Genesis 5,Action|Sci-Fi,A hacker discovers reality is a simulation. This is part 1 of an extended cinematic universe with new characters and plot twists.,2024
1453,The Shawshank Redemption Eclipse 7,Drama,"Two imprisoned men bond over years, finding solace and eventual redemption. This is part 7 of an extended cinematic universe with new characters and plot twists.",1977
1454,Inception Returns 1,Action|Sci-Fi,A thief who steals corporate secrets through dream-sharing technology. This is part 4 of an extended cinematic universe with new characters and plot twists.,2007
1455,Inception Returns 7,Action|Sci-Fi,A thief who steals corporate secrets through dream-sharing technology. This is part 5 of an extended cinematic universe with new characters and plot twists.,2010
1456,La La Land Chronicles 7,Drama|Musical,A jazz pianist and actress fall in love in Los Angeles. This is part 8 of an extended cinematic universe with new characters and plot twists.,2012
1457,Interstellar Eclipse 7,Adventure|Sci-Fi,Explorers travel through a wormhole to save humanity. This is part 1 of an extended cinematic universe with new characters and plot twists.,2002
1458,The Green Mile Uprising 2,Drama|Fantasy,A moving prison drama with supernatural elements. This is part 4 of an extended cinematic universe with new characters and plot twists.,1997
1459,The Shawshank Redemption Eclipse 1,Drama,"Two imprisoned men bond over years, finding solace and eventual redemption. This is part 6 of an extended cinematic universe with new characters and plot twists.",2016
1460,The Green Mile Chronicles 2,Drama|Fantasy,A moving prison drama with supernatural elements. This is part 3 of an extended cinematic universe with new characters and plot twists.,1971
1461,Inception Genesis 1,Action|Sci-Fi,A thief who steals corporate secrets through dream-sharing technology. This is part 7 of an extended cinematic universe with new characters and plot twists.,2019
1462,The Green Mile Legacy 4,Drama|Fantasy,A moving prison drama with supernatural elements. This is part 8 of an extended cinematic universe with new characters and plot twists.,1990
1463,La La Land Odyssey 4,Drama|Musical,A jazz pianist and actress fall in love in Los Angeles. This is part 3 of an extended cinematic universe with new characters and plot twists.,2018
1464,La La Land Rebirth 4,Drama|Musical,A jazz pianist and actress fall in love in Los Angeles. This is part 6 of an extended cinematic universe with new characters and plot twists.,1996
1465,Inception Legacy 2,Action|Sci-Fi,A thief who steals corporate secrets through dream-sharing technology. This is part 4 of an extended cinematic universe with new characters and plot twists.,2025
1466,The Social Network Chronicles 6,Drama,The founding of Facebook and its legal battles. This is part 5 of an extended cinematic universe with new characters and plot twists.,1990
1467,Inception Reimagined 7,Action|Sci-Fi,A thief who steals corporate secrets through dream-sharing technology. This is part 7 of an extended cinematic universe with new characters and plot twists.,2005
1468,The Green Mile Uprising 7,Drama|Fantasy,A moving prison drama with supernatural elements. This is part 2 of an extended cinematic universe with new characters and plot twists.,1977
1469,The Green Mile Odyssey 2,Drama|Fantasy,A moving prison drama with supernatural elements. This is part 9 of an extended cinematic universe with new characters and plot twists.,1976
1470,Interstellar Rebirth 7,Adventure|Sci-Fi,Explorers travel through a wormhole to save humanity. This is part 8 of an extended cinematic universe with new characters and plot twists.,1994
1471,The Godfather Chronicles 3,Crime|Drama,The aging patriarch of an organized crime dynasty transfers control to his son. This is part 9 of an extended cinematic universe with new characters and plot twists.,1989
1472,The Matrix Odyssey 6,Action|Sci-Fi,A hacker discovers reality is a simulation. This is part 7 of an extended cinematic universe with new characters and plot twists.,2000
1473,Inside Out Uprising 9,Animation|Family,Emotions guide a young girl's life during a big move. This is part 8 of an extended cinematic universe with new characters and plot twists.,1982
1474,The Green Mile Odyssey 7,Drama|Fantasy,A moving prison drama with supernatural elements. This is part 7 of an extended cinematic universe with new characters and plot twists.,1986
1475,The Social Network Chronicles 3,Drama,The founding of Facebook and its legal battles. This is part 9 of an extended cinematic universe with new characters and plot twists.,1997
1476,The Social Network Legacy 9,Drama,The founding of Facebook and its legal battles. This is part 1 of an extended cinematic universe with new characters and plot twists.,2017
1477,The Shawshank Redemption Eclipse 1,Drama,"Two imprisoned men bond over years, finding solace and eventual redemption. This is part 5 of an extended cinematic universe with new characters and plot twists.",1985
1478,Parasite Odyssey 8,Thriller|Drama,A poor family schemes to become employed by a wealthy household. This is part 8 of an extended cinematic universe with new characters and plot twists.,2020
1479,The Godfather Eclipse 7,Crime|Drama,The aging patriarch of an organized crime dynasty transfers control to his son. This is part 9 of an extended cinematic universe with new characters and plot twists.,1998
1480,The Godfather Eclipse 3,Crime|Drama,The aging patriarch of an organized crime dynasty transfers control to his son. This is part 5 of an extended cinematic universe with new characters and plot twists.,1985
1481,The Matrix Chronicles 4,Action|Sci-Fi,A hacker discovers reality is a simulation. This is part 4 of an extended cinematic universe with new characters and plot twists.,1999
1482,The Social Network Genesis 5,Drama,The founding of Facebook and its legal battles. This is part 6 of an extended cinematic universe with new characters and plot twists.,1986
1483,Inside Out Saga 8,Animation|Family,Emotions guide a young girl's life during a big move. This is part 9 of an extended cinematic universe with new characters and plot twists.,2012
1484,The Matrix Rebirth 4,Action|Sci-Fi,A hacker discovers reality is a simulation. This is part 2 of an extended cinematic universe with new characters and plot twists.,2010
1485,Interstellar Uprising 1,Adventure|Sci-Fi,Explorers travel through a wormhole to save humanity. This is part 5 of an extended cinematic universe with new characters and plot twists.,2000
1486,Inside Out Rebirth 5,Animation|Family,Emotions guide a young girl's life during a big move. This is part 1 of an extended cinematic universe with new characters and plot twists.,1996
1487,Inception Reimagined 1,Action|Sci-Fi,A thief who steals corporate secrets through dream-sharing technology. This is part 2 of an extended cinematic universe with new characters and plot twists.,1981
1488,Parasite Reimagined 8,Thriller|Drama,A poor family schemes to become employed by a wealthy household. This is part 8 of an extended cinematic universe with new characters and plot twists.,2014
1489,Inception Returns 9,Action|Sci-Fi,A thief who steals corporate secrets through dream-sharing technology. This is part 9 of an extended cinematic universe with new characters and plot twists.,1983
1490,The Godfather Rebirth 3,Crime|Drama,The aging patriarch of an organized crime dynasty transfers control to his son. This is part 3 of an extended cinematic universe with new characters and plot twists.,1973
1491,The Green Mile Eclipse 9,Drama|Fantasy,A moving prison drama with supernatural elements. This is part 9 of an extended cinematic universe with new characters and plot twists.,2008
1492,Interstellar Returns 5,Adventure|Sci-Fi,Explorers travel through a wormhole to save humanity. This is part 8 of an extended cinematic universe with new characters and plot twists.,1975
1493,La La Land Genesis 4,Drama|Musical,A jazz pianist and actress fall in love in Los Angeles. This is part 5 of an extended cinematic universe with new characters and plot twists.,2014
1494,The Social Network Returns 4,Drama,The founding of Facebook and its legal battles. This is part 4 of an extended cinematic universe with new characters and plot twists.,1987
1495,The Green Mile Chronicles 5,Drama|Fantasy,A moving prison drama with supernatural elements. This is part 5 of an extended cinematic universe with new characters and plot twists.,2013
1496,The Social Network Eclipse 6,Drama,The founding of Facebook and its legal battles. This is part 6 of an extended cinematic universe with new characters and plot twists.,2016
1497,Interstellar Genesis 3,Adventure|Sci-Fi,Explorers travel through a wormhole to save humanity. This is part 9 of an extended cinematic universe with new characters and plot twists.,2018
1498,The Shawshank Redemption Legacy 2,Drama,"Two imprisoned men bond over years, finding solace and eventual redemption. This is part 6 of an extended cinematic universe with new characters and plot twists.",2021
1499,Inception Eclipse 3,Action|Sci-Fi,A thief who steals corporate secrets through dream-sharing technology. This is part 9 of an extended cinematic universe with new characters and plot twists.,2017
1500,The Green Mile Eclipse 2,Drama|Fantasy,A moving prison drama with supernatural elements. This is part 4 of an extended cinematic universe with new characters and plot twists.,2016
1501,The Godfather Uprising 5,Crime|Drama,The aging patriarch of an organized crime dynasty transfers control to his son. This is part 4 of an extended cinematic universe with new characters and plot twists.,2007
1502,The Green Mile Eclipse 4,Drama|Fantasy,A moving prison drama with supernatural elements. This is part 4 of an extended cinematic universe with new characters and plot twists.,1980
1503,The Shawshank Redemption Legacy 4,Drama,"Two imprisoned men bond over years, finding solace and eventual redemption. This is part 9 of an extended cinematic universe with new characters and plot twists.",2016
1504,Interstellar Uprising 9,Adventure|Sci-Fi,Explorers travel through a wormhole to save humanity. This is part 9 of an extended cinematic universe with new characters and plot twists.,1971
1505,The Green Mile Returns 1,Drama|Fantasy,A moving prison drama with supernatural elements. This is part 6 of an extended cinematic universe with new characters and plot twists.,1993
1506,Parasite Returns 3,Thriller|Drama,A poor family schemes to become employed by a wealthy household. This is part 1 of an extended cinematic universe with new characters and plot twists.,2002
1507,La La Land Genesis 4,Drama|Musical,A jazz pianist and actress fall in love in Los Angeles. This is part 2 of an extended cinematic universe with new characters and plot twists.,2019
1508,Parasite Genesis 4,Thriller|Drama,A poor family schemes to become employed by a wealthy household. This is part 9 of an extended cinematic universe with new characters and plot twists.,2005
1509,Parasite Returns 1,Thriller|Drama,A poor family schemes to become employed by a wealthy household. This is part 6 of an extended cinematic universe with new characters and plot twists.,1977
1510,Interstellar Eclipse 6,Adventure|Sci-Fi,Explorers travel through a wormhole to save humanity. This is part 7 of an extended cinematic universe with new characters and plot twists.,2004
1511,Parasite Saga 8,Thriller|Drama,A poor family schemes to become employed by a wealthy household. This is part 2 of an extended cinematic universe with new characters and plot twists.,2020
1512,The Green Mile Legacy 8,Drama|Fantasy,A moving prison drama with supernatural elements. This is part 6 of an extended cinematic universe with new characters and plot twists.,2004
1513,The Shawshank Redemption Uprising 2,Drama,"Two imprisoned men bond over years, finding solace and eventual redemption. This is part 4 of an extended cinematic universe with new characters and plot twists.",2012
1514,The Godfather Saga 6,Crime|Drama,The aging patriarch of an organized crime dynasty transfers control to his son. This is part 3 of an extended cinematic universe with new characters and plot twists.,2017
1515,Inception Uprising 9,Action|Sci-Fi,A thief who steals corporate secrets through dream-sharing technology. This is part 5 of an extended cinematic universe with new characters and plot twists.,2002
1516,The Matrix Genesis 9,Action|Sci-Fi,A hacker discovers reality is a simulation. This is part 3 of an extended cinematic universe with new characters and plot twists.,2023
1517,Interstellar Chronicles 1,Adventure|Sci-Fi,Explorers travel through a wormhole to save humanity. This is part 2 of an extended cinematic universe with new characters and plot twists.,1996
1518,The Matrix Legacy 5,Action|Sci-Fi,A hacker discovers reality is a simulation. This is part 5 of an extended cinematic universe with new characters and plot twists.,1993
1519,The Godfather Genesis 1,Crime|Drama,The aging patriarch of an organized crime dynasty transfers control to his son. This is part 7 of an extended cinematic universe with new characters and plot twists.,1971
1520,Parasite Genesis 8,Thriller|Drama,A poor family schemes to become employed by a wealthy household. This is part 5 of an extended cinematic universe with new characters and plot twists.,2022
1521,The Social Network Eclipse 8,Drama,The founding of Facebook and its legal battles. This is part 1 of an extended cinematic universe with new characters and plot twists.,2008
1522,Inside Out Reimagined 2,Animation|Family,Emotions guide a young girl's life during a big move. This is part 6 of an extended cinematic universe with new characters and plot twists.,1991
1523,The Shawshank Redemption Returns 3,Drama,"Two imprisoned men bond over years, finding solace and eventual redemption. This is part 3 of an extended cinematic universe with new characters and plot twists.",1972
1524,Inception Returns 4,Action|Sci-Fi,A thief who steals corporate secrets through dream-sharing technology. This is part 9 of an extended cinematic universe with new characters and plot twists.,2005
1525,The Green Mile Returns 4,Drama|Fantasy,A moving prison drama with supernatural elements. This is part 8 of an extended cinematic universe with new characters and plot twists.,1977
1526,Inside Out Rebirth 9,Animation|Family,Emotions guide a young girl's life during a big move. This is part 1 of an extended cinematic universe with new characters and plot twists.,1996
1527,Inception Uprising 8,Action|Sci-Fi,A thief who steals corporate secrets through dream-sharing technology. This is part 2 of an extended cinematic universe with new characters and plot twists.,1975
1528,The Green Mile Legacy 6,Drama|Fantasy,A moving prison drama with supernatural elements. This is part 9 of an extended cinematic universe with new characters and plot twists.,1997
1529,Inception Uprising 4,Action|Sci-Fi,A thief who steals corporate secrets through dream-sharing technology. This is part 1 of an extended cinematic universe with new characters and plot twists.,1981
1530,The Shawshank Redemption Legacy 4,Drama,"Two imprisoned men bond over years, finding solace and eventual redemption. This is part 7 of an extended cinematic universe with new characters and plot twists.",1983
1531,Parasite Legacy 3,Thriller|Drama,A poor family schemes to become employed by a wealthy household. This is part 6 of an extended cinematic universe with new characters and plot twists.,1994
1532,Interstellar Saga 5,Adventure|Sci-Fi,Explorers travel through a wormhole to save humanity. This is part 2 of an extended cinematic universe with new characters and plot twists.,2016
1533,The Matrix Odyssey 3,Action|Sci-Fi,A hacker discovers reality is a simulation. This is part 6 of an extended cinematic universe with new characters and plot twists.,2016
1534,The Social Network Reimagined 8,Drama,The founding of Facebook and its legal battles. This is part 2 of an extended cinematic universe with new characters and plot twists.,1990
1535,The Matrix Eclipse 9,Action|Sci-Fi,A hacker discovers reality is a simulation. This is part 2 of an extended cinematic universe with new characters and plot twists.,1981
1536,The Shawshank Redemption Eclipse 2,Drama,"Two imprisoned men bond over years, finding solace and eventual redemption. This is part 2 of an extended cinematic universe with new characters and plot twists.",2015
1537,Interstellar Reimagined 2,Adventure|Sci-Fi,Explorers travel through a wormhole to save humanity. This is part 7 of an extended cinematic universe with new characters and plot twists.,2025
1538,Inside Out Reimagined 2,Animation|Family,Emotions guide a young girl's life during a big move. This is part 4 of an extended cinematic universe with new characters and plot twists.,1982
1539,The Godfather Chronicles 1,Crime|Drama,The aging patriarch of an organized crime dynasty transfers control to his son. This is part 5 of an extended cinematic universe with new characters and plot twists.,2000
1540,La La Land Eclipse 8,Drama|Musical,A jazz pianist and actress fall in love in Los Angeles. This is part 2 of an extended cinematic universe with new characters and plot twists.,1973
1541,Inside Out Returns 6,Animation|Family,Emotions guide a young girl's life during a big move. This is part 2 of an extended cinematic universe with new characters and plot twists.,2014
1542,The Godfather Eclipse 7,Crime|Drama,The aging patriarch of an organized crime dynasty transfers control to his son. This is part 1 of an extended cinematic universe with new characters and plot twists.,2011
1543,The Shawshank Redemption Saga 2,Drama,"Two imprisoned men bond over years, finding solace and eventual redemption. This is part 4 of an extended cinematic universe with new characters and plot twists.",2025
1544,The Godfather Returns 8,Crime|Drama,The aging patriarch of an organized crime dynasty transfers control to his son. This is part 6 of an extended cinematic universe with new characters and plot twists.,1980
1545,The Godfather Reimagined 3,Crime|Drama,The aging patriarch of an organized crime dynasty transfers control to his son. This is part 3 of an extended cinematic universe with new characters and plot twists.,1990
1546,The Matrix Uprising 8,Action|Sci-Fi,A hacker discovers reality is a simulation. This is part 4 of an extended cinematic universe with new characters and plot twists.,2019
1547,The Godfather Rebirth 7,Crime|Drama,The aging patriarch of an organized crime dynasty transfers control to his son. This is part 7 of an extended cinematic universe with new characters and plot twists.,2025
1548,The Green Mile Returns 9,Drama|Fantasy,A moving prison drama with supernatural elements. This is part 5 of an extended cinematic universe with new characters and plot twists.,2021
1549,The Matrix Odyssey 5,Action|Sci-Fi,A hacker discovers reality is a simulation. This is part 4 of an extended cinematic universe with new characters and plot twists.,2014
1550,The Green Mile Eclipse 3,Drama|Fantasy,A moving prison drama with supernatural elements. This is part 9 of an extended cinematic universe with new characters and plot twists.,1998
1551,The Godfather Chronicles 3,Crime|Drama,The aging patriarch of an organized crime dynasty transfers control to his son. This is part 3 of an extended cinematic universe with new characters and plot twists.,1984
1552,The Shawshank Redemption Odyssey 5,Drama,"Two imprisoned men bond over years, finding solace and eventual redemption. This is part 6 of an extended cinematic universe with new characters and plot twists.",2014
1553,The Godfather Eclipse 7,Crime|Drama,The aging patriarch of an organized crime dynasty transfers control to his son. This is part 9 of an extended cinematic universe with new characters and plot twists.,1982
1554,Inside Out Chronicles 1,Animation|Family,Emotions guide a young girl's life during a big move. This is part 7 of an extended cinematic universe with new characters and plot twists.,1985
1555,La La Land Reimagined 5,Drama|Musical,A jazz pianist and actress fall in love in Los Angeles. This is part 1 of an extended cinematic universe with new characters and plot twists.,1980
1556,The Godfather Chronicles 6,Crime|Drama,The aging patriarch of an organized crime dynasty transfers control to his son. This is part 6 of an extended cinematic universe with new characters and plot twists.,2004
1557,Interstellar Uprising 4,Adventure|Sci-Fi,Explorers travel through a wormhole to save humanity. This is part 6 of an extended cinematic universe with new characters and plot twists.,1980
1558,The Shawshank Redemption Reimagined 9,Drama,"Two imprisoned men bond over years, finding solace and eventual redemption. This is part 3 of an extended cinematic universe with new characters and plot twists.",1988
1559,La La Land Returns 2,Drama|Musical,A jazz pianist and actress fall in love in Los Angeles. This is part 8 of an extended cinematic universe with new characters and plot twists.,1972
1560,Interstellar Uprising 5,Adventure|Sci-Fi,Explorers travel through a wormhole to save humanity. This is part 2 of an extended cinematic universe with new characters and plot twists.,1992
1561,La La Land Genesis 8,Drama|Musical,A jazz pianist and actress fall in love in Los Angeles. This is part 3 of an extended cinematic universe with new characters and plot twists.,2008
1562,The Godfather Uprising 9,Crime|Drama,The aging patriarch of an organized crime dynasty transfers control to his son. This is part 1 of an extended cinematic universe with new characters and plot twists.,1994
1563,Inside Out Legacy 8,Animation|Family,Emotions guide a young girl's life during a big move. This is part 7 of an extended cinematic universe with new characters and plot twists.,1998
1564,The Social Network Saga 2,Drama,The founding of Facebook and its legal battles. This is part 4 of an extended cinematic universe with new characters and plot twists.,2000
1565,Parasite Eclipse 7,Thriller|Drama,A poor family schemes to become employed by a wealthy household. This is part 3 of an extended cinematic universe with new characters and plot twists.,1977
1566,The Shawshank Redemption Rebirth 9,Drama,"Two imprisoned men bond over years, finding solace and eventual redemption. This is part 5 of an extended cinematic universe with new characters and plot twists.",2017
1567,Inside Out Uprising 6,Animation|Family,Emotions guide a young girl's life during a big move. This is part 1 of an extended cinematic universe with new characters and plot twists.,1976
1568,The Shawshank Redemption Reimagined 5,Drama,"Two imprisoned men bond over years, finding solace and eventual redemption. This is part 1 of an extended cinematic universe with new characters and plot twists.",2023
1569,La La Land Legacy 1,Drama|Musical,A jazz pianist and actress fall in love in Los Angeles. This is part 2 of an extended cinematic universe with new characters and plot twists.,1982
1570,The Godfather Genesis 2,Crime|Drama,The aging patriarch of an organized crime dynasty transfers control to his son. This is part 5 of an extended cinematic universe with new characters and plot twists.,1971
1571,Parasite Rebirth 8,Thriller|Drama,A poor family schemes to become employed by a wealthy household. This is part 9 of an extended cinematic universe with new characters and plot twists.,1984
1572,Parasite Legacy 9,Thriller|Drama,A poor family schemes to become employed by a wealthy household. This is part 6 of an extended cinematic universe with new characters and plot twists.,1993
1573,Parasite Uprising 7,Thriller|Drama,A poor family schemes to become employed by a wealthy household. This is part 3 of an extended cinematic universe with new characters and plot twists.,2010
1574,The Social Network Saga 6,Drama,The founding of Facebook and its legal battles. This is part 4 of an extended cinematic universe with new characters and plot twists.,1991
1575,Parasite Saga 3,Thriller|Drama,A poor family schemes to become employed by a wealthy household. This is part 2 of an extended cinematic universe with new characters and plot twists.,1985
1576,Inside Out Uprising 2,Animation|Family,Emotions guide a young girl's life during a big move. This is part 9 of an extended cinematic universe with new characters and plot twists.,2004
1577,Inside Out Chronicles 5,Animation|Family,Emotions guide a young girl's life during a big move. This is part 2 of an extended cinematic universe with new characters and plot twists.,1970
1578,Parasite Reimagined 4,Thriller|Drama,A poor family schemes to become employed by a wealthy household. This is part 9 of an extended cinematic universe with new characters and plot twists.,1980
1579,Interstellar Eclipse 7,Adventure|Sci-Fi,Explorers travel through a wormhole to save humanity. This is part 9 of an extended cinematic universe with new characters and plot twists.,1987
1580,The Shawshank Redemption Eclipse 9,Drama,"Two imprisoned men bond over years, finding solace and eventual redemption. This is part 7 of an extended cinematic universe with new characters and plot twists.",2020
1581,Parasite Saga 2,Thriller|Drama,A poor family schemes to become employed by a wealthy household. This is part 7 of an extended cinematic universe with new characters and plot twists.,2012
1582,La La Land Rebirth 5,Drama|Musical,A jazz pianist and actress fall in love in Los Angeles. This is part 8 of an extended cinematic universe with new characters and plot twists.,2017
1583,Inside Out Returns 5,Animation|Family,Emotions guide a young girl's life during a big move. This is part 1 of an extended cinematic universe with new characters and plot twists.,2017
1584,Inside Out Returns 6,Animation|Family,Emotions guide a young girl's life during a big move. This is part 6 of an extended cinematic universe with new characters and plot twists.,1977
1585,Inside Out Legacy 8,Animation|Family,Emotions guide a young girl's life during a big move. This is part 5 of an extended cinematic universe with new characters and plot twists.,2019
1586,La La Land Legacy 4,Drama|Musical,A jazz pianist and actress fall in love in Los Angeles. This is part 1 of an extended cinematic universe with new characters and plot twists.,2019
1587,Parasite Eclipse 1,Thriller|Drama,A poor family schemes to become employed by a wealthy household. This is part 2 of an extended cinematic universe with new characters and plot twists.,2005
1588,The Social Network Odyssey 2,Drama,The founding of Facebook and its legal battles. This is part 6 of an extended cinematic universe with new characters and plot twists.,2016
1589,La La Land Eclipse 1,Drama|Musical,A jazz pianist and actress fall in love in Los Angeles. This is part 2 of an extended cinematic universe with new characters and plot twists.,1987
1590,Inception Rebirth 6,Action|Sci-Fi,A thief who steals corporate secrets through dream-sharing technology. This is part 6 of an extended cinematic universe with new characters and plot twists.,1975
1591,The Social Network Returns 8,Drama,The founding of Facebook and its legal battles. This is part 4 of an extended cinematic universe with new characters and plot twists.,1973
1592,The Social Network Odyssey 6,Drama,The founding of Facebook and its legal battles. This is part 6 of an extended cinematic universe with new characters and plot twists.,1993
1593,The Godfather Saga 2,Crime|Drama,The aging patriarch of an organized crime dynasty transfers control to his son. This is part 3 of an extended cinematic universe with new characters and plot twists.,1994
1594,The Godfather Rebirth 2,Crime|Drama,The aging patriarch of an organized crime dynasty transfers control to his son. This is part 1 of an extended cinematic universe with new characters and plot twists.,1995
1595,Inception Eclipse 6,Action|Sci-Fi,A thief who steals corporate secrets through dream-sharing technology. This is part 6 of an extended cinematic universe with new characters and plot twists.,1975
1596,Inception Chronicles 4,Action|Sci-Fi,A thief who steals corporate secrets through dream-sharing technology. This is part 5 of an extended cinematic universe with new characters and plot twists.,2014
1597,La La Land Saga 9,Drama|Musical,A jazz pianist and actress fall in love in Los Angeles. This is part 6 of an extended cinematic universe with new characters and plot twists.,2016
1598,Inception Legacy 9,Action|Sci-Fi,A thief who steals corporate secrets through dream-sharing technology. This is part 1 of an extended cinematic universe with new characters and plot twists.,1987
1599,The Green Mile Chronicles 6,Drama|Fantasy,A moving prison drama with supernatural elements. This is part 1 of an extended cinematic universe with new characters and plot twists.,2015
1600,The Social Network Odyssey 7,Drama,The founding of Facebook and its legal battles. This is part 5 of an extended cinematic universe with new characters and plot twists.,1998
1601,The Green Mile Genesis 9,Drama|Fantasy,A moving prison drama with supernatural elements. This is part 6 of an extended cinematic universe with new characters and plot twists.,1985
1602,Interstellar Uprising 8,Adventure|Sci-Fi,Explorers travel through a wormhole to save humanity. This is part 6 of an extended cinematic universe with new characters and plot twists.,1989
1603,Inside Out Uprising 4,Animation|Family,Emotions guide a young girl's life during a big move. This is part 6 of an extended cinematic universe with new characters and plot twists.,1982
1604,Parasite Genesis 6,Thriller|Drama,A poor family schemes to become employed by a wealthy household. This is part 9 of an extended cinematic universe with new characters and plot twists.,2021
1605,The Green Mile Reimagined 6,Drama|Fantasy,A moving prison drama with supernatural elements. This is part 3 of an extended cinematic universe with new characters and plot twists.,2015
1606,La La Land Uprising 7,Drama|Musical,A jazz pianist and actress fall in love in Los Angeles. This is part 2 of an extended cinematic universe with new characters and plot twists.,2019
1607,Inception Uprising 6,Action|Sci-Fi,A thief who steals corporate secrets through dream-sharing technology. This is part 1 of an extended cinematic universe with new characters and plot twists.,1990
1608,The Social Network Reimagined 6,Drama,The founding of Facebook and its legal battles. This is part 1 of an extended cinematic universe with new characters and plot twists.,1995
1609,Inception Genesis 7,Action|Sci-Fi,A thief who steals corporate secrets through dream-sharing technology. This is part 6 of an extended cinematic universe with new characters and plot twists.,1990
1610,The Social Network Genesis 7,Drama,The founding of Facebook and its legal battles. This is part 5 of an extended cinematic universe with new characters and plot twists.,2013
1611,Interstellar Reimagined 7,Adventure|Sci-Fi,Explorers travel through a wormhole to save humanity. This is part 5 of an extended cinematic universe with new characters and plot twists.,1991
1612,Parasite Genesis 9,Thriller|Drama,A poor family schemes to become employed by a wealthy household. This is part 5 of an extended cinematic universe with new characters and plot twists.,2020
1613,Inception Chronicles 2,Action|Sci-Fi,A thief who steals corporate secrets through dream-sharing technology. This is part 9 of an extended cinematic universe with new characters and plot twists.,2017
1614,The Green Mile Rebirth 6,Drama|Fantasy,A moving prison drama with supernatural elements. This is part 7 of an extended cinematic universe with new characters and plot twists.,1988
1615,The Matrix Uprising 4,Action|Sci-Fi,A hacker discovers reality is a simulation. This is part 4 of an extended cinematic universe with new characters and plot twists.,2012
1616,La La Land Chronicles 7,Drama|Musical,A jazz pianist and actress fall in love in Los Angeles. This is part 5 of an extended cinematic universe with new characters and plot twists.,2001
1617,Inception Uprising 4,Action|Sci-Fi,A thief who steals corporate secrets through dream-sharing technology. This is part 4 of an extended cinematic universe with new characters and plot twists.,2012
1618,The Matrix Eclipse 6,Action|Sci-Fi,A hacker discovers reality is a simulation. This is part 2 of an extended cinematic universe with new characters and plot twists.,1991
1619,La La Land Reimagined 8,Drama|Musical,A jazz pianist and actress fall in love in Los Angeles. This is part 5 of an extended cinematic universe with new characters and plot twists.,1988
1620,Inception Chronicles 4,Action|Sci-Fi,A thief who steals corporate secrets through dream-sharing technology. This is part 8 of an extended cinematic universe with new characters and plot twists.,1992
1621,The Matrix Reimagined 9,Action|Sci-Fi,A hacker discovers reality is a simulation. This is part 7 of an extended cinematic universe with new characters and plot twists.,2009
1622,The Shawshank Redemption Rebirth 1,Drama,"Two imprisoned men bond over years, finding solace and eventual redemption. This is part 8 of an extended cinematic universe with new characters and plot twists.",1976
1623,The Matrix Odyssey 7,Action|Sci-Fi,A hacker discovers reality is a simulation. This is part 2 of an extended cinematic universe with new characters and plot twists.,1988
1624,The Green Mile Genesis 7,Drama|Fantasy,A moving prison drama with supernatural elements. This is part 2 of an extended cinematic universe with new characters and plot twists.,1988
1625,The Social Network Uprising 3,Drama,The founding of Facebook and its legal battles. This is part 9 of an extended cinematic universe with new characters and plot twists.,2023
1626,The Godfather Reimagined 6,Crime|Drama,The aging patriarch of an organized crime dynasty transfers control to his son. This is part 9 of an extended cinematic universe with new characters and plot twists.,2002
1627,The Green Mile Reimagined 1,Drama|Fantasy,A moving prison drama with supernatural elements. This is part 6 of an extended cinematic universe with new characters and plot twists.,2014
1628,Parasite Eclipse 1,Thriller|Drama,A poor family schemes to become employed by a wealthy household. This is part 9 of an extended cinematic universe with new characters and plot twists.,1980
1629,The Shawshank Redemption Genesis 4,Drama,"Two imprisoned men bond over years, finding solace and eventual redemption. This is part 5 of an extended cinematic universe with new characters and plot twists.",1997
1630,The Social Network Rebirth 6,Drama,The founding of Facebook and its legal battles. This is part 4 of an extended cinematic universe with new characters and plot twists.,2016
1631,The Green Mile Uprising 5,Drama|Fantasy,A moving prison drama with supernatural elements. This is part 4 of an extended cinematic universe with new characters and plot twists.,1971
1632,The Matrix Legacy 2,Action|Sci-Fi,A hacker discovers reality is a simulation. This is part 1 of an extended cinematic universe with new characters and plot twists.,2002
1633,Parasite Returns 7,Thriller|Drama,A poor family schemes to become employed by a wealthy household. This is part 9 of an extended cinematic universe with new characters and plot twists.,1992
1634,The Godfather Returns 7,Crime|Drama,The aging patriarch of an organized crime dynasty transfers control to his son. This is part 9 of an extended cinematic universe with new characters and plot twists.,2023
1635,La La Land Eclipse 5,Drama|Musical,A jazz pianist and actress fall in love in Los Angeles. This is part 4 of an extended cinematic universe with new characters and plot twists.,1979
1636,La La Land Chronicles 4,Drama|Musical,A jazz pianist and actress fall in love in Los Angeles. This is part 7 of an extended cinematic universe with new characters and plot twists.,2005
1637,The Green Mile Returns 4,Drama|Fantasy,A moving prison drama with supernatural elements. This is part 2 of an extended cinematic universe with new characters and plot twists.,1994
1638,The Green Mile Rebirth 2,Drama|Fantasy,A moving prison drama with supernatural elements. This is part 1 of an extended cinematic universe with new characters and plot twists.,1989
1639,Inside Out Chronicles 1,Animation|Family,Emotions guide a young girl's life during a big move. This is part 7 of an extended cinematic universe with new characters and plot twists.,1998
1640,The Shawshank Redemption Reimagined 2,Drama,"Two imprisoned men bond over years, finding solace and eventual redemption. This is part 7 of an extended cinematic universe with new characters and plot twists.",2012
1641,La La Land Genesis 9,Drama|Musical,A jazz pianist and actress fall in love in Los Angeles. This is part 2 of an extended cinematic universe with new characters and plot twists.,2004
1642,The Godfather Saga 5,Crime|Drama,The aging patriarch of an organized crime dynasty transfers control to his son. This is part 3 of an extended cinematic universe with new characters and plot twists.,2023
1643,Inception Rebirth 3,Action|Sci-Fi,A thief who steals corporate secrets through dream-sharing technology. This is part 8 of an extended cinematic universe with new characters and plot twists.,1972
1644,Interstellar Eclipse 8,Adventure|Sci-Fi,Explorers travel through a wormhole to save humanity. This is part 3 of an extended cinematic universe with new characters and plot twists.,1990
1645,The Green Mile Returns 7,Drama|Fantasy,A moving prison drama with supernatural elements. This is part 5 of an extended cinematic universe with new characters and plot twists.,1982
1646,Interstellar Returns 4,Adventure|Sci-Fi,Explorers travel through a wormhole to save humanity. This is part 3 of an extended cinematic universe with new characters and plot twists.,1990
1647,La La Land Odyssey 8,Drama|Musical,A jazz pianist and actress fall in love in Los Angeles. This is part 2 of an extended cinematic universe with new characters and plot twists.,1995
1648,Inception Returns 6,Action|Sci-Fi,A thief who steals corporate secrets through dream-sharing technology. This is part 2 of an extended cinematic universe with new characters and plot twists.,1991
1649,Parasite Legacy 6,Thriller|Drama,A poor family schemes to become employed by a wealthy household. This is part 6 of an extended cinematic universe with new characters and plot twists.,2014
1650,The Matrix Saga 7,Action|Sci-Fi,A hacker discovers reality is a simulation. This is part 9 of an extended cinematic universe with new characters and plot twists.,2016
1651,Inside Out Legacy 5,Animation|Family,Emotions guide a young girl's life during a big move. This is part 3 of an extended cinematic universe with new characters and plot twists.,2014
1652,The Social Network Genesis 2,Drama,The founding of Facebook and its legal battles. This is part 2 of an extended cinematic universe with new characters and plot twists.,1989
1653,Inception Eclipse 9,Action|Sci-Fi,A thief who steals corporate secrets through dream-sharing technology. This is part 1 of an extended cinematic universe with new characters and plot twists.,1987
1654,Parasite Chronicles 3,Thriller|Drama,A poor family schemes to become employed by a wealthy household. This is part 7 of an extended cinematic universe with new characters and plot twists.,2008
1655,Inception Saga 2,Action|Sci-Fi,A thief who steals corporate secrets through dream-sharing technology. This is part 4 of an extended cinematic universe with new characters and plot twists.,2000
1656,La La Land Odyssey 4,Drama|Musical,A jazz pianist and actress fall in love in Los Angeles. This is part 7 of an extended cinematic universe with new characters and plot twists.,1994
1657,The Social Network Eclipse 5,Drama,The founding of Facebook and its legal battles. This is part 7 of an extended cinematic universe with new characters and plot twists.,2017
1658,The Social Network Chronicles 7,Drama,The founding of Facebook and its legal battles. This is part 7 of an extended cinematic universe with new characters and plot twists.,1998
1659,The Matrix Rebirth 7,Action|Sci-Fi,A hacker discovers reality is a simulation. This is part 9 of an extended cinematic universe with new characters and plot twists.,2017
1660,Inception Rebirth 7,Action|Sci-Fi,A thief who steals corporate secrets through dream-sharing technology. This is part 5 of an extended cinematic universe with new characters and plot twists.,2009
1661,Interstellar Returns 8,Adventure|Sci-Fi,Explorers travel through a wormhole to save humanity. This is part 6 of an extended cinematic universe with new characters and plot twists.,2025
1662,La La Land Returns 7,Drama|Musical,A jazz pianist and actress fall in love in Los Angeles. This is part 8 of an extended cinematic universe with new characters and plot twists.,2013
1663,The Godfather Saga 8,Crime|Drama,The aging patriarch of an organized crime dynasty transfers control to his son. This is part 2 of an extended cinematic universe with new characters and plot twists.,2009
1664,The Social Network Reimagined 3,Drama,The founding of Facebook and its legal battles. This is part 2 of an extended cinematic universe with new characters and plot twists.,1988
1665,The Green Mile Saga 9,Drama|Fantasy,A moving prison drama with supernatural elements. This is part 7 of an extended cinematic universe with new characters and plot twists.,1972
1666,La La Land Saga 7,Drama|Musical,A jazz pianist and actress fall in love in Los Angeles. This is part 4 of an extended cinematic universe with new characters and plot twists.,2005
1667,The Green Mile Rebirth 6,Drama|Fantasy,A moving prison drama with supernatural elements. This is part 9 of an extended cinematic universe with new characters and plot twists.,1975
1668,The Matrix Chronicles 6,Action|Sci-Fi,A hacker discovers reality is a simulation. This is part 9 of an extended cinematic universe with new characters and plot twists.,1976
1669,Inside Out Rebirth 9,Animation|Family,Emotions guide a young girl's life during a big move. This is part 4 of an extended cinematic universe with new characters and plot twists.,1991
1670,The Green Mile Eclipse 2,Drama|Fantasy,A moving prison drama with supernatural elements. This is part 2 of an extended cinematic universe with new characters and plot twists.,1996
1671,The Shawshank Redemption Genesis 4,Drama,"Two imprisoned men bond over years, finding solace and eventual redemption. This is part 9 of an extended cinematic universe with new characters and plot twists.",2007
1672,Parasite Returns 3,Thriller|Drama,A poor family schemes to become employed by a wealthy household. This is part 9 of an extended cinematic universe with new characters and plot twists.,1992
1673,The Godfather Reimagined 6,Crime|Drama,The aging patriarch of an organized crime dynasty transfers control to his son. This is part 7 of an extended cinematic universe with new characters and plot twists.,2001
1674,La La Land Uprising 3,Drama|Musical,A jazz pianist and actress fall in love in Los Angeles. This is part 2 of an extended cinematic universe with new characters and plot twists.,2007
1675,La La Land Returns 1,Drama|Musical,A jazz pianist and actress fall in love in Los Angeles. This is part 4 of an extended cinematic universe with new characters and plot twists.,2008
1676,The Green Mile Odyssey 7,Drama|Fantasy,A moving prison drama with supernatural elements. This is part 7 of an extended cinematic universe with new characters and plot twists.,1997
1677,The Shawshank Redemption Uprising 1,Drama,"Two imprisoned men bond over years, finding solace and eventual redemption. This is part 9 of an extended cinematic universe with new characters and plot twists.",2009
1678,The Godfather Odyssey 5,Crime|Drama,The aging patriarch of an organized crime dynasty transfers control to his son. This is part 6 of an extended cinematic universe with new characters and plot twists.,2024
1679,The Matrix Returns 7,Action|Sci-Fi,A hacker discovers reality is a simulation. This is part 7 of an extended cinematic universe with new characters and plot twists.,2008
1680,La La Land Rebirth 7,Drama|Musical,A jazz pianist and actress fall in love in Los Angeles. This is part 2 of an extended cinematic universe with new characters and plot twists.,1987
1681,Interstellar Legacy 7,Adventure|Sci-Fi,Explorers travel through a wormhole to save humanity. This is part 6 of an extended cinematic universe with new characters and plot twists.,2020
1682,La La Land Chronicles 7,Drama|Musical,A jazz pianist and actress fall in love in Los Angeles. This is part 1 of an extended cinematic universe with new characters and plot twists.,1989
1683,La La Land Uprising 8,Drama|Musical,A jazz pianist and actress fall in love in Los Angeles. This is part 6 of an extended cinematic universe with new characters and plot twists.,1978
1684,La La Land Genesis 1,Drama|Musical,A jazz pianist and actress fall in love in Los Angeles. This is part 5 of an extended cinematic universe with new characters and plot twists.,1981
1685,The Social Network Returns 3,Drama,The founding of Facebook and its legal battles. This is part 3 of an extended cinematic universe with new characters and plot twists.,1973
1686,Interstellar Odyssey 3,Adventure|Sci-Fi,Explorers travel through a wormhole to save humanity. This is part 5 of an extended cinematic universe with new characters and plot twists.,2009
1687,Interstellar Rebirth 2,Adventure|Sci-Fi,Explorers travel through a wormhole to save humanity. This is part 1 of an extended cinematic universe with new characters and plot twists.,2006
1688,Interstellar Reimagined 5,Adventure|Sci-Fi,Explorers travel through a wormhole to save humanity. This is part 4 of an extended cinematic universe with new characters and plot twists.,1984
1689,The Shawshank Redemption Legacy 8,Drama,"Two imprisoned men bond over years, finding solace and eventual redemption. This is part 7 of an extended cinematic universe with new characters and plot twists.",1996
1690,The Social Network Uprising 5,Drama,The founding of Facebook and its legal battles. This is part 9 of an extended cinematic universe with new characters and plot twists.,2000
1691,The Matrix Genesis 5,Action|Sci-Fi,A hacker discovers reality is a simulation. This is part 7 of an extended cinematic universe with new characters and plot twists.,1978
1692,Parasite Chronicles 1,Thriller|Drama,A poor family schemes to become employed by a wealthy household. This is part 8 of an extended cinematic universe with new characters and plot twists.,2006
1693,Parasite Saga 7,Thriller|Drama,A poor family schemes to become employed by a wealthy household. This is part 8 of an extended cinematic universe with new characters and plot twists.,2021
1694,Inside Out Rebirth 9,Animation|Family,Emotions guide a young girl's life during a big move. This is part 2 of an extended cinematic universe with new characters and plot twists.,1981
1695,La La Land Uprising 5,Drama|Musical,A jazz pianist and actress fall in love in Los Angeles. This is part 6 of an extended cinematic universe with new characters and plot twists.,2003
1696,Interstellar Rebirth 8,Adventure|Sci-Fi,Explorers travel through a wormhole to save humanity. This is part 7 of an extended cinematic universe with new characters and plot twists.,2013
1697,The Green Mile Uprising 2,Drama|Fantasy,A moving prison drama with supernatural elements. This is part 3 of an extended cinematic universe with new characters and plot twists.,1997
1698,La La Land Genesis 6,Drama|Musical,A jazz pianist and actress fall in love in Los Angeles. This is part 7 of an extended cinematic universe with new characters and plot twists.,2009
1699,Inception Returns 7,Action|Sci-Fi,A thief who steals corporate secrets through dream-sharing technology. This is part 6 of an extended cinematic universe with new characters and plot twists.,1988
1700,The Green Mile Uprising 1,Drama|Fantasy,A moving prison drama with supernatural elements. This is part 9 of an extended cinematic universe with new characters and plot twists.,2024
1701,The Matrix Chronicles 2,Action|Sci-Fi,A hacker discovers reality is a simulation. This is part 5 of an extended cinematic universe with new characters and plot twists.,1989
1702,Parasite Odyssey 4,Thriller|Drama,A poor family schemes to become employed by a wealthy household. This is part 8 of an extended cinematic universe with new characters and plot twists.,1992
1703,The Social Network Returns 4,Drama,The founding of Facebook and its legal battles. This is part 8 of an extended cinematic universe with new characters and plot twists.,1999
1704,The Shawshank Redemption Genesis 9,Drama,"Two imprisoned men bond over years, finding solace and eventual redemption. This is part 3 of an extended cinematic universe with new characters and plot twists.",1997
1705,The Green Mile Genesis 8,Drama|Fantasy,A moving prison drama with supernatural elements. This is part 1 of an extended cinematic universe with new characters and plot twists.,2010
1706,La La Land Legacy 2,Drama|Musical,A jazz pianist and actress fall in love in Los Angeles. This is part 1 of an extended cinematic universe with new characters and plot twists.,2001
1707,The Green Mile Rebirth 4,Drama|Fantasy,A moving prison drama with supernatural elements. This is part 1 of an extended cinematic universe with new characters and plot twists.,2015
1708,Inside Out Reimagined 5,Animation|Family,Emotions guide a young girl's life during a big move. This is part 1 of an extended cinematic universe with new characters and plot twists.,2021
1709,The Matrix Odyssey 2,Action|Sci-Fi,A hacker discovers reality is a simulation. This is part 5 of an extended cinematic universe with new characters and plot twists.,1999
1710,Inception Genesis 4,Action|Sci-Fi,A thief who steals corporate secrets through dream-sharing technology. This is part 5 of an extended cinematic universe with new characters and plot twists.,1977
1711,Inception Uprising 8,Action|Sci-Fi,A thief who steals corporate secrets through dream-sharing technology. This is part 2 of an extended cinematic universe with new characters and plot twists.,2023
1712,Interstellar Reimagined 4,Adventure|Sci-Fi,Explorers travel through a wormhole to save humanity. This is part 5 of an extended cinematic universe with new characters and plot twists.,1988
1713,The Matrix Odyssey 3,Action|Sci-Fi,A hacker discovers reality is a simulation. This is part 2 of an extended cinematic universe with new characters and plot twists.,2016
1714,La La Land Rebirth 9,Drama|Musical,A jazz pianist and actress fall in love in Los Angeles. This is part 9 of an extended cinematic universe with new characters and plot twists.,2005
1715,The Shawshank Redemption Reimagined 7,Drama,"Two imprisoned men bond over years, finding solace and eventual redemption. This is part 2 of an extended cinematic universe with new characters and plot twists.",1984
1716,Inception Chronicles 4,Action|Sci-Fi,A thief who steals corporate secrets through dream-sharing technology. This is part 6 of an extended cinematic universe with new characters and plot twists.,2021
1717,La La Land Rebirth 3,Drama|Musical,A jazz pianist and actress fall in love in Los Angeles. This is part 9 of an extended cinematic universe with new characters and plot twists.,2005
1718,La La Land Odyssey 1,Drama|Musical,A jazz pianist and actress fall in love in Los Angeles. This is part 6 of an extended cinematic universe with new characters and plot twists.,1971
1719,Parasite Genesis 7,Thriller|Drama,A poor family schemes to become employed by a wealthy household. This is part 7 of an extended cinematic universe with new characters and plot twists.,2000
1720,The Matrix Genesis 5,Action|Sci-Fi,A hacker discovers reality is a simulation. This is part 6 of an extended cinematic universe with new characters and plot twists.,2025
1721,Inception Rebirth 5,Action|Sci-Fi,A thief who steals corporate secrets through dream-sharing technology. This is part 9 of an extended cinematic universe with new characters and plot twists.,1991
1722,Inside Out Odyssey 7,Animation|Family,Emotions guide a young girl's life during a big move. This is part 2 of an extended cinematic universe with new characters and plot twists.,1991
1723,La La Land Rebirth 9,Drama|Musical,A jazz pianist and actress fall in love in Los Angeles. This is part 3 of an extended cinematic universe with new characters and plot twists.,2007
1724,La La Land Legacy 8,Drama|Musical,A jazz pianist and actress fall in love in Los Angeles. This is part 9 of an extended cinematic universe with new characters and plot twists.,2021
1725,The Matrix Uprising 8,Action|Sci-Fi,A hacker discovers reality is a simulation. This is part 6 of an extended cinematic universe with new characters and plot twists.,1984
1726,The Godfather Reimagined 5,Crime|Drama,The aging patriarch of an organized crime dynasty transfers control to his son. This is part 1 of an extended cinematic universe with new characters and plot twists.,1990
1727,The Green Mile Chronicles 6,Drama|Fantasy,A moving prison drama with supernatural elements. This is part 7 of an extended cinematic universe with new characters and plot twists.,2008
1728,Inception Saga 3,Action|Sci-Fi,A thief who steals corporate secrets through dream-sharing technology. This is part 2 of an extended cinematic universe with new characters and plot twists.,1975
1729,Inside Out Rebirth 9,Animation|Family,Emotions guide a young girl's life during a big move. This is part 4 of an extended cinematic universe with new characters and plot twists.,2021
1730,The Social Network Eclipse 8,Drama,The founding of Facebook and its legal battles. This is part 2 of an extended cinematic universe with new characters and plot twists.,1984
1731,Inside Out Saga 1,Animation|Family,Emotions guide a young girl's life during a big move. This is part 7 of an extended cinematic universe with new characters and plot twists.,2008
1732,The Social Network Reimagined 8,Drama,The founding of Facebook and its legal battles. This is part 9 of an extended cinematic universe with new characters and plot twists.,2019
1733,The Social Network Odyssey 9,Drama,The founding of Facebook and its legal battles. This is part 3 of an extended cinematic universe with new characters and plot twists.,1983
1734,The Green Mile Legacy 8,Drama|Fantasy,A moving prison drama with supernatural elements. This is part 4 of an extended cinematic universe with new characters and plot twists.,2023
1735,The Green Mile Genesis 8,Drama|Fantasy,A moving prison drama with supernatural elements. This is part 1 of an extended cinematic universe with new characters and plot twists.,2017
1736,La La Land Rebirth 9,Drama|Musical,A jazz pianist and actress fall in love in Los Angeles. This is part 1 of an extended cinematic universe with new characters and plot twists.,2003
1737,The Matrix Genesis 1,Action|Sci-Fi,A hacker discovers reality is a simulation. This is part 8 of an extended cinematic universe with new characters and plot twists.,1999
1738,La La Land Rebirth 4,Drama|Musical,A jazz pianist and actress fall in love in Los Angeles. This is part 8 of an extended cinematic universe with new characters and plot twists.,1987
1739,The Social Network Saga 8,Drama,The founding of Facebook and its legal battles. This is part 9 of an extended cinematic universe with new characters and plot twists.,2004
1740,La La Land Uprising 3,Drama|Musical,A jazz pianist and actress fall in love in Los Angeles. This is part 6 of an extended cinematic universe with new characters and plot twists.,2000
1741,La La Land Rebirth 2,Drama|Musical,A jazz pianist and actress fall in love in Los Angeles. This is part 6 of an extended cinematic universe with new characters and plot twists.,1999
1742,La La Land Rebirth 8,Drama|Musical,A jazz pianist and actress fall in love in Los Angeles. This is part 4 of an extended cinematic universe with new characters and plot twists.,2005
1743,The Social Network Chronicles 1,Drama,The founding of Facebook and its legal battles. This is part 8 of an extended cinematic universe with new characters and plot twists.,2016
1744,Interstellar Returns 9,Adventure|Sci-Fi,Explorers travel through a wormhole to save humanity. This is part 4 of an extended cinematic universe with new characters and plot twists.,1986
1745,Parasite Chronicles 4,Thriller|Drama,A poor family schemes to become employed by a wealthy household. This is part 3 of an extended cinematic universe with new characters and plot twists.,1989
1746,The Green Mile Chronicles 1,Drama|Fantasy,A moving prison drama with supernatural elements. This is part 6 of an extended cinematic universe with new characters and plot twists.,1977
1747,La La Land Legacy 6,Drama|Musical,A jazz pianist and actress fall in love in Los Angeles. This is part 3 of an extended cinematic universe with new characters and plot twists.,1975
1748,The Green Mile Legacy 8,Drama|Fantasy,A moving prison drama with supernatural elements. This is part 6 of an extended cinematic universe with new characters and plot twists.,1990
1749,The Matrix Genesis 2,Action|Sci-Fi,A hacker discovers reality is a simulation. This is part 8 of an extended cinematic universe with new characters and plot twists.,1997
1750,The Green Mile Returns 3,Drama|Fantasy,A moving prison drama with supernatural elements. This is part 3 of an extended cinematic universe with new characters and plot twists.,2014
1751,La La Land Rebirth 8,Drama|Musical,A jazz pianist and actress fall in love in Los Angeles. This is part 4 of an extended cinematic universe with new characters and plot twists.,1971
1752,Inception Reimagined 4,Action|Sci-Fi,A thief who steals corporate secrets through dream-sharing technology. This is part 5 of an extended cinematic universe with new characters and plot twists.,2016
1753,Inside Out Legacy 9,Animation|Family,Emotions guide a young girl's life during a big move. This is part 1 of an extended cinematic universe with new characters and plot twists.,2012
1754,The Green Mile Uprising 3,Drama|Fantasy,A moving prison drama with supernatural elements. This is part 7 of an extended cinematic universe with new characters and plot twists.,2021
1755,The Green Mile Saga 1,Drama|Fantasy,A moving prison drama with supernatural elements. This is part 6 of an extended cinematic universe with new characters and plot twists.,2004
1756,The Godfather Rebirth 9,Crime|Drama,The aging patriarch of an organized crime dynasty transfers control to his son. This is part 9 of an extended cinematic universe with new characters and plot twists.,2000
1757,Inception Genesis 1,Action|Sci-Fi,A thief who steals corporate secrets through dream-sharing technology. This is part 5 of an extended cinematic universe with new characters and plot twists.,1999
1758,The Green Mile Genesis 7,Drama|Fantasy,A moving prison drama with supernatural elements. This is part 3 of an extended cinematic universe with new characters and plot twists.,2009
1759,Inside Out Reimagined 6,Animation|Family,Emotions guide a young girl's life during a big move. This is part 9 of an extended cinematic universe with new characters and plot twists.,1978
1760,The Matrix Saga 2,Action|Sci-Fi,A hacker discovers reality is a simulation. This is part 9 of an extended cinematic universe with new characters and plot twists.,1984
1761,Inception Rebirth 5,Action|Sci-Fi,A thief who steals corporate secrets through dream-sharing technology. This is part 2 of an extended cinematic universe with new characters and plot twists.,1976
1762,The Matrix Genesis 1,Action|Sci-Fi,A hacker discovers reality is a simulation. This is part 8 of an extended cinematic universe with new characters and plot twists.,1991
1763,The Shawshank Redemption Eclipse 4,Drama,"Two imprisoned men bond over years, finding solace and eventual redemption. This is part 4 of an extended cinematic universe with new characters and plot twists.",2010
1764,The Matrix Eclipse 6,Action|Sci-Fi,A hacker discovers reality is a simulation. This is part 2 of an extended cinematic universe with new characters and plot twists.,2017
1765,Parasite Saga 6,Thriller|Drama,A poor family schemes to become employed by a wealthy household. This is part 7 of an extended cinematic universe with new characters and plot twists.,1990
1766,The Green Mile Returns 7,Drama|Fantasy,A moving prison drama with supernatural elements. This is part 1 of an extended cinematic universe with new characters and plot twists.,1993
1767,The Godfather Saga 8,Crime|Drama,The aging patriarch of an organized crime dynasty transfers control to his son. This is part 9 of an extended cinematic universe with new characters and plot twists.,2019
1768,The Godfather Saga 5,Crime|Drama,The aging patriarch of an organized crime dynasty transfers control to his son. This is part 8 of an extended cinematic universe with new characters and plot twists.,2008
1769,The Social Network Legacy 7,Drama,The founding of Facebook and its legal battles. This is part 4 of an extended cinematic universe with new characters and plot twists.,2001
1770,Parasite Chronicles 8,Thriller|Drama,A poor family schemes to become employed by a wealthy household. This is part 7 of an extended cinematic universe with new characters and plot twists.,2024
1771,The Shawshank Redemption Reimagined 7,Drama,"Two imprisoned men bond over years, finding solace and eventual redemption. This is part 1 of an extended cinematic universe with new characters and plot twists.",2016
1772,La La Land Legacy 6,Drama|Musical,A jazz pianist and actress fall in love in Los Angeles. This is part 3 of an extended cinematic universe with new characters and plot twists.,1985
1773,The Godfather Rebirth 1,Crime|Drama,The aging patriarch of an organized crime dynasty transfers control to his son. This is part 1 of an extended cinematic universe with new characters and plot twists.,2017
1774,Interstellar Uprising 2,Adventure|Sci-Fi,Explorers travel through a wormhole to save humanity. This is part 7 of an extended cinematic universe with new characters and plot twists.,2005
1775,Inside Out Reimagined 8,Animation|Family,Emotions guide a young girl's life during a big move. This is part 8 of an extended cinematic universe with new characters and plot twists.,2014
1776,Interstellar Genesis 1,Adventure|Sci-Fi,Explorers travel through a wormhole to save humanity. This is part 1 of an extended cinematic universe with new characters and plot twists.,2016
1777,Inception Saga 6,Action|Sci-Fi,A thief who steals corporate secrets through dream-sharing technology. This is part 7 of an extended cinematic universe with new characters and plot twists.,1985
1778,Inception Rebirth 6,Action|Sci-Fi,A thief who steals corporate secrets through dream-sharing technology. This is part 7 of an extended cinematic universe with new characters and plot twists.,2021
1779,Inside Out Genesis 2,Animation|Family,Emotions guide a young girl's life during a big move. This is part 9 of an extended cinematic universe with new characters and plot twists.,2014
1780,The Shawshank Redemption Saga 6,Drama,"Two imprisoned men bond over years, finding solace and eventual redemption. This is part 9 of an extended cinematic universe with new characters and plot twists.",2005
1781,The Godfather Uprising 5,Crime|Drama,The aging patriarch of an organized crime dynasty transfers control to his son. This is part 7 of an extended cinematic universe with new characters and plot twists.,1989
1782,The Godfather Uprising 6,Crime|Drama,The aging patriarch of an organized crime dynasty transfers control to his son. This is part 5 of an extended cinematic universe with new characters and plot twists.,1975
1783,Inside Out Genesis 6,Animation|Family,Emotions guide a young girl's life during a big move. This is part 3 of an extended cinematic universe with new characters and plot twists.,1992
1784,Inside Out Uprising 7,Animation|Family,Emotions guide a young girl's life during a big move. This is part 8 of an extended cinematic universe with new characters and plot twists.,1986
1785,Inception Saga 3,Action|Sci-Fi,A thief who steals corporate secrets through dream-sharing technology. This is part 3 of an extended cinematic universe with new characters and plot twists.,2009
1786,Parasite Uprising 4,Thriller|Drama,A poor family schemes to become employed by a wealthy household. This is part 7 of an extended cinematic universe with new characters and plot twists.,1994
1787,The Godfather Returns 1,Crime|Drama,The aging patriarch of an organized crime dynasty transfers control to his son. This is part 1 of an extended cinematic universe with new characters and plot twists.,2010
1788,The Green Mile Reimagined 8,Drama|Fantasy,A moving prison drama with supernatural elements. This is part 2 of an extended cinematic universe with new characters and plot twists.,1988
1789,The Green Mile Reimagined 9,Drama|Fantasy,A moving prison drama with supernatural elements. This is part 3 of an extended cinematic universe with new characters and plot twists.,1996
1790,Inception Genesis 8,Action|Sci-Fi,A thief who steals corporate secrets through dream-sharing technology. This is part 4 of an extended cinematic universe with new characters and plot twists.,1989
1791,Inside Out Legacy 8,Animation|Family,Emotions guide a young girl's life during a big move. This is part 5 of an extended cinematic universe with new characters and plot twists.,2001
1792,The Green Mile Saga 6,Drama|Fantasy,A moving prison drama with supernatural elements. This is part 5 of an extended cinematic universe with new characters and plot twists.,1990
1793,The Matrix Returns 3,Action|Sci-Fi,A hacker discovers reality is a simulation. This is part 1 of an extended cinematic universe with new characters and plot twists.,1998
1794,The Matrix Eclipse 9,Action|Sci-Fi,A hacker discovers reality is a simulation. This is part 4 of an extended cinematic universe with new characters and plot twists.,2007
1795,Interstellar Returns 5,Adventure|Sci-Fi,Explorers travel through a wormhole to save humanity. This is part 1 of an extended cinematic universe with new characters and plot twists.,2006
1796,The Matrix Legacy 1,Action|Sci-Fi,A hacker discovers reality is a simulation. This is part 3 of an extended cinematic universe with new characters and plot twists.,2016
1797,The Green Mile Returns 8,Drama|Fantasy,A moving prison drama with supernatural elements. This is part 4 of an extended cinematic universe with new characters and plot twists.,2007
1798,La La Land Odyssey 6,Drama|Musical,A jazz pianist and actress fall in love in Los Angeles. This is part 2 of an extended cinematic universe with new characters and plot twists.,2012
1799,La La Land Chronicles 8,Drama|Musical,A jazz pianist and actress fall in love in Los Angeles. This is part 3 of an extended cinematic universe with new characters and plot twists.,1986
1800,Inception Chronicles 1,Action|Sci-Fi,A thief who steals corporate secrets through dream-sharing technology. This is part 1 of an extended cinematic universe with new characters and plot twists.,2022
1801,Inception Legacy 5,Action|Sci-Fi,A thief who steals corporate secrets through dream-sharing technology. This is part 2 of an extended cinematic universe with new characters and plot twists.,2013
1802,The Matrix Eclipse 1,Action|Sci-Fi,A hacker discovers reality is a simulation. This is part 8 of an extended cinematic universe with new characters and plot twists.,2003
1803,Interstellar Legacy 8,Adventure|Sci-Fi,Explorers travel through a wormhole to save humanity. This is part 4 of an extended cinematic universe with new characters and plot twists.,1981
1804,The Green Mile Legacy 2,Drama|Fantasy,A moving prison drama with supernatural elements. This is part 4 of an extended cinematic universe with new characters and plot twists.,1975
1805,The Godfather Genesis 8,Crime|Drama,The aging patriarch of an organized crime dynasty transfers control to his son. This is part 2 of an extended cinematic universe with new characters and plot twists.,2017
1806,La La Land Saga 6,Drama|Musical,A jazz pianist and actress fall in love in Los Angeles. This is part 8 of an extended cinematic universe with new characters and plot twists.,2016
1807,The Matrix Legacy 8,Action|Sci-Fi,A hacker discovers reality is a simulation. This is part 5 of an extended cinematic universe with new characters and plot twists.,2003
1808,The Social Network Odyssey 1,Drama,The founding of Facebook and its legal battles. This is part 6 of an extended cinematic universe with new characters and plot twists.,2006
1809,The Matrix Reimagined 5,Action|Sci-Fi,A hacker discovers reality is a simulation. This is part 6 of an extended cinematic universe with new characters and plot twists.,1999
1810,Parasite Chronicles 8,Thriller|Drama,A poor family schemes to become employed by a wealthy household. This is part 2 of an extended cinematic universe with new characters and plot twists.,1981
1811,The Green Mile Legacy 8,Drama|Fantasy,A moving prison drama with supernatural elements. This is part 8 of an extended cinematic universe with new characters and plot twists.,2008
1812,Parasite Genesis 7,Thriller|Drama,A poor family schemes to become employed by a wealthy household. This is part 8 of an extended cinematic universe with new characters and plot twists.,2023
1813,Inside Out Uprising 8,Animation|Family,Emotions guide a young girl's life during a big move. This is part 5 of an extended cinematic universe with new characters and plot twists.,2009
1814,Inside Out Reimagined 2,Animation|Family,Emotions guide a young girl's life during a big move. This is part 8 of an extended cinematic universe with new characters and plot twists.,1997
1815,The Matrix Legacy 2,Action|Sci-Fi,A hacker discovers reality is a simulation. This is part 8 of an extended cinematic universe with new characters and plot twists.,2000
1816,Parasite Odyssey 4,Thriller|Drama,A poor family schemes to become employed by a wealthy household. This is part 2 of an extended cinematic universe with new characters and plot twists.,2004
1817,Interstellar Odyssey 7,Adventure|Sci-Fi,Explorers travel through a wormhole to save humanity. This is part 6 of an extended cinematic universe with new characters and plot twists.,2019
1818,Parasite Uprising 1,Thriller|Drama,A poor family schemes to become employed by a wealthy household. This is part 1 of an extended cinematic universe with new characters and plot twists.,1983
1819,The Green Mile Uprising 4,Drama|Fantasy,A moving prison drama with supernatural elements. This is part 3 of an extended cinematic universe with new characters and plot twists.,1999
1820,Inside Out Reimagined 7,Animation|Family,Emotions guide a young girl's life during a big move. This is part 7 of an extended cinematic universe with new characters and plot twists.,2016
1821,The Godfather Odyssey 6,Crime|Drama,The aging patriarch of an organized crime dynasty transfers control to his son. This is part 8 of an extended cinematic universe with new characters and plot twists.,1993
1822,The Matrix Eclipse 3,Action|Sci-Fi,A hacker discovers reality is a simulation. This is part 6 of an extended cinematic universe with new characters and plot twists.,1975
1823,La La Land Chronicles 3,Drama|Musical,A jazz pianist and actress fall in love in Los Angeles. This is part 1 of an extended cinematic universe with new characters and plot twists.,1977
1824,La La Land Saga 1,Drama|Musical,A jazz pianist and actress fall in love in Los Angeles. This is part 7 of an extended cinematic universe with new characters and plot twists.,2016
1825,Parasite Chronicles 6,Thriller|Drama,A poor family schemes to become employed by a wealthy household. This is part 9 of an extended cinematic universe with new characters and plot twists.,1990
1826,The Social Network Saga 6,Drama,The founding of Facebook and its legal battles. This is part 6 of an extended cinematic universe with new characters and plot twists.,2000
1827,The Shawshank Redemption Eclipse 8,Drama,"Two imprisoned men bond over years, finding solace and eventual redemption. This is part 6 of an extended cinematic universe with new characters and plot twists.",1978
1828,The Matrix Uprising 9,Action|Sci-Fi,A hacker discovers reality is a simulation. This is part 3 of an extended cinematic universe with new characters and plot twists.,1970
1829,Inception Saga 1,Action|Sci-Fi,A thief who steals corporate secrets through dream-sharing technology. This is part 1 of an extended cinematic universe with new characters and plot twists.,1983
1830,The Godfather Eclipse 8,Crime|Drama,The aging patriarch of an organized crime dynasty transfers control to his son. This is part 9 of an extended cinematic universe with new characters and plot twists.,1996
1831,La La Land Eclipse 6,Drama|Musical,A jazz pianist and actress fall in love in Los Angeles. This is part 9 of an extended cinematic universe with new characters and plot twists.,1990
1832,The Shawshank Redemption Genesis 9,Drama,"Two imprisoned men bond over years, finding solace and eventual redemption. This is part 2 of an extended cinematic universe with new characters and plot twists.",2011
1833,The Social Network Returns 9,Drama,The founding of Facebook and its legal battles. This is part 6 of an extended cinematic universe with new characters and plot twists.,2007
1834,Parasite Uprising 2,Thriller|Drama,A poor family schemes to become employed by a wealthy household. This is part 1 of an extended cinematic universe with new characters and plot twists.,2007
1835,La La Land Chronicles 4,Drama|Musical,A jazz pianist and actress fall in love in Los Angeles. This is part 1 of an extended cinematic universe with new characters and plot twists.,2016
1836,The Green Mile Saga 5,Drama|Fantasy,A moving prison drama with supernatural elements. This is part 1 of an extended cinematic universe with new characters and plot twists.,1993
1837,The Shawshank Redemption Legacy 3,Drama,"Two imprisoned men bond over years, finding solace and eventual redemption. This is part 6 of an extended cinematic universe with new characters and plot twists.",2013
1838,La La Land Genesis 1,Drama|Musical,A jazz pianist and actress fall in love in Los Angeles. This is part 2 of an extended cinematic universe with new characters and plot twists.,2010
1839,Interstellar Reimagined 7,Adventure|Sci-Fi,Explorers travel through a wormhole to save humanity. This is part 5 of an extended cinematic universe with new characters and plot twists.,1975
1840,Inception Odyssey 9,Action|Sci-Fi,A thief who steals corporate secrets through dream-sharing technology. This is part 9 of an extended cinematic universe with new characters and plot twists.,2009
1841,The Godfather Uprising 9,Crime|Drama,The aging patriarch of an organized crime dynasty transfers control to his son. This is part 8 of an extended cinematic universe with new characters and plot twists.,2023
1842,The Green Mile Legacy 9,Drama|Fantasy,A moving prison drama with supernatural elements. This is part 6 of an extended cinematic universe with new characters and plot twists.,2023
1843,The Godfather Chronicles 5,Crime|Drama,The aging patriarch of an organized crime dynasty transfers control to his son. This is part 3 of an extended cinematic universe with new characters and plot twists.,1982
1844,Parasite Chronicles 6,Thriller|Drama,A poor family schemes to become employed by a wealthy household. This is part 1 of an extended cinematic universe with new characters and plot twists.,1975
1845,La La Land Odyssey 7,Drama|Musical,A jazz pianist and actress fall in love in Los Angeles. This is part 2 of an extended cinematic universe with new characters and plot twists.,2015
1846,The Matrix Genesis 4,Action|Sci-Fi,A hacker discovers reality is a simulation. This is part 9 of an extended cinematic universe with new characters and plot twists.,2020
1847,La La Land Returns 8,Drama|Musical,A jazz pianist and actress fall in love in Los Angeles. This is part 4 of an extended cinematic universe with new characters and plot twists.,2024
1848,The Matrix Genesis 9,Action|Sci-Fi,A hacker discovers reality is a simulation. This is part 6 of an extended cinematic universe with new characters and plot twists.,1996
1849,La La Land Eclipse 1,Drama|Musical,A jazz pianist and actress fall in love in Los Angeles. This is part 6 of an extended cinematic universe with new characters and plot twists.,1973
1850,Inception Returns 1,Action|Sci-Fi,A thief who steals corporate secrets through dream-sharing technology. This is part 4 of an extended cinematic universe with new characters and plot twists.,2025
1851,The Green Mile Legacy 9,Drama|Fantasy,A moving prison drama with supernatural elements. This is part 7 of an extended cinematic universe with new characters and plot twists.,1992
1852,Interstellar Uprising 9,Adventure|Sci-Fi,Explorers travel through a wormhole to save humanity. This is part 8 of an extended cinematic universe with new characters and plot twists.,1996
1853,The Social Network Legacy 5,Drama,The founding of Facebook and its legal battles. This is part 8 of an extended cinematic universe with new characters and plot twists.,1975
1854,The Matrix Odyssey 4,Action|Sci-Fi,A hacker discovers reality is a simulation. This is part 8 of an extended cinematic universe with new characters and plot twists.,2004
1855,The Green Mile Legacy 6,Drama|Fantasy,A moving prison drama with supernatural elements. This is part 6 of an extended cinematic universe with new characters and plot twists.,1982
1856,The Godfather Reimagined 5,Crime|Drama,The aging patriarch of an organized crime dynasty transfers control to his son. This is part 7 of an extended cinematic universe with new characters and plot twists.,1970
1857,Inside Out Reimagined 4,Animation|Family,Emotions guide a young girl's life during a big move. This is part 8 of an extended cinematic universe with new characters and plot twists.,1977
1858,The Shawshank Redemption Legacy 3,Drama,"Two imprisoned men bond over years, finding solace and eventual redemption. This is part 1 of an extended cinematic universe with new characters and plot twists.",2010
1859,The Green Mile Returns 6,Drama|Fantasy,A moving prison drama with supernatural elements. This is part 7 of an extended cinematic universe with new characters and plot twists.,2019
1860,Parasite Saga 3,Thriller|Drama,A poor family schemes to become employed by a wealthy household. This is part 5 of an extended cinematic universe with new characters and plot twists.,2020
1861,The Godfather Legacy 3,Crime|Drama,The aging patriarch of an organized crime dynasty transfers control to his son. This is part 7 of an extended cinematic universe with new characters and plot twists.,1998
1862,The Matrix Genesis 2,Action|Sci-Fi,A hacker discovers reality is a simulation. This is part 1 of an extended cinematic universe with new characters and plot twists.,1996
1863,La La Land Legacy 3,Drama|Musical,A jazz pianist and actress fall in love in Los Angeles. This is part 7 of an extended cinematic universe with new characters and plot twists.,2004
1864,The Green Mile Uprising 9,Drama|Fantasy,A moving prison drama with supernatural elements. This is part 2 of an extended cinematic universe with new characters and plot twists.,2020
1865,Parasite Uprising 3,Thriller|Drama,A poor family schemes to become employed by a wealthy household. This is part 4 of an extended cinematic universe with new characters and plot twists.,1980
1866,The Green Mile Reimagined 8,Drama|Fantasy,A moving prison drama with supernatural elements. This is part 5 of an extended cinematic universe with new characters and plot twists.,2013
1867,The Shawshank Redemption Returns 8,Drama,"Two imprisoned men bond over years, finding solace and eventual redemption. This is part 8 of an extended cinematic universe with new characters and plot twists.",1985
1868,The Green Mile Eclipse 1,Drama|Fantasy,A moving prison drama with supernatural elements. This is part 8 of an extended cinematic universe with new characters and plot twists.,2010
1869,The Godfather Odyssey 8,Crime|Drama,The aging patriarch of an organized crime dynasty transfers control to his son. This is part 4 of an extended cinematic universe with new characters and plot twists.,2006
1870,The Matrix Rebirth 1,Action|Sci-Fi,A hacker discovers reality is a simulation. This is part 7 of an extended cinematic universe with new characters and plot twists.,2013
1871,The Matrix Genesis 7,Action|Sci-Fi,A hacker discovers reality is a simulation. This is part 2 of an extended cinematic universe with new characters and plot twists.,2000
1872,The Social Network Rebirth 8,Drama,The founding of Facebook and its legal battles. This is part 6 of an extended cinematic universe with new characters and plot twists.,1994
1873,Parasite Legacy 3,Thriller|Drama,A poor family schemes to become employed by a wealthy household. This is part 9 of an extended cinematic universe with new characters and plot twists.,2018
1874,Interstellar Returns 4,Adventure|Sci-Fi,Explorers travel through a wormhole to save humanity. This is part 7 of an extended cinematic universe with new characters and plot twists.,1983
1875,The Shawshank Redemption Chronicles 4,Drama,"Two imprisoned men bond over years, finding solace and eventual redemption. This is part 3 of an extended cinematic universe with new characters and plot twists.",2020
1876,The Matrix Returns 1,Action|Sci-Fi,A hacker discovers reality is a simulation. This is part 4 of an extended cinematic universe with new characters and plot twists.,2025
1877,La La Land Reimagined 1,Drama|Musical,A jazz pianist and actress fall in love in Los Angeles. This is part 9 of an extended cinematic universe with new characters and plot twists.,2013
1878,Inception Eclipse 7,Action|Sci-Fi,A thief who steals corporate secrets through dream-sharing technology. This is part 4 of an extended cinematic universe with new characters and plot twists.,2024
1879,The Social Network Rebirth 4,Drama,The founding of Facebook and its legal battles. This is part 8 of an extended cinematic universe with new characters and plot twists.,1989
1880,Parasite Eclipse 7,Thriller|Drama,A poor family schemes to become employed by a wealthy household. This is part 8 of an extended cinematic universe with new characters and plot twists.,1989
1881,Inside Out Returns 6,Animation|Family,Emotions guide a young girl's life during a big move. This is part 6 of an extended cinematic universe with new characters and plot twists.,1998
1882,Inside Out Genesis 9,Animation|Family,Emotions guide a young girl's life during a big move. This is part 3 of an extended cinematic universe with new characters and plot twists.,2018
1883,Interstellar Uprising 4,Adventure|Sci-Fi,Explorers travel through a wormhole to save humanity. This is part 6 of an extended cinematic universe with new characters and plot twists.,1995
1884,The Green Mile Odyssey 9,Drama|Fantasy,A moving prison drama with supernatural elements. This is part 2 of an extended cinematic universe with new characters and plot twists.,2002
1885,La La Land Saga 2,Drama|Musical,A jazz pianist and actress fall in love in Los Angeles. This is part 5 of an extended cinematic universe with new characters and plot twists.,1970
1886,Inside Out Eclipse 2,Animation|Family,Emotions guide a young girl's life during a big move. This is part 1 of an extended cinematic universe with new characters and plot twists.,2020
1887,The Green Mile Odyssey 8,Drama|Fantasy,A moving prison drama with supernatural elements. This is part 3 of an extended cinematic universe with new characters and plot twists.,1980
1888,Parasite Rebirth 3,Thriller|Drama,A poor family schemes to become employed by a wealthy household. This is part 3 of an extended cinematic universe with new characters and plot twists.,2021
1889,Parasite Chronicles 1,Thriller|Drama,A poor family schemes to become employed by a wealthy household. This is part 1 of an extended cinematic universe with new characters and plot twists.,1981
1890,Inception Uprising 4,Action|Sci-Fi,A thief who steals corporate secrets through dream-sharing technology. This is part 3 of an extended cinematic universe with new characters and plot twists.,2005
1891,Inside Out Chronicles 3,Animation|Family,Emotions guide a young girl's life during a big move. This is part 6 of an extended cinematic universe with new characters and plot twists.,2010
1892,The Shawshank Redemption Legacy 4,Drama,"Two imprisoned men bond over years, finding solace and eventual redemption. This is part 9 of an extended cinematic universe with new characters and plot twists.",1978
1893,The Matrix Odyssey 2,Action|Sci-Fi,A hacker discovers reality is a simulation. This is part 4 of an extended cinematic universe with new characters and plot twists.,2000
1894,The Social Network Genesis 4,Drama,The founding of Facebook and its legal battles. This is part 2 of an extended cinematic universe with new characters and plot twists.,1998
1895,Interstellar Odyssey 3,Adventure|Sci-Fi,Explorers travel through a wormhole to save humanity. This is part 5 of an extended cinematic universe with new characters and plot twists.,2021
1896,The Matrix Reimagined 9,Action|Sci-Fi,A hacker discovers reality is a simulation. This is part 8 of an extended cinematic universe with new characters and plot twists.,1992
1897,The Matrix Genesis 7,Action|Sci-Fi,A hacker discovers reality is a simulation. This is part 3 of an extended cinematic universe with new characters and plot twists.,2001
1898,Parasite Saga 4,Thriller|Drama,A poor family schemes to become employed by a wealthy household. This is part 3 of an extended cinematic universe with new characters and plot twists.,1985
1899,La La Land Uprising 5,Drama|Musical,A jazz pianist and actress fall in love in Los Angeles. This is part 9 of an extended cinematic universe with new characters and plot twists.,1999
1900,Interstellar Legacy 5,Adventure|Sci-Fi,Explorers travel through a wormhole to save humanity. This is part 5 of an extended cinematic universe with new characters and plot twists.,2012
1901,The Social Network Chronicles 1,Drama,The founding of Facebook and its legal battles. This is part 1 of an extended cinematic universe with new characters and plot twists.,2010
1902,Inception Saga 9,Action|Sci-Fi,A thief who steals corporate secrets through dream-sharing technology. This is part 1 of an extended cinematic universe with new characters and plot twists.,2023
1903,Interstellar Genesis 4,Adventure|Sci-Fi,Explorers travel through a wormhole to save humanity. This is part 9 of an extended cinematic universe with new characters and plot twists.,2005
1904,The Godfather Odyssey 6,Crime|Drama,The aging patriarch of an organized crime dynasty transfers control to his son. This is part 9 of an extended cinematic universe with new characters and plot twists.,1984
1905,The Godfather Eclipse 7,Crime|Drama,The aging patriarch of an organized crime dynasty transfers control to his son. This is part 4 of an extended cinematic universe with new characters and plot twists.,2004
1906,Parasite Chronicles 9,Thriller|Drama,A poor family schemes to become employed by a wealthy household. This is part 3 of an extended cinematic universe with new characters and plot twists.,1975
1907,The Social Network Reimagined 4,Drama,The founding of Facebook and its legal battles. This is part 3 of an extended cinematic universe with new characters and plot twists.,2016
1908,The Shawshank Redemption Odyssey 5,Drama,"Two imprisoned men bond over years, finding solace and eventual redemption. This is part 8 of an extended cinematic universe with new characters and plot twists.",1993
1909,La La Land Uprising 6,Drama|Musical,A jazz pianist and actress fall in love in Los Angeles. This is part 1 of an extended cinematic universe with new characters and plot twists.,2021
1910,La La Land Odyssey 6,Drama|Musical,A jazz pianist and actress fall in love in Los Angeles. This is part 5 of an extended cinematic universe with new characters and plot twists.,2021
1911,La La Land Odyssey 6,Drama|Musical,A jazz pianist and actress fall in love in Los Angeles. This is part 2 of an extended cinematic universe with new characters and plot twists.,2014
1912,The Godfather Returns 1,Crime|Drama,The aging patriarch of an organized crime dynasty transfers control to his son. This is part 1 of an extended cinematic universe with new characters and plot twists.,2011
1913,Inside Out Reimagined 6,Animation|Family,Emotions guide a young girl's life during a big move. This is part 8 of an extended cinematic universe with new characters and plot twists.,1994
1914,The Godfather Eclipse 5,Crime|Drama,The aging patriarch of an organized crime dynasty transfers control to his son. This is part 2 of an extended cinematic universe with new characters and plot twists.,1999
1915,The Matrix Legacy 9,Action|Sci-Fi,A hacker discovers reality is a simulation. This is part 7 of an extended cinematic universe with new characters and plot twists.,1991
1916,The Matrix Rebirth 2,Action|Sci-Fi,A hacker discovers reality is a simulation. This is part 2 of an extended cinematic universe with new characters and plot twists.,1985
1917,Inception Odyssey 4,Action|Sci-Fi,A thief who steals corporate secrets through dream-sharing technology. This is part 6 of an extended cinematic universe with new characters and plot twists.,1976
1918,Parasite Odyssey 2,Thriller|Drama,A poor family schemes to become employed by a wealthy household. This is part 6 of an extended cinematic universe with new characters and plot twists.,1983
1919,Inside Out Chronicles 3,Animation|Family,Emotions guide a young girl's life during a big move. This is part 5 of an extended cinematic universe with new characters and plot twists.,1987
1920,The Social Network Returns 2,Drama,The founding of Facebook and its legal battles. This is part 8 of an extended cinematic universe with new characters and plot twists.,2021
1921,The Social Network Eclipse 3,Drama,The founding of Facebook and its legal battles. This is part 3 of an extended cinematic universe with new characters and plot twists.,1997
1922,The Social Network Chronicles 6,Drama,The founding of Facebook and its legal battles. This is part 4 of an extended cinematic universe with new characters and plot twists.,2011
1923,The Social Network Odyssey 3,Drama,The founding of Facebook and its legal battles. This is part 8 of an extended cinematic universe with new characters and plot twists.,2003
1924,The Green Mile Saga 3,Drama|Fantasy,A moving prison drama with supernatural elements. This is part 1 of an extended cinematic universe with new characters and plot twists.,1981
1925,Parasite Chronicles 9,Thriller|Drama,A poor family schemes to become employed by a wealthy household. This is part 8 of an extended cinematic universe with new characters and plot twists.,2022
1926,Inception Legacy 2,Action|Sci-Fi,A thief who steals corporate secrets through dream-sharing technology. This is part 3 of an extended cinematic universe with new characters and plot twists.,2018
1927,Parasite Legacy 8,Thriller|Drama,A poor family schemes to become employed by a wealthy household. This is part 8 of an extended cinematic universe with new characters and plot twists.,1997
1928,The Godfather Returns 9,Crime|Drama,The aging patriarch of an organized crime dynasty transfers control to his son. This is part 5 of an extended cinematic universe with new characters and plot twists.,2022
1929,The Matrix Eclipse 9,Action|Sci-Fi,A hacker discovers reality is a simulation. This is part 9 of an extended cinematic universe with new characters and plot twists.,1991
1930,Inception Reimagined 6,Action|Sci-Fi,A thief who steals corporate secrets through dream-sharing technology. This is part 3 of an extended cinematic universe with new characters and plot twists.,2017
1931,The Matrix Reimagined 8,Action|Sci-Fi,A hacker discovers reality is a simulation. This is part 8 of an extended cinematic universe with new characters and plot twists.,2015
1932,The Green Mile Chronicles 4,Drama|Fantasy,A moving prison drama with supernatural elements. This is part 9 of an extended cinematic universe with new characters and plot twists.,1997
1933,Inside Out Reimagined 7,Animation|Family,Emotions guide a young girl's life during a big move. This is part 5 of an extended cinematic universe with new characters and plot twists.,2005
1934,The Matrix Returns 7,Action|Sci-Fi,A hacker discovers reality is a simulation. This is part 5 of an extended cinematic universe with new characters and plot twists.,1976
1935,The Shawshank Redemption Saga 4,Drama,"Two imprisoned men bond over years, finding solace and eventual redemption. This is part 7 of an extended cinematic universe with new characters and plot twists.",2002
1936,La La Land Reimagined 2,Drama|Musical,A jazz pianist and actress fall in love in Los Angeles. This is part 9 of an extended cinematic universe with new characters and plot twists.,2020
1937,Inside Out Genesis 7,Animation|Family,Emotions guide a young girl's life during a big move. This is part 1 of an extended cinematic universe with new characters and plot twists.,1989
1938,The Green Mile Chronicles 1,Drama|Fantasy,A moving prison drama with supernatural elements. This is part 6 of an extended cinematic universe with new characters and plot twists.,1975
1939,Interstellar Odyssey 7,Adventure|Sci-Fi,Explorers travel through a wormhole to save humanity. This is part 4 of an extended cinematic universe with new characters and plot twists.,2006
1940,Parasite Returns 7,Thriller|Drama,A poor family schemes to become employed by a wealthy household. This is part 4 of an extended cinematic universe with new characters and plot twists.,1998
1941,Interstellar Uprising 2,Adventure|Sci-Fi,Explorers travel through a wormhole to save humanity. This is part 5 of an extended cinematic universe with new characters and plot twists.,1991
1942,The Green Mile Saga 9,Drama|Fantasy,A moving prison drama with supernatural elements. This is part 9 of an extended cinematic universe with new characters and plot twists.,1974
1943,Inception Genesis 3,Action|Sci-Fi,A thief who steals corporate secrets through dream-sharing technology. This is part 5 of an extended cinematic universe with new characters and plot twists.,2015
1944,Inside Out Legacy 1,Animation|Family,Emotions guide a young girl's life during a big move. This is part 9 of an extended cinematic universe with new characters and plot twists.,1978
1945,The Shawshank Redemption Rebirth 9,Drama,"Two imprisoned men bond over years, finding solace and eventual redemption. This is part 7 of an extended cinematic universe with new characters and plot twists.",1980
1946,Parasite Chronicles 2,Thriller|Drama,A poor family schemes to become employed by a wealthy household. This is part 3 of an extended cinematic universe with new characters and plot twists.,1976
1947,The Shawshank Redemption Chronicles 2,Drama,"Two imprisoned men bond over years, finding solace and eventual redemption. This is part 8 of an extended cinematic universe with new characters and plot twists.",1990
1948,The Green Mile Uprising 7,Drama|Fantasy,A moving prison drama with supernatural elements. This is part 9 of an extended cinematic universe with new characters and plot twists.,1994
1949,The Social Network Returns 6,Drama,The founding of Facebook and its legal battles. This is part 7 of an extended cinematic universe with new characters and plot twists.,2025
1950,The Matrix Legacy 3,Action|Sci-Fi,A hacker discovers reality is a simulation. This is part 8 of an extended cinematic universe with new characters and plot twists.,2018
1951,The Green Mile Rebirth 7,Drama|Fantasy,A moving prison drama with supernatural elements. This is part 7 of an extended cinematic universe with new characters and plot twists.,2020
1952,Inside Out Returns 5,Animation|Family,Emotions guide a young girl's life during a big move. This is part 3 of an extended cinematic universe with new characters and plot twists.,2017
1953,Interstellar Returns 5,Adventure|Sci-Fi,Explorers travel through a wormhole to save humanity. This is part 1 of an extended cinematic universe with new characters and plot twists.,1991
1954,Inside Out Odyssey 5,Animation|Family,Emotions guide a young girl's life during a big move. This is part 2 of an extended cinematic universe with new characters and plot twists.,1999
1955,The Social Network Genesis 3,Drama,The founding of Facebook and its legal battles. This is part 1 of an extended cinematic universe with new characters and plot twists.,2023
1956,The Social Network Chronicles 3,Drama,The founding of Facebook and its legal battles. This is part 8 of an extended cinematic universe with new characters and plot twists.,2022
1957,The Shawshank Redemption Reimagined 6,Drama,"Two imprisoned men bond over years, finding solace and eventual redemption. This is part 1 of an extended cinematic universe with new characters and plot twists.",2019
1958,Parasite Returns 5,Thriller|Drama,A poor family schemes to become employed by a wealthy household. This is part 3 of an extended cinematic universe with new characters and plot twists.,2011
1959,The Godfather Uprising 6,Crime|Drama,The aging patriarch of an organized crime dynasty transfers control to his son. This is part 2 of an extended cinematic universe with new characters and plot twists.,1977
1960,The Social Network Saga 9,Drama,The founding of Facebook and its legal battles. This is part 7 of an extended cinematic universe with new characters and plot twists.,2012
1961,Inside Out Returns 8,Animation|Family,Emotions guide a young girl's life during a big move. This is part 6 of an extended cinematic universe with new characters and plot twists.,2010
1962,The Social Network Reimagined 3,Drama,The founding of Facebook and its legal battles. This is part 2 of an extended cinematic universe with new characters and plot twists.,1988
1963,The Shawshank Redemption Legacy 8,Drama,"Two imprisoned men bond over years, finding solace and eventual redemption. This is part 6 of an extended cinematic universe with new characters and plot twists.",2014
1964,Inception Genesis 3,Action|Sci-Fi,A thief who steals corporate secrets through dream-sharing technology. This is part 6 of an extended cinematic universe with new characters and plot twists.,1989
1965,Inside Out Chronicles 2,Animation|Family,Emotions guide a young girl's life during a big move. This is part 7 of an extended cinematic universe with new characters and plot twists.,1993
1966,The Green Mile Reimagined 1,Drama|Fantasy,A moving prison drama with supernatural elements. This is part 4 of an extended cinematic universe with new characters and plot twists.,1970
1967,The Shawshank Redemption Chronicles 4,Drama,"Two imprisoned men bond over years, finding solace and eventual redemption. This is part 5 of an extended cinematic universe with new characters and plot twists.",1971
1968,Inception Eclipse 2,Action|Sci-Fi,A thief who steals corporate secrets through dream-sharing technology. This is part 3 of an extended cinematic universe with new characters and plot twists.,1988
1969,Parasite Chronicles 8,Thriller|Drama,A poor family schemes to become employed by a wealthy household. This is part 2 of an extended cinematic universe with new characters and plot twists.,2021
1970,Interstellar Chronicles 1,Adventure|Sci-Fi,Explorers travel through a wormhole to save humanity. This is part 7 of an extended cinematic universe with new characters and plot twists.,1992
1971,Interstellar Chronicles 3,Adventure|Sci-Fi,Explorers travel through a wormhole to save humanity. This is part 5 of an extended cinematic universe with new characters and plot twists.,2023
1972,The Godfather Odyssey 7,Crime|Drama,The aging patriarch of an organized crime dynasty transfers control to his son. This is part 5 of an extended cinematic universe with new characters and plot twists.,2001
1973,Inception Returns 5,Action|Sci-Fi,A thief who steals corporate secrets through dream-sharing technology. This is part 8 of an extended cinematic universe with new characters and plot twists.,1972
1974,The Shawshank Redemption Legacy 9,Drama,"Two imprisoned men bond over years, finding solace and eventual redemption. This is part 1 of an extended cinematic universe with new characters and plot twists.",1977
1975,The Shawshank Redemption Chronicles 1,Drama,"Two imprisoned men bond over years, finding solace and eventual redemption. This is part 9 of an extended cinematic universe with new characters and plot twists.",2017
1976,The Social Network Odyssey 3,Drama,The founding of Facebook and its legal battles. This is part 8 of an extended cinematic universe with new characters and plot twists.,2001
1977,The Godfather Legacy 1,Crime|Drama,The aging patriarch of an organized crime dynasty transfers control to his son. This is part 2 of an extended cinematic universe with new characters and plot twists.,1995
1978,The Shawshank Redemption Rebirth 1,Drama,"Two imprisoned men bond over years, finding solace and eventual redemption. This is part 2 of an extended cinematic universe with new characters and plot twists.",1978
1979,The Matrix Genesis 6,Action|Sci-Fi,A hacker discovers reality is a simulation. This is part 6 of an extended cinematic universe with new characters and plot twists.,2010
1980,Inception Odyssey 6,Action|Sci-Fi,A thief who steals corporate secrets through dream-sharing technology. This is part 6 of an extended cinematic universe with new characters and plot twists.,1995
1981,The Green Mile Saga 6,Drama|Fantasy,A moving prison drama with supernatural elements. This is part 1 of an extended cinematic universe with new characters and plot twists.,1995
1982,Parasite Chronicles 5,Thriller|Drama,A poor family schemes to become employed by a wealthy household. This is part 7 of an extended cinematic universe with new characters and plot twists.,2021
1983,Inception Uprising 4,Action|Sci-Fi,A thief who steals corporate secrets through dream-sharing technology. This is part 9 of an extended cinematic universe with new characters and plot twists.,2005
1984,The Matrix Uprising 6,Action|Sci-Fi,A hacker discovers reality is a simulation. This is part 1 of an extended cinematic universe with new characters and plot twists.,2018
1985,The Godfather Chronicles 2,Crime|Drama,The aging patriarch of an organized crime dynasty transfers control to his son. This is part 1 of an extended cinematic universe with new characters and plot twists.,1996
1986,The Godfather Returns 6,Crime|Drama,The aging patriarch of an organized crime dynasty transfers control to his son. This is part 2 of an extended cinematic universe with new characters and plot twists.,1991
1987,Inception Reimagined 8,Action|Sci-Fi,A thief who steals corporate secrets through dream-sharing technology. This is part 2 of an extended cinematic universe with new characters and plot twists.,1988
1988,The Matrix Returns 7,Action|Sci-Fi,A hacker discovers reality is a simulation. This is part 4 of an extended cinematic universe with new characters and plot twists.,1975
1989,Interstellar Uprising 9,Adventure|Sci-Fi,Explorers travel through a wormhole to save humanity. This is part 4 of an extended cinematic universe with new characters and plot twists.,2022
1990,Parasite Saga 4,Thriller|Drama,A poor family schemes to become employed by a wealthy household. This is part 4 of an extended cinematic universe with new characters and plot twists.,2002
1991,The Shawshank Redemption Genesis 5,Drama,"Two imprisoned men bond over years, finding solace and eventual redemption. This is part 7 of an extended cinematic universe with new characters and plot twists.",1975
1992,Inside Out Returns 1,Animation|Family,Emotions guide a young girl's life during a big move. This is part 6 of an extended cinematic universe with new characters and plot twists.,1993
1993,Parasite Legacy 1,Thriller|Drama,A poor family schemes to become employed by a wealthy household. This is part 7 of an extended cinematic universe with new characters and plot twists.,2004
1994,Inside Out Eclipse 8,Animation|Family,Emotions guide a young girl's life during a big move. This is part 2 of an extended cinematic universe with new characters and plot twists.,2024
1995,The Matrix Uprising 1,Action|Sci-Fi,A hacker discovers reality is a simulation. This is part 7 of an extended cinematic universe with new characters and plot twists.,1998
1996,Parasite Returns 2,Thriller|Drama,A poor family schemes to become employed by a wealthy household. This is part 6 of an extended cinematic universe with new characters and plot twists.,1987
1997,The Shawshank Redemption Genesis 1,Drama,"Two imprisoned men bond over years, finding solace and eventual redemption. This is part 4 of an extended cinematic universe with new characters and plot twists.",1996
1998,The Shawshank Redemption Eclipse 4,Drama,"Two imprisoned men bond over years, finding solace and eventual redemption. This is part 3 of an extended cinematic universe with new characters and plot twists.",2005
1999,La La Land Returns 3,Drama|Musical,A jazz pianist and actress fall in love in Los Angeles. This is part 9 of an extended cinematic universe with new characters and plot twists.,1982
2000,The Shawshank Redemption Eclipse 5,Drama,"Two imprisoned men bond over years, finding solace and eventual redemption. This is part 8 of an extended cinematic universe with new characters and plot twists.",1989
2001,La La Land Saga 5,Drama|Musical,A jazz pianist and actress fall in love in Los Angeles. This is part 7 of an extended cinematic universe with new characters and plot twists.,1979
2002,Inception Eclipse 5,Action|Sci-Fi,A thief who steals corporate secrets through dream-sharing technology. This is part 1 of an extended cinematic universe with new characters and plot twists.,1971
2003,La La Land Rebirth 5,Drama|Musical,A jazz pianist and actress fall in love in Los Angeles. This is part 3 of an extended cinematic universe with new characters and plot twists.,1980
2004,The Godfather Odyssey 5,Crime|Drama,The aging patriarch of an organized crime dynasty transfers control to his son. This is part 4 of an extended cinematic universe with new characters and plot twists.,1988
2005,The Social Network Genesis 8,Drama,The founding of Facebook and its legal battles. This is part 9 of an extended cinematic universe with new characters and plot twists.,2001
2006,The Green Mile Saga 1,Drama|Fantasy,A moving prison drama with supernatural elements. This is part 9 of an extended cinematic universe with new characters and plot twists.,1990
2007,Inception Saga 9,Action|Sci-Fi,A thief who steals corporate secrets through dream-sharing technology. This is part 3 of an extended cinematic universe with new characters and plot twists.,2016
2008,Interstellar Uprising 4,Adventure|Sci-Fi,Explorers travel through a wormhole to save humanity. This is part 5 of an extended cinematic universe with new characters and plot twists.,2003
2009,Interstellar Uprising 7,Adventure|Sci-Fi,Explorers travel through a wormhole to save humanity. This is part 4 of an extended cinematic universe with new characters and plot twists.,2001
2010,Parasite Legacy 2,Thriller|Drama,A poor family schemes to become employed by a wealthy household. This is part 5 of an extended cinematic universe with new characters and plot twists.,1996
2011,The Godfather Uprising 4,Crime|Drama,The aging patriarch of an organized crime dynasty transfers control to his son. This is part 9 of an extended cinematic universe with new characters and plot twists.,1991
2012,The Matrix Eclipse 1,Action|Sci-Fi,A hacker discovers reality is a simulation. This is part 2 of an extended cinematic universe with new characters and plot twists.,2007
2013,The Shawshank Redemption Saga 6,Drama,"Two imprisoned men bond over years, finding solace and eventual redemption. This is part 5 of an extended cinematic universe with new characters and plot twists.",1990
2014,The Green Mile Returns 4,Drama|Fantasy,A moving prison drama with supernatural elements. This is part 9 of an extended cinematic universe with new characters and plot twists.,1987
2015,Parasite Rebirth 4,Thriller|Drama,A poor family schemes to become employed by a wealthy household. This is part 6 of an extended cinematic universe with new characters and plot twists.,1989
2016,The Social Network Legacy 8,Drama,The founding of Facebook and its legal battles. This is part 8 of an extended cinematic universe with new characters and plot twists.,1985
2017,The Social Network Eclipse 3,Drama,The founding of Facebook and its legal battles. This is part 3 of an extended cinematic universe with new characters and plot twists.,2002
2018,Inside Out Rebirth 6,Animation|Family,Emotions guide a young girl's life during a big move. This is part 4 of an extended cinematic universe with new characters and plot twists.,2017
2019,The Social Network Chronicles 8,Drama,The founding of Facebook and its legal battles. This is part 3 of an extended cinematic universe with new characters and plot twists.,1988
2020,The Shawshank Redemption Chronicles 2,Drama,"Two imprisoned men bond over years, finding solace and eventual redemption. This is part 5 of an extended cinematic universe with new characters and plot twists.",2000
2021,Parasite Legacy 9,Thriller|Drama,A poor family schemes to become employed by a wealthy household. This is part 4 of an extended cinematic universe with new characters and plot twists.,2005
2022,Parasite Odyssey 5,Thriller|Drama,A poor family schemes to become employed by a wealthy household. This is part 4 of an extended cinematic universe with new characters and plot twists.,1973
2023,The Shawshank Redemption Rebirth 8,Drama,"Two imprisoned men bond over years, finding solace and eventual redemption. This is part 3 of an extended cinematic universe with new characters and plot twists.",2010
2024,The Social Network Eclipse 1,Drama,The founding of Facebook and its legal battles. This is part 8 of an extended cinematic universe with new characters and plot twists.,2009
2025,The Social Network Legacy 4,Drama,The founding of Facebook and its legal battles. This is part 8 of an extended cinematic universe with new characters and plot twists.,1999
2026,The Matrix Genesis 2,Action|Sci-Fi,A hacker discovers reality is a simulation. This is part 7 of an extended cinematic universe with new characters and plot twists.,1972
2027,Inception Legacy 9,Action|Sci-Fi,A thief who steals corporate secrets through dream-sharing technology. This is part 8 of an extended cinematic universe with new characters and plot twists.,2011
2028,La La Land Odyssey 8,Drama|Musical,A jazz pianist and actress fall in love in Los Angeles. This is part 4 of an extended cinematic universe with new characters and plot twists.,2007
2029,Interstellar Rebirth 5,Adventure|Sci-Fi,Explorers travel through a wormhole to save humanity. This is part 4 of an extended cinematic universe with new characters and plot twists.,1975
2030,The Matrix Chronicles 5,Action|Sci-Fi,A hacker discovers reality is a simulation. This is part 7 of an extended cinematic universe with new characters and plot twists.,1977
2031,Parasite Chronicles 6,Thriller|Drama,A poor family schemes to become employed by a wealthy household. This is part 7 of an extended cinematic universe with new characters and plot twists.,2003
2032,Inside Out Chronicles 4,Animation|Family,Emotions guide a young girl's life during a big move. This is part 4 of an extended cinematic universe with new characters and plot twists.,2020
2033,The Shawshank Redemption Reimagined 2,Drama,"Two imprisoned men bond over years, finding solace and eventual redemption. This is part 7 of an extended cinematic universe with new characters and plot twists.",1988
2034,The Green Mile Saga 3,Drama|Fantasy,A moving prison drama with supernatural elements. This is part 8 of an extended cinematic universe with new characters and plot twists.,2011
2035,Inside Out Eclipse 1,Animation|Family,Emotions guide a young girl's life during a big move. This is part 3 of an extended cinematic universe with new characters and plot twists.,1994
2036,The Green Mile Odyssey 2,Drama|Fantasy,A moving prison drama with supernatural elements. This is part 5 of an extended cinematic universe with new characters and plot twists.,2002
2037,La La Land Rebirth 2,Drama|Musical,A jazz pianist and actress fall in love in Los Angeles. This is part 2 of an extended cinematic universe with new characters and plot twists.,1988
2038,The Green Mile Chronicles 6,Drama|Fantasy,A moving prison drama with supernatural elements. This is part 5 of an extended cinematic universe with new characters and plot twists.,2001
2039,The Matrix Chronicles 1,Action|Sci-Fi,A hacker discovers reality is a simulation. This is part 3 of an extended cinematic universe with new characters and plot twists.,2018
2040,La La Land Chronicles 8,Drama|Musical,A jazz pianist and actress fall in love in Los Angeles. This is part 4 of an extended cinematic universe with new characters and plot twists.,1972
2041,The Green Mile Saga 5,Drama|Fantasy,A moving prison drama with supernatural elements. This is part 5 of an extended cinematic universe with new characters and plot twists.,2019
2042,The Social Network Reimagined 9,Drama,The founding of Facebook and its legal battles. This is part 7 of an extended cinematic universe with new characters and plot twists.,2011
2043,Parasite Uprising 3,Thriller|Drama,A poor family schemes to become employed by a wealthy household. This is part 6 of an extended cinematic universe with new characters and plot twists.,1990
2044,The Godfather Odyssey 3,Crime|Drama,The aging patriarch of an organized crime dynasty transfers control to his son. This is part 1 of an extended cinematic universe with new characters and plot twists.,1987
2045,The Green Mile Genesis 3,Drama|Fantasy,A moving prison drama with supernatural elements. This is part 7 of an extended cinematic universe with new characters and plot twists.,1986
2046,La La Land Legacy 1,Drama|Musical,A jazz pianist and actress fall in love in Los Angeles. This is part 9 of an extended cinematic universe with new characters and plot twists.,1992
2047,The Shawshank Redemption Returns 8,Drama,"Two imprisoned men bond over years, finding solace and eventual redemption. This is part 3 of an extended cinematic universe with new characters and plot twists.",1989
2048,La La Land Eclipse 3,Drama|Musical,A jazz pianist and actress fall in love in Los Angeles. This is part 2 of an extended cinematic universe with new characters and plot twists.,1988
2049,The Godfather Returns 6,Crime|Drama,The aging patriarch of an organized crime dynasty transfers control to his son. This is part 3 of an extended cinematic universe with new characters and plot twists.,1991
2050,Interstellar Eclipse 4,Adventure|Sci-Fi,Explorers travel through a wormhole to save humanity. This is part 6 of an extended cinematic universe with new characters and plot twists.,1981
2051,The Green Mile Saga 3,Drama|Fantasy,A moving prison drama with supernatural elements. This is part 9 of an extended cinematic universe with new characters and plot twists.,1973
2052,Interstellar Rebirth 1,Adventure|Sci-Fi,Explorers travel through a wormhole to save humanity. This is part 1 of an extended cinematic universe with new characters and plot twists.,1981
2053,The Shawshank Redemption Saga 4,Drama,"Two imprisoned men bond over years, finding solace and eventual redemption. This is part 1 of an extended cinematic universe with new characters and plot twists.",2014
2054,The Matrix Rebirth 6,Action|Sci-Fi,A hacker discovers reality is a simulation. This is part 4 of an extended cinematic universe with new characters and plot twists.,1990
2055,The Shawshank Redemption Returns 6,Drama,"Two imprisoned men bond over years, finding solace and eventual redemption. This is part 1 of an extended cinematic universe with new characters and plot twists.",2003
2056,The Green Mile Odyssey 3,Drama|Fantasy,A moving prison drama with supernatural elements. This is part 7 of an extended cinematic universe with new characters and plot twists.,2006
2057,The Shawshank Redemption Eclipse 9,Drama,"Two imprisoned men bond over years, finding solace and eventual redemption. This is part 2 of an extended cinematic universe with new characters and plot twists.",1980
2058,Parasite Returns 7,Thriller|Drama,A poor family schemes to become employed by a wealthy household. This is part 3 of an extended cinematic universe with new characters and plot twists.,1976
2059,Parasite Chronicles 7,Thriller|Drama,A poor family schemes to become employed by a wealthy household. This is part 8 of an extended cinematic universe with new characters and plot twists.,1988
2060,La La Land Returns 2,Drama|Musical,A jazz pianist and actress fall in love in Los Angeles. This is part 9 of an extended cinematic universe with new characters and plot twists.,2013
2061,The Godfather Uprising 2,Crime|Drama,The aging patriarch of an organized crime dynasty transfers control to his son. This is part 3 of an extended cinematic universe with new characters and plot twists.,1972
2062,Parasite Uprising 5,Thriller|Drama,A poor family schemes to become employed by a wealthy household. This is part 7 of an extended cinematic universe with new characters and plot twists.,1999
2063,Interstellar Odyssey 9,Adventure|Sci-Fi,Explorers travel through a wormhole to save humanity. This is part 1 of an extended cinematic universe with new characters and plot twists.,2007
2064,The Shawshank Redemption Eclipse 7,Drama,"Two imprisoned men bond over years, finding solace and eventual redemption. This is part 3 of an extended cinematic universe with new characters and plot twists.",2001
2065,The Social Network Eclipse 5,Drama,The founding of Facebook and its legal battles. This is part 5 of an extended cinematic universe with new characters and plot twists.,2012
2066,The Godfather Odyssey 3,Crime|Drama,The aging patriarch of an organized crime dynasty transfers control to his son. This is part 4 of an extended cinematic universe with new characters and plot twists.,2024
2067,The Matrix Saga 2,Action|Sci-Fi,A hacker discovers reality is a simulation. This is part 2 of an extended cinematic universe with new characters and plot twists.,1974
2068,The Godfather Legacy 3,Crime|Drama,The aging patriarch of an organized crime dynasty transfers control to his son. This is part 3 of an extended cinematic universe with new characters and plot twists.,2020
2069,The Green Mile Odyssey 3,Drama|Fantasy,A moving prison drama with supernatural elements. This is part 8 of an extended cinematic universe with new characters and plot twists.,1986
2070,Interstellar Chronicles 7,Adventure|Sci-Fi,Explorers travel through a wormhole to save humanity. This is part 7 of an extended cinematic universe with new characters and plot twists.,1990
2071,The Matrix Reimagined 1,Action|Sci-Fi,A hacker discovers reality is a simulation. This is part 8 of an extended cinematic universe with new characters and plot twists.,2016
2072,Inception Odyssey 2,Action|Sci-Fi,A thief who steals corporate secrets through dream-sharing technology. This is part 3 of an extended cinematic universe with new characters and plot twists.,2009
2073,Parasite Rebirth 7,Thriller|Drama,A poor family schemes to become employed by a wealthy household. This is part 6 of an extended cinematic universe with new characters and plot twists.,1971
2074,Parasite Reimagined 4,Thriller|Drama,A poor family schemes to become employed by a wealthy household. This is part 3 of an extended cinematic universe with new characters and plot twists.,1976
2075,La La Land Uprising 1,Drama|Musical,A jazz pianist and actress fall in love in Los Angeles. This is part 1 of an extended cinematic universe with new characters and plot twists.,2019
2076,Parasite Returns 3,Thriller|Drama,A poor family schemes to become employed by a wealthy household. This is part 7 of an extended cinematic universe with new characters and plot twists.,1990
2077,The Godfather Returns 1,Crime|Drama,The aging patriarch of an organized crime dynasty transfers control to his son. This is part 5 of an extended cinematic universe with new characters and plot twists.,1982
2078,Inception Eclipse 4,Action|Sci-Fi,A thief who steals corporate secrets through dream-sharing technology. This is part 5 of an extended cinematic universe with new characters and plot twists.,1985
2079,The Social Network Odyssey 7,Drama,The founding of Facebook and its legal battles. This is part 5 of an extended cinematic universe with new characters and plot twists.,1987
2080,Parasite Returns 7,Thriller|Drama,A poor family schemes to become employed by a wealthy household. This is part 3 of an extended cinematic universe with new characters and plot twists.,1987
2081,The Matrix Uprising 7,Action|Sci-Fi,A hacker discovers reality is a simulation. This is part 7 of an extended cinematic universe with new characters and plot twists.,1979
2082,The Green Mile Odyssey 6,Drama|Fantasy,A moving prison drama with supernatural elements. This is part 4 of an extended cinematic universe with new characters and plot twists.,2011
2083,Inception Odyssey 2,Action|Sci-Fi,A thief who steals corporate secrets through dream-sharing technology. This is part 3 of an extended cinematic universe with new characters and plot twists.,1979
2084,Interstellar Genesis 4,Adventure|Sci-Fi,Explorers travel through a wormhole to save humanity. This is part 5 of an extended cinematic universe with new characters and plot twists.,2010
2085,Parasite Reimagined 2,Thriller|Drama,A poor family schemes to become employed by a wealthy household. This is part 2 of an extended cinematic universe with new characters and plot twists.,1999
2086,The Matrix Odyssey 7,Action|Sci-Fi,A hacker discovers reality is a simulation. This is part 6 of an extended cinematic universe with new characters and plot twists.,2003
2087,The Godfather Legacy 3,Crime|Drama,The aging patriarch of an organized crime dynasty transfers control to his son. This is part 7 of an extended cinematic universe with new characters and plot twists.,2025
2088,The Matrix Chronicles 3,Action|Sci-Fi,A hacker discovers reality is a simulation. This is part 3 of an extended cinematic universe with new characters and plot twists.,1995
2089,The Matrix Uprising 8,Action|Sci-Fi,A hacker discovers reality is a simulation. This is part 7 of an extended cinematic universe with new characters and plot twists.,1981
2090,The Social Network Legacy 7,Drama,The founding of Facebook and its legal battles. This is part 4 of an extended cinematic universe with new characters and plot twists.,1971
2091,Inside Out Genesis 8,Animation|Family,Emotions guide a young girl's life during a big move. This is part 9 of an extended cinematic universe with new characters and plot twists.,2006
2092,Inside Out Saga 5,Animation|Family,Emotions guide a young girl's life during a big move. This is part 2 of an extended cinematic universe with new characters and plot twists.,1995
2093,Inception Chronicles 1,Action|Sci-Fi,A thief who steals corporate secrets through dream-sharing technology. This is part 7 of an extended cinematic universe with new characters and plot twists.,1985
2094,Inception Genesis 9,Action|Sci-Fi,A thief who steals corporate secrets through dream-sharing technology. This is part 5 of an extended cinematic universe with new characters and plot twists.,1987
2095,The Social Network Reimagined 1,Drama,The founding of Facebook and its legal battles. This is part 9 of an extended cinematic universe with new characters and plot twists.,1999
2096,The Godfather Rebirth 8,Crime|Drama,The aging patriarch of an organized crime dynasty transfers control to his son. This is part 5 of an extended cinematic universe with new characters and plot twists.,1981
2097,The Shawshank Redemption Chronicles 9,Drama,"Two imprisoned men bond over years, finding solace and eventual redemption. This is part 5 of an extended cinematic universe with new characters and plot twists.",1985
2098,La La Land Saga 1,Drama|Musical,A jazz pianist and actress fall in love in Los Angeles. This is part 1 of an extended cinematic universe with new characters and plot twists.,1991
2099,Interstellar Uprising 1,Adventure|Sci-Fi,Explorers travel through a wormhole to save humanity. This is part 2 of an extended cinematic universe with new characters and plot twists.,2024
2100,Parasite Legacy 1,Thriller|Drama,A poor family schemes to become employed by a wealthy household. This is part 3 of an extended cinematic universe with new characters and plot twists.,1987
2101,Interstellar Eclipse 3,Adventure|Sci-Fi,Explorers travel through a wormhole to save humanity. This is part 5 of an extended cinematic universe with new characters and plot twists.,1976
2102,The Social Network Reimagined 5,Drama,The founding of Facebook and its legal battles. This is part 7 of an extended cinematic universe with new characters and plot twists.,1986
2103,Inception Returns 7,Action|Sci-Fi,A thief who steals corporate secrets through dream-sharing technology. This is part 8 of an extended cinematic universe with new characters and plot twists.,1996
2104,Inception Reimagined 5,Action|Sci-Fi,A thief who steals corporate secrets through dream-sharing technology. This is part 5 of an extended cinematic universe with new characters and plot twists.,2020
2105,The Social Network Chronicles 5,Drama,The founding of Facebook and its legal battles. This is part 4 of an extended cinematic universe with new characters and plot twists.,1984
2106,The Social Network Eclipse 3,Drama,The founding of Facebook and its legal battles. This is part 6 of an extended cinematic universe with new characters and plot twists.,1980
2107,The Matrix Reimagined 4,Action|Sci-Fi,A hacker discovers reality is a simulation. This is part 1 of an extended cinematic universe with new characters and plot twists.,1987
2108,The Matrix Returns 8,Action|Sci-Fi,A hacker discovers reality is a simulation. This is part 7 of an extended cinematic universe with new characters and plot twists.,1981
2109,La La Land Uprising 5,Drama|Musical,A jazz pianist and actress fall in love in Los Angeles. This is part 4 of an extended cinematic universe with new characters and plot twists.,1998
2110,The Social Network Rebirth 4,Drama,The founding of Facebook and its legal battles. This is part 3 of an extended cinematic universe with new characters and plot twists.,2013
2111,Inception Returns 3,Action|Sci-Fi,A thief who steals corporate secrets through dream-sharing technology. This is part 7 of an extended cinematic universe with new characters and plot twists.,1996
2112,The Godfather Uprising 3,Crime|Drama,The aging patriarch of an organized crime dynasty transfers control to his son. This is part 4 of an extended cinematic universe with new characters and plot twists.,1973
2113,Inside Out Reimagined 6,Animation|Family,Emotions guide a young girl's life during a big move. This is part 5 of an extended cinematic universe with new characters and plot twists.,2002
2114,The Matrix Genesis 3,Action|Sci-Fi,A hacker discovers reality is a simulation. This is part 8 of an extended cinematic universe with new characters and plot twists.,2003
2115,The Godfather Genesis 6,Crime|Drama,The aging patriarch of an organized crime dynasty transfers control to his son. This is part 5 of an extended cinematic universe with new characters and plot twists.,1974
2116,Parasite Saga 9,Thriller|Drama,A poor family schemes to become employed by a wealthy household. This is part 5 of an extended cinematic universe with new characters and plot twists.,1989
2117,La La Land Returns 4,Drama|Musical,A jazz pianist and actress fall in love in Los Angeles. This is part 9 of an extended cinematic universe with new characters and plot twists.,2007
2118,The Shawshank Redemption Rebirth 2,Drama,"Two imprisoned men bond over years, finding solace and eventual redemption. This is part 8 of an extended cinematic universe with new characters and plot twists.",1985
2119,Interstellar Chronicles 3,Adventure|Sci-Fi,Explorers travel through a wormhole to save humanity. This is part 6 of an extended cinematic universe with new characters and plot twists.,2007
2120,The Matrix Saga 3,Action|Sci-Fi,A hacker discovers reality is a simulation. This is part 2 of an extended cinematic universe with new characters and plot twists.,2011
2121,The Shawshank Redemption Genesis 8,Drama,"Two imprisoned men bond over years, finding solace and eventual redemption. This is part 7 of an extended cinematic universe with new characters and plot twists.",1982
2122,The Social Network Chronicles 9,Drama,The founding of Facebook and its legal battles. This is part 1 of an extended cinematic universe with new characters and plot twists.,1997
2123,The Social Network Odyssey 1,Drama,The founding of Facebook and its legal battles. This is part 2 of an extended cinematic universe with new characters and plot twists.,2011
2124,Parasite Genesis 4,Thriller|Drama,A poor family schemes to become employed by a wealthy household. This is part 4 of an extended cinematic universe with new characters and plot twists.,1977
2125,Parasite Chronicles 1,Thriller|Drama,A poor family schemes to become employed by a wealthy household. This is part 6 of an extended cinematic universe with new characters and plot twists.,2011
2126,The Shawshank Redemption Returns 9,Drama,"Two imprisoned men bond over years, finding solace and eventual redemption. This is part 7 of an extended cinematic universe with new characters and plot twists.",2013
2127,La La Land Eclipse 3,Drama|Musical,A jazz pianist and actress fall in love in Los Angeles. This is part 6 of an extended cinematic universe with new characters and plot twists.,2009
2128,Inception Uprising 8,Action|Sci-Fi,A thief who steals corporate secrets through dream-sharing technology. This is part 6 of an extended cinematic universe with new characters and plot twists.,1997
2129,The Matrix Genesis 2,Action|Sci-Fi,A hacker discovers reality is a simulation. This is part 6 of an extended cinematic universe with new characters and plot twists.,2021
2130,The Godfather Odyssey 5,Crime|Drama,The aging patriarch of an organized crime dynasty transfers control to his son. This is part 5 of an extended cinematic universe with new characters and plot twists.,1985
2131,La La Land Chronicles 1,Drama|Musical,A jazz pianist and actress fall in love in Los Angeles. This is part 4 of an extended cinematic universe with new characters and plot twists.,1978
2132,The Green Mile Eclipse 7,Drama|Fantasy,A moving prison drama with supernatural elements. This is part 5 of an extended cinematic universe with new characters and plot twists.,1989
2133,La La Land Legacy 9,Drama|Musical,A jazz pianist and actress fall in love in Los Angeles. This is part 4 of an extended cinematic universe with new characters and plot twists.,2002
2134,Inception Eclipse 7,Action|Sci-Fi,A thief who steals corporate secrets through dream-sharing technology. This is part 2 of an extended cinematic universe with new characters and plot twists.,2006
2135,Parasite Eclipse 2,Thriller|Drama,A poor family schemes to become employed by a wealthy household. This is part 5 of an extended cinematic universe with new characters and plot twists.,1978
2136,The Green Mile Chronicles 8,Drama|Fantasy,A moving prison drama with supernatural elements. This is part 3 of an extended cinematic universe with new characters and plot twists.,1992
2137,Inception Genesis 3,Action|Sci-Fi,A thief who steals corporate secrets through dream-sharing technology. This is part 9 of an extended cinematic universe with new characters and plot twists.,2024
2138,The Matrix Rebirth 6,Action|Sci-Fi,A hacker discovers reality is a simulation. This is part 8 of an extended cinematic universe with new characters and plot twists.,2014
2139,Inception Eclipse 9,Action|Sci-Fi,A thief who steals corporate secrets through dream-sharing technology. This is part 5 of an extended cinematic universe with new characters and plot twists.,2020
2140,Inception Saga 2,Action|Sci-Fi,A thief who steals corporate secrets through dream-sharing technology. This is part 6 of an extended cinematic universe with new characters and plot twists.,2013
2141,The Matrix Legacy 8,Action|Sci-Fi,A hacker discovers reality is a simulation. This is part 1 of an extended cinematic universe with new characters and plot twists.,1989
2142,The Godfather Rebirth 9,Crime|Drama,The aging patriarch of an organized crime dynasty transfers control to his son. This is part 6 of an extended cinematic universe with new characters and plot twists.,2004
2143,The Matrix Uprising 1,Action|Sci-Fi,A hacker discovers reality is a simulation. This is part 7 of an extended cinematic universe with new characters and plot twists.,2024
2144,Inside Out Returns 3,Animation|Family,Emotions guide a young girl's life during a big move. This is part 1 of an extended cinematic universe with new characters and plot twists.,2004
2145,The Green Mile Odyssey 6,Drama|Fantasy,A moving prison drama with supernatural elements. This is part 5 of an extended cinematic universe with new characters and plot twists.,2019
2146,The Matrix Saga 3,Action|Sci-Fi,A hacker discovers reality is a simulation. This is part 9 of an extended cinematic universe with new characters and plot twists.,2025
2147,Inside Out Saga 7,Animation|Family,Emotions guide a young girl's life during a big move. This is part 1 of an extended cinematic universe with new characters and plot twists.,1984
2148,The Matrix Odyssey 9,Action|Sci-Fi,A hacker discovers reality is a simulation. This is part 6 of an extended cinematic universe with new characters and plot twists.,1972
2149,Inception Genesis 6,Action|Sci-Fi,A thief who steals corporate secrets through dream-sharing technology. This is part 1 of an extended cinematic universe with new characters and plot twists.,1972
2150,The Shawshank Redemption Eclipse 7,Drama,"Two imprisoned men bond over years, finding solace and eventual redemption. This is part 6 of an extended cinematic universe with new characters and plot twists.",2010
2151,Interstellar Genesis 2,Adventure|Sci-Fi,Explorers travel through a wormhole to save humanity. This is part 5 of an extended cinematic universe with new characters and plot twists.,1987
2152,The Social Network Eclipse 4,Drama,The founding of Facebook and its legal battles. This is part 6 of an extended cinematic universe with new characters and plot twists.,1970
2153,The Matrix Saga 4,Action|Sci-Fi,A hacker discovers reality is a simulation. This is part 7 of an extended cinematic universe with new characters and plot twists.,1996
2154,Inside Out Odyssey 6,Animation|Family,Emotions guide a young girl's life during a big move. This is part 6 of an extended cinematic universe with new characters and plot twists.,2013
2155,Inside Out Returns 4,Animation|Family,Emotions guide a young girl's life during a big move. This is part 1 of an extended cinematic universe with new characters and plot twists.,1983
2156,Interstellar Chronicles 7,Adventure|Sci-Fi,Explorers travel through a wormhole to save humanity. This is part 8 of an extended cinematic universe with new characters and plot twists.,2012
2157,Inception Returns 2,Action|Sci-Fi,A thief who steals corporate secrets through dream-sharing technology. This is part 6 of an extended cinematic universe with new characters and plot twists.,1989
2158,Interstellar Saga 1,Adventure|Sci-Fi,Explorers travel through a wormhole to save humanity. This is part 3 of an extended cinematic universe with new characters and plot twists.,2008
2159,The Matrix Saga 4,Action|Sci-Fi,A hacker discovers reality is a simulation. This is part 3 of an extended cinematic universe with new characters and plot twists.,1992
2160,The Godfather Saga 1,Crime|Drama,The aging patriarch of an organized crime dynasty transfers control to his son. This is part 5 of an extended cinematic universe with new characters and plot twists.,1983
2161,The Matrix Genesis 5,Action|Sci-Fi,A hacker discovers reality is a simulation. This is part 4 of an extended cinematic universe with new characters and plot twists.,2022
2162,Inception Genesis 7,Action|Sci-Fi,A thief who steals corporate secrets through dream-sharing technology. This is part 3 of an extended cinematic universe with new characters and plot twists.,2012
2163,La La Land Reimagined 5,Drama|Musical,A jazz pianist and actress fall in love in Los Angeles. This is part 7 of an extended cinematic universe with new characters and plot twists.,2007
2164,Parasite Saga 3,Thriller|Drama,A poor family schemes to become employed by a wealthy household. This is part 4 of an extended cinematic universe with new characters and plot twists.,1974
2165,The Shawshank Redemption Chronicles 3,Drama,"Two imprisoned men bond over years, finding solace and eventual redemption. This is part 7 of an extended cinematic universe with new characters and plot twists.",2011
2166,Parasite Saga 1,Thriller|Drama,A poor family schemes to become employed by a wealthy household. This is part 9 of an extended cinematic universe with new characters and plot twists.,2001
2167,Parasite Saga 9,Thriller|Drama,A poor family schemes to become employed by a wealthy household. This is part 4 of an extended cinematic universe with new characters and plot twists.,1979
2168,The Matrix Uprising 6,Action|Sci-Fi,A hacker discovers reality is a simulation. This is part 9 of an extended cinematic universe with new characters and plot twists.,2005
2169,The Godfather Odyssey 8,Crime|Drama,The aging patriarch of an organized crime dynasty transfers control to his son. This is part 4 of an extended cinematic universe with new characters and plot twists.,2018
2170,The Matrix Legacy 5,Action|Sci-Fi,A hacker discovers reality is a simulation. This is part 2 of an extended cinematic universe with new characters and plot twists.,2004
2171,Inception Returns 8,Action|Sci-Fi,A thief who steals corporate secrets through dream-sharing technology. This is part 8 of an extended cinematic universe with new characters and plot twists.,2001
2172,The Shawshank Redemption Odyssey 6,Drama,"Two imprisoned men bond over years, finding solace and eventual redemption. This is part 6 of an extended cinematic universe with new characters and plot twists.",2005
2173,Inside Out Chronicles 8,Animation|Family,Emotions guide a young girl's life during a big move. This is part 3 of an extended cinematic universe with new characters and plot twists.,1975
2174,Inception Odyssey 7,Action|Sci-Fi,A thief who steals corporate secrets through dream-sharing technology. This is part 8 of an extended cinematic universe with new characters and plot twists.,1970
2175,La La Land Chronicles 3,Drama|Musical,A jazz pianist and actress fall in love in Los Angeles. This is part 4 of an extended cinematic universe with new characters and plot twists.,1986
2176,La La Land Uprising 8,Drama|Musical,A jazz pianist and actress fall in love in Los Angeles. This is part 5 of an extended cinematic universe with new characters and plot twists.,1974
2177,Inception Chronicles 1,Action|Sci-Fi,A thief who steals corporate secrets through dream-sharing technology. This is part 2 of an extended cinematic universe with new characters and plot twists.,1984
2178,Inception Eclipse 9,Action|Sci-Fi,A thief who steals corporate secrets through dream-sharing technology. This is part 5 of an extended cinematic universe with new characters and plot twists.,1994
2179,The Godfather Uprising 9,Crime|Drama,The aging patriarch of an organized crime dynasty transfers control to his son. This is part 8 of an extended cinematic universe with new characters and plot twists.,1998
2180,Interstellar Returns 3,Adventure|Sci-Fi,Explorers travel through a wormhole to save humanity. This is part 5 of an extended cinematic universe with new characters and plot twists.,1977
2181,Inside Out Genesis 1,Animation|Family,Emotions guide a young girl's life during a big move. This is part 9 of an extended cinematic universe with new characters and plot twists.,2015
2182,Parasite Rebirth 6,Thriller|Drama,A poor family schemes to become employed by a wealthy household. This is part 7 of an extended cinematic universe with new characters and plot twists.,2010
2183,Inside Out Uprising 1,Animation|Family,Emotions guide a young girl's life during a big move. This is part 6 of an extended cinematic universe with new characters and plot twists.,1973
2184,Parasite Chronicles 8,Thriller|Drama,A poor family schemes to become employed by a wealthy household. This is part 1 of an extended cinematic universe with new characters and plot twists.,2001
2185,The Shawshank Redemption Odyssey 6,Drama,"Two imprisoned men bond over years, finding solace and eventual redemption. This is part 2 of an extended cinematic universe with new characters and plot twists.",2011
2186,Parasite Reimagined 7,Thriller|Drama,A poor family schemes to become employed by a wealthy household. This is part 1 of an extended cinematic universe with new characters and plot twists.,1984
2187,Interstellar Rebirth 3,Adventure|Sci-Fi,Explorers travel through a wormhole to save humanity. This is part 9 of an extended cinematic universe with new characters and plot twists.,2006
2188,The Green Mile Chronicles 1,Drama|Fantasy,A moving prison drama with supernatural elements. This is part 6 of an extended cinematic universe with new characters and plot twists.,2008
2189,Interstellar Eclipse 3,Adventure|Sci-Fi,Explorers travel through a wormhole to save humanity. This is part 2 of an extended cinematic universe with new characters and plot twists.,1994
2190,The Green Mile Uprising 5,Drama|Fantasy,A moving prison drama with supernatural elements. This is part 4 of an extended cinematic universe with new characters and plot twists.,1979
2191,La La Land Uprising 6,Drama|Musical,A jazz pianist and actress fall in love in Los Angeles. This is part 2 of an extended cinematic universe with new characters and plot twists.,1993
2192,Interstellar Odyssey 1,Adventure|Sci-Fi,Explorers travel through a wormhole to save humanity. This is part 2 of an extended cinematic universe with new characters and plot twists.,1970
2193,The Matrix Legacy 3,Action|Sci-Fi,A hacker discovers reality is a simulation. This is part 8 of an extended cinematic universe with new characters and plot twists.,2022
2194,Interstellar Legacy 4,Adventure|Sci-Fi,Explorers travel through a wormhole to save humanity. This is part 5 of an extended cinematic universe with new characters and plot twists.,1978
2195,Inside Out Legacy 2,Animation|Family,Emotions guide a young girl's life during a big move. This is part 2 of an extended cinematic universe with new characters and plot twists.,2008
2196,Parasite Rebirth 1,Thriller|Drama,A poor family schemes to become employed by a wealthy household. This is part 4 of an extended cinematic universe with new characters and plot twists.,2007
2197,The Matrix Rebirth 6,Action|Sci-Fi,A hacker discovers reality is a simulation. This is part 5 of an extended cinematic universe with new characters and plot twists.,1990
2198,The Godfather Genesis 2,Crime|Drama,The aging patriarch of an organized crime dynasty transfers control to his son. This is part 7 of an extended cinematic universe with new characters and plot twists.,1973
2199,The Godfather Eclipse 7,Crime|Drama,The aging patriarch of an organized crime dynasty transfers control to his son. This is part 4 of an extended cinematic universe with new characters and plot twists.,1995
2200,Inception Rebirth 5,Action|Sci-Fi,A thief who steals corporate secrets through dream-sharing technology. This is part 5 of an extended cinematic universe with new characters and plot twists.,1982
2201,Interstellar Reimagined 9,Adventure|Sci-Fi,Explorers travel through a wormhole to save humanity. This is part 8 of an extended cinematic universe with new characters and plot twists.,2011
2202,The Godfather Uprising 6,Crime|Drama,The aging patriarch of an organized crime dynasty transfers control to his son. This is part 3 of an extended cinematic universe with new characters and plot twists.,1979
2203,The Social Network Genesis 2,Drama,The founding of Facebook and its legal battles. This is part 6 of an extended cinematic universe with new characters and plot twists.,2005
2204,The Godfather Genesis 7,Crime|Drama,The aging patriarch of an organized crime dynasty transfers control to his son. This is part 9 of an extended cinematic universe with new characters and plot twists.,1999
2205,The Matrix Chronicles 2,Action|Sci-Fi,A hacker discovers reality is a simulation. This is part 2 of an extended cinematic universe with new characters and plot twists.,1976
2206,The Green Mile Eclipse 1,Drama|Fantasy,A moving prison drama with supernatural elements. This is part 7 of an extended cinematic universe with new characters and plot twists.,1978
2207,The Green Mile Reimagined 9,Drama|Fantasy,A moving prison drama with supernatural elements. This is part 7 of an extended cinematic universe with new characters and plot twists.,1988
2208,The Shawshank Redemption Legacy 7,Drama,"Two imprisoned men bond over years, finding solace and eventual redemption. This is part 1 of an extended cinematic universe with new characters and plot twists.",2007
2209,Inside Out Chronicles 3,Animation|Family,Emotions guide a young girl's life during a big move. This is part 4 of an extended cinematic universe with new characters and plot twists.,1981
2210,Interstellar Odyssey 7,Adventure|Sci-Fi,Explorers travel through a wormhole to save humanity. This is part 7 of an extended cinematic universe with new characters and plot twists.,1997
2211,Interstellar Chronicles 1,Adventure|Sci-Fi,Explorers travel through a wormhole to save humanity. This is part 9 of an extended cinematic universe with new characters and plot twists.,1994
2212,The Green Mile Legacy 2,Drama|Fantasy,A moving prison drama with supernatural elements. This is part 8 of an extended cinematic universe with new characters and plot twists.,2019
2213,Parasite Chronicles 8,Thriller|Drama,A poor family schemes to become employed by a wealthy household. This is part 5 of an extended cinematic universe with new characters and plot twists.,2009
2214,The Green Mile Uprising 5,Drama|Fantasy,A moving prison drama with supernatural elements. This is part 3 of an extended cinematic universe with new characters and plot twists.,2007
2215,The Matrix Reimagined 6,Action|Sci-Fi,A hacker discovers reality is a simulation. This is part 9 of an extended cinematic universe with new characters and plot twists.,1981
2216,Interstellar Chronicles 3,Adventure|Sci-Fi,Explorers travel through a wormhole to save humanity. This is part 5 of an extended cinematic universe with new characters and plot twists.,1976
2217,The Green Mile Legacy 3,Drama|Fantasy,A moving prison drama with supernatural elements. This is part 2 of an extended cinematic universe with new characters and plot twists.,1997
2218,Inside Out Genesis 1,Animation|Family,Emotions guide a young girl's life during a big move. This is part 9 of an extended cinematic universe with new characters and plot twists.,1972
2219,The Shawshank Redemption Rebirth 2,Drama,"Two imprisoned men bond over years, finding solace and eventual redemption. This is part 3 of an extended cinematic universe with new characters and plot twists.",1992
2220,The Shawshank Redemption Saga 9,Drama,"Two imprisoned men bond over years, finding solace and eventual redemption. This is part 9 of an extended cinematic universe with new characters and plot twists.",1990
2221,The Shawshank Redemption Odyssey 1,Drama,"Two imprisoned men bond over years, finding solace and eventual redemption. This is part 8 of an extended cinematic universe with new characters and plot twists.",2013
2222,The Social Network Returns 4,Drama,The founding of Facebook and its legal battles. This is part 3 of an extended cinematic universe with new characters and plot twists.,2020
2223,The Social Network Chronicles 5,Drama,The founding of Facebook and its legal battles. This is part 7 of an extended cinematic universe with new characters and plot twists.,2009
2224,The Green Mile Rebirth 6,Drama|Fantasy,A moving prison drama with supernatural elements. This is part 9 of an extended cinematic universe with new characters and plot twists.,1976
2225,Interstellar Legacy 8,Adventure|Sci-Fi,Explorers travel through a wormhole to save humanity. This is part 6 of an extended cinematic universe with new characters and plot twists.,1991
2226,Parasite Returns 2,Thriller|Drama,A poor family schemes to become employed by a wealthy household. This is part 5 of an extended cinematic universe with new characters and plot twists.,1977
2227,The Matrix Legacy 6,Action|Sci-Fi,A hacker discovers reality is a simulation. This is part 1 of an extended cinematic universe with new characters and plot twists.,2008
2228,Inside Out Reimagined 7,Animation|Family,Emotions guide a young girl's life during a big move. This is part 6 of an extended cinematic universe with new characters and plot twists.,1984
2229,Interstellar Saga 1,Adventure|Sci-Fi,Explorers travel through a wormhole to save humanity. This is part 6 of an extended cinematic universe with new characters and plot twists.,1978
2230,The Social Network Legacy 5,Drama,The founding of Facebook and its legal battles. This is part 3 of an extended cinematic universe with new characters and plot twists.,1977
2231,The Green Mile Returns 4,Drama|Fantasy,A moving prison drama with supernatural elements. This is part 2 of an extended cinematic universe with new characters and plot twists.,2007
2232,Inception Saga 9,Action|Sci-Fi,A thief who steals corporate secrets through dream-sharing technology. This is part 9 of an extended cinematic universe with new characters and plot twists.,1975
2233,The Social Network Reimagined 3,Drama,The founding of Facebook and its legal battles. This is part 8 of an extended cinematic universe with new characters and plot twists.,1978
2234,Parasite Legacy 9,Thriller|Drama,A poor family schemes to become employed by a wealthy household. This is part 5 of an extended cinematic universe with new characters and plot twists.,2009
2235,Inside Out Odyssey 5,Animation|Family,Emotions guide a young girl's life during a big move. This is part 2 of an extended cinematic universe with new characters and plot twists.,1989
2236,Parasite Rebirth 6,Thriller|Drama,A poor family schemes to become employed by a wealthy household. This is part 4 of an extended cinematic universe with new characters and plot twists.,1981
2237,The Green Mile Genesis 6,Drama|Fantasy,A moving prison drama with supernatural elements. This is part 7 of an extended cinematic universe with new characters and plot twists.,1980
2238,The Godfather Reimagined 9,Crime|Drama,The aging patriarch of an organized crime dynasty transfers control to his son. This is part 8 of an extended cinematic universe with new characters and plot twists.,1992
2239,La La Land Chronicles 7,Drama|Musical,A jazz pianist and actress fall in love in Los Angeles. This is part 7 of an extended cinematic universe with new characters and plot twists.,2011
2240,The Matrix Genesis 3,Action|Sci-Fi,A hacker discovers reality is a simulation. This is part 5 of an extended cinematic universe with new characters and plot twists.,2005
2241,Inception Eclipse 1,Action|Sci-Fi,A thief who steals corporate secrets through dream-sharing technology. This is part 3 of an extended cinematic universe with new characters and plot twists.,1988
2242,The Green Mile Legacy 1,Drama|Fantasy,A moving prison drama with supernatural elements. This is part 7 of an extended cinematic universe with new characters and plot twists.,1992
2243,La La Land Legacy 5,Drama|Musical,A jazz pianist and actress fall in love in Los Angeles. This is part 4 of an extended cinematic universe with new characters and plot twists.,2009
2244,The Social Network Uprising 7,Drama,The founding of Facebook and its legal battles. This is part 1 of an extended cinematic universe with new characters and plot twists.,1979
2245,Interstellar Eclipse 7,Adventure|Sci-Fi,Explorers travel through a wormhole to save humanity. This is part 5 of an extended cinematic universe with new characters and plot twists.,1975
2246,The Green Mile Genesis 8,Drama|Fantasy,A moving prison drama with supernatural elements. This is part 8 of an extended cinematic universe with new characters and plot twists.,1990
2247,La La Land Eclipse 9,Drama|Musical,A jazz pianist and actress fall in love in Los Angeles. This is part 8 of an extended cinematic universe with new characters and plot twists.,1979
2248,The Shawshank Redemption Eclipse 2,Drama,"Two imprisoned men bond over years, finding solace and eventual redemption. This is part 4 of an extended cinematic universe with new characters and plot twists.",2019
2249,Inside Out Saga 6,Animation|Family,Emotions guide a young girl's life during a big move. This is part 2 of an extended cinematic universe with new characters and plot twists.,1994
2250,Interstellar Rebirth 1,Adventure|Sci-Fi,Explorers travel through a wormhole to save humanity. This is part 3 of an extended cinematic universe with new characters and plot twists.,1976
2251,Inside Out Chronicles 3,Animation|Family,Emotions guide a young girl's life during a big move. This is part 6 of an extended cinematic universe with new characters and plot twists.,2017
2252,Inception Returns 5,Action|Sci-Fi,A thief who steals corporate secrets through dream-sharing technology. This is part 2 of an extended cinematic universe with new characters and plot twists.,1970
2253,The Godfather Legacy 8,Crime|Drama,The aging patriarch of an organized crime dynasty transfers control to his son. This is part 8 of an extended cinematic universe with new characters and plot twists.,2025
2254,Inception Chronicles 4,Action|Sci-Fi,A thief who steals corporate secrets through dream-sharing technology. This is part 4 of an extended cinematic universe with new characters and plot twists.,2023
2255,La La Land Returns 8,Drama|Musical,A jazz pianist and actress fall in love in Los Angeles. This is part 4 of an extended cinematic universe with new characters and plot twists.,1997
2256,The Matrix Eclipse 4,Action|Sci-Fi,A hacker discovers reality is a simulation. This is part 8 of an extended cinematic universe with new characters and plot twists.,1972
2257,Parasite Legacy 6,Thriller|Drama,A poor family schemes to become employed by a wealthy household. This is part 5 of an extended cinematic universe with new characters and plot twists.,2003
2258,Interstellar Odyssey 4,Adventure|Sci-Fi,Explorers travel through a wormhole to save humanity. This is part 6 of an extended cinematic universe with new characters and plot twists.,1996
2259,Interstellar Eclipse 8,Adventure|Sci-Fi,Explorers travel through a wormhole to save humanity. This is part 6 of an extended cinematic universe with new characters and plot twists.,1993
2260,The Green Mile Legacy 8,Drama|Fantasy,A moving prison drama with supernatural elements. This is part 6 of an extended cinematic universe with new characters and plot twists.,1993
2261,Inside Out Eclipse 1,Animation|Family,Emotions guide a young girl's life during a big move. This is part 1 of an extended cinematic universe with new characters and plot twists.,2010
2262,Interstellar Genesis 7,Adventure|Sci-Fi,Explorers travel through a wormhole to save humanity. This is part 9 of an extended cinematic universe with new characters and plot twists.,1978
2263,The Matrix Reimagined 9,Action|Sci-Fi,A hacker discovers reality is a simulation. This is part 5 of an extended cinematic universe with new characters and plot twists.,1975
2264,Interstellar Uprising 5,Adventure|Sci-Fi,Explorers travel through a wormhole to save humanity. This is part 1 of an extended cinematic universe with new characters and plot twists.,2020
2265,The Social Network Legacy 4,Drama,The founding of Facebook and its legal battles. This is part 8 of an extended cinematic universe with new characters and plot twists.,1991
2266,Inside Out Chronicles 7,Animation|Family,Emotions guide a young girl's life during a big move. This is part 6 of an extended cinematic universe with new characters and plot twists.,1985
2267,The Godfather Saga 8,Crime|Drama,The aging patriarch of an organized crime dynasty transfers control to his son. This is part 6 of an extended cinematic universe with new characters and plot twists.,2004
2268,Inside Out Eclipse 8,Animation|Family,Emotions guide a young girl's life during a big move. This is part 7 of an extended cinematic universe with new characters and plot twists.,2017
2269,Interstellar Odyssey 4,Adventure|Sci-Fi,Explorers travel through a wormhole to save humanity. This is part 7 of an extended cinematic universe with new characters and plot twists.,2016
2270,The Matrix Uprising 2,Action|Sci-Fi,A hacker discovers reality is a simulation. This is part 2 of an extended cinematic universe with new characters and plot twists.,1978
2271,Inception Rebirth 3,Action|Sci-Fi,A thief who steals corporate secrets through dream-sharing technology. This is part 7 of an extended cinematic universe with new characters and plot twists.,1995
2272,Inside Out Eclipse 7,Animation|Family,Emotions guide a young girl's life during a big move. This is part 9 of an extended cinematic universe with new characters and plot twists.,2018
2273,The Matrix Returns 8,Action|Sci-Fi,A hacker discovers reality is a simulation. This is part 9 of an extended cinematic universe with new characters and plot twists.,1979
2274,Inside Out Rebirth 6,Animation|Family,Emotions guide a young girl's life during a big move. This is part 8 of an extended cinematic universe with new characters and plot twists.,1991
2275,The Shawshank Redemption Saga 3,Drama,"Two imprisoned men bond over years, finding solace and eventual redemption. This is part 3 of an extended cinematic universe with new characters and plot twists.",1991
2276,The Social Network Chronicles 4,Drama,The founding of Facebook and its legal battles. This is part 2 of an extended cinematic universe with new characters and plot twists.,1994
2277,Interstellar Returns 6,Adventure|Sci-Fi,Explorers travel through a wormhole to save humanity. This is part 6 of an extended cinematic universe with new characters and plot twists.,2002
2278,The Godfather Saga 8,Crime|Drama,The aging patriarch of an organized crime dynasty transfers control to his son. This is part 7 of an extended cinematic universe with new characters and plot twists.,1972
2279,The Social Network Reimagined 5,Drama,The founding of Facebook and its legal battles. This is part 2 of an extended cinematic universe with new characters and plot twists.,1972
2280,Interstellar Odyssey 7,Adventure|Sci-Fi,Explorers travel through a wormhole to save humanity. This is part 6 of an extended cinematic universe with new characters and plot twists.,1978
2281,The Godfather Returns 7,Crime|Drama,The aging patriarch of an organized crime dynasty transfers control to his son. This is part 9 of an extended cinematic universe with new characters and plot twists.,1985
2282,The Matrix Rebirth 7,Action|Sci-Fi,A hacker discovers reality is a simulation. This is part 6 of an extended cinematic universe with new characters and plot twists.,1970
2283,The Social Network Returns 1,Drama,The founding of Facebook and its legal battles. This is part 1 of an extended cinematic universe with new characters and plot twists.,1996
2284,Parasite Eclipse 3,Thriller|Drama,A poor family schemes to become employed by a wealthy household. This is part 1 of an extended cinematic universe with new characters and plot twists.,1992
2285,Interstellar Chronicles 9,Adventure|Sci-Fi,Explorers travel through a wormhole to save humanity. This is part 3 of an extended cinematic universe with new characters and plot twists.,2013
2286,The Social Network Genesis 7,Drama,The founding of Facebook and its legal battles. This is part 5 of an extended cinematic universe with new characters and plot twists.,2002
2287,Inside Out Uprising 2,Animation|Family,Emotions guide a young girl's life during a big move. This is part 2 of an extended cinematic universe with new characters and plot twists.,1986
2288,The Shawshank Redemption Legacy 8,Drama,"Two imprisoned men bond over years, finding solace and eventual redemption. This is part 5 of an extended cinematic universe with new characters and plot twists.",1973
2289,The Shawshank Redemption Rebirth 5,Drama,"Two imprisoned men bond over years, finding solace and eventual redemption. This is part 4 of an extended cinematic universe with new characters and plot twists.",2018
2290,La La Land Returns 8,Drama|Musical,A jazz pianist and actress fall in love in Los Angeles. This is part 9 of an extended cinematic universe with new characters and plot twists.,2010
2291,The Godfather Rebirth 2,Crime|Drama,The aging patriarch of an organized crime dynasty transfers control to his son. This is part 1 of an extended cinematic universe with new characters and plot twists.,2013
2292,The Shawshank Redemption Eclipse 7,Drama,"Two imprisoned men bond over years, finding solace and eventual redemption. This is part 9 of an extended cinematic universe with new characters and plot twists.",1998
2293,The Social Network Rebirth 1,Drama,The founding of Facebook and its legal battles. This is part 1 of an extended cinematic universe with new characters and plot twists.,1970
2294,La La Land Rebirth 2,Drama|Musical,A jazz pianist and actress fall in love in Los Angeles. This is part 1 of an extended cinematic universe with new characters and plot twists.,1989
2295,The Shawshank Redemption Rebirth 7,Drama,"Two imprisoned men bond over years, finding solace and eventual redemption. This is part 8 of an extended cinematic universe with new characters and plot twists.",2016
2296,Parasite Eclipse 1,Thriller|Drama,A poor family schemes to become employed by a wealthy household. This is part 7 of an extended cinematic universe with new characters and plot twists.,1987
2297,Parasite Genesis 9,Thriller|Drama,A poor family schemes to become employed by a wealthy household. This is part 3 of an extended cinematic universe with new characters and plot twists.,1978
2298,The Social Network Eclipse 3,Drama,The founding of Facebook and its legal battles. This is part 3 of an extended cinematic universe with new characters and plot twists.,1970
2299,The Green Mile Rebirth 1,Drama|Fantasy,A moving prison drama with supernatural elements. This is part 6 of an extended cinematic universe with new characters and plot twists.,2003
2300,Parasite Legacy 9,Thriller|Drama,A poor family schemes to become employed by a wealthy household. This is part 3 of an extended cinematic universe with new characters and plot twists.,1970
2301,The Godfather Eclipse 6,Crime|Drama,The aging patriarch of an organized crime dynasty transfers control to his son. This is part 4 of an extended cinematic universe with new characters and plot twists.,1988
2302,Inception Rebirth 2,Action|Sci-Fi,A thief who steals corporate secrets through dream-sharing technology. This is part 3 of an extended cinematic universe with new characters and plot twists.,1974
2303,The Godfather Reimagined 1,Crime|Drama,The aging patriarch of an organized crime dynasty transfers control to his son. This is part 3 of an extended cinematic universe with new characters and plot twists.,1981
2304,La La Land Uprising 7,Drama|Musical,A jazz pianist and actress fall in love in Los Angeles. This is part 8 of an extended cinematic universe with new characters and plot twists.,1986
2305,Parasite Legacy 3,Thriller|Drama,A poor family schemes to become employed by a wealthy household. This is part 6 of an extended cinematic universe with new characters and plot twists.,2022
2306,Parasite Uprising 6,Thriller|Drama,A poor family schemes to become employed by a wealthy household. This is part 4 of an extended cinematic universe with new characters and plot twists.,1982
2307,The Shawshank Redemption Genesis 9,Drama,"Two imprisoned men bond over years, finding solace and eventual redemption. This is part 5 of an extended cinematic universe with new characters and plot twists.",1985
2308,The Green Mile Uprising 9,Drama|Fantasy,A moving prison drama with supernatural elements. This is part 7 of an extended cinematic universe with new characters and plot twists.,1978
2309,The Matrix Reimagined 5,Action|Sci-Fi,A hacker discovers reality is a simulation. This is part 7 of an extended cinematic universe with new characters and plot twists.,1973
2310,The Shawshank Redemption Saga 4,Drama,"Two imprisoned men bond over years, finding solace and eventual redemption. This is part 9 of an extended cinematic universe with new characters and plot twists.",1981
2311,The Godfather Odyssey 5,Crime|Drama,The aging patriarch of an organized crime dynasty transfers control to his son. This is part 9 of an extended cinematic universe with new characters and plot twists.,2011
2312,Inception Eclipse 5,Action|Sci-Fi,A thief who steals corporate secrets through dream-sharing technology. This is part 5 of an extended cinematic universe with new characters and plot twists.,1983
2313,Inside Out Rebirth 2,Animation|Family,Emotions guide a young girl's life during a big move. This is part 2 of an extended cinematic universe with new characters and plot twists.,1979
2314,The Shawshank Redemption Rebirth 5,Drama,"Two imprisoned men bond over years, finding solace and eventual redemption. This is part 7 of an extended cinematic universe with new characters and plot twists.",1970
2315,The Social Network Uprising 2,Drama,The founding of Facebook and its legal battles. This is part 2 of an extended cinematic universe with new characters and plot twists.,1977
2316,La La Land Legacy 9,Drama|Musical,A jazz pianist and actress fall in love in Los Angeles. This is part 7 of an extended cinematic universe with new characters and plot twists.,1981
2317,The Godfather Genesis 3,Crime|Drama,The aging patriarch of an organized crime dynasty transfers control to his son. This is part 1 of an extended cinematic universe with new characters and plot twists.,1979
2318,Interstellar Legacy 5,Adventure|Sci-Fi,Explorers travel through a wormhole to save humanity. This is part 6 of an extended cinematic universe with new characters and plot twists.,1988
2319,The Shawshank Redemption Eclipse 4,Drama,"Two imprisoned men bond over years, finding solace and eventual redemption. This is part 7 of an extended cinematic universe with new characters and plot twists.",2005
2320,The Matrix Legacy 9,Action|Sci-Fi,A hacker discovers reality is a simulation. This is part 7 of an extended cinematic universe with new characters and plot twists.,2015
2321,Inception Chronicles 7,Action|Sci-Fi,A thief who steals corporate secrets through dream-sharing technology. This is part 3 of an extended cinematic universe with new characters and plot twists.,1987
2322,The Social Network Genesis 6,Drama,The founding of Facebook and its legal battles. This is part 7 of an extended cinematic universe with new characters and plot twists.,2020
2323,The Social Network Uprising 8,Drama,The founding of Facebook and its legal battles. This is part 9 of an extended cinematic universe with new characters and plot twists.,1992
2324,Inside Out Reimagined 5,Animation|Family,Emotions guide a young girl's life during a big move. This is part 4 of an extended cinematic universe with new characters and plot twists.,1978
2325,Parasite Genesis 4,Thriller|Drama,A poor family schemes to become employed by a wealthy household. This is part 7 of an extended cinematic universe with new characters and plot twists.,1990
2326,The Social Network Rebirth 5,Drama,The founding of Facebook and its legal battles. This is part 2 of an extended cinematic universe with new characters and plot twists.,2025
2327,Interstellar Legacy 9,Adventure|Sci-Fi,Explorers travel through a wormhole to save humanity. This is part 1 of an extended cinematic universe with new characters and plot twists.,2012
2328,The Shawshank Redemption Odyssey 7,Drama,"Two imprisoned men bond over years, finding solace and eventual redemption. This is part 3 of an extended cinematic universe with new characters and plot twists.",2023
2329,The Shawshank Redemption Rebirth 5,Drama,"Two imprisoned men bond over years, finding solace and eventual redemption. This is part 2 of an extended cinematic universe with new characters and plot twists.",1979
2330,The Godfather Legacy 8,Crime|Drama,The aging patriarch of an organized crime dynasty transfers control to his son. This is part 8 of an extended cinematic universe with new characters and plot twists.,1984
2331,The Green Mile Reimagined 9,Drama|Fantasy,A moving prison drama with supernatural elements. This is part 2 of an extended cinematic universe with new characters and plot twists.,1977
2332,Inception Chronicles 8,Action|Sci-Fi,A thief who steals corporate secrets through dream-sharing technology. This is part 6 of an extended cinematic universe with new characters and plot twists.,1995
2333,La La Land Uprising 1,Drama|Musical,A jazz pianist and actress fall in love in Los Angeles. This is part 2 of an extended cinematic universe with new characters and plot twists.,1989
2334,Interstellar Saga 7,Adventure|Sci-Fi,Explorers travel through a wormhole to save humanity. This is part 3 of an extended cinematic universe with new characters and plot twists.,2020
2335,La La Land Reimagined 1,Drama|Musical,A jazz pianist and actress fall in love in Los Angeles. This is part 4 of an extended cinematic universe with new characters and plot twists.,2022
2336,Parasite Reimagined 7,Thriller|Drama,A poor family schemes to become employed by a wealthy household. This is part 9 of an extended cinematic universe with new characters and plot twists.,2006
2337,Interstellar Chronicles 8,Adventure|Sci-Fi,Explorers travel through a wormhole to save humanity. This is part 2 of an extended cinematic universe with new characters and plot twists.,2011
2338,The Green Mile Reimagined 5,Drama|Fantasy,A moving prison drama with supernatural elements. This is part 1 of an extended cinematic universe with new characters and plot twists.,1995
2339,Inception Returns 1,Action|Sci-Fi,A thief who steals corporate secrets through dream-sharing technology. This is part 4 of an extended cinematic universe with new characters and plot twists.,1972
2340,Inside Out Chronicles 1,Animation|Family,Emotions guide a young girl's life during a big move. This is part 3 of an extended cinematic universe with new characters and plot twists.,1974
2341,Inception Rebirth 8,Action|Sci-Fi,A thief who steals corporate secrets through dream-sharing technology. This is part 6 of an extended cinematic universe with new characters and plot twists.,1970
2342,The Social Network Returns 5,Drama,The founding of Facebook and its legal battles. This is part 1 of an extended cinematic universe with new characters and plot twists.,1992
2343,The Matrix Legacy 6,Action|Sci-Fi,A hacker discovers reality is a simulation. This is part 8 of an extended cinematic universe with new characters and plot twists.,2023
2344,Inside Out Saga 9,Animation|Family,Emotions guide a young girl's life during a big move. This is part 5 of an extended cinematic universe with new characters and plot twists.,1975
2345,La La Land Odyssey 7,Drama|Musical,A jazz pianist and actress fall in love in Los Angeles. This is part 3 of an extended cinematic universe with new characters and plot twists.,1973
2346,The Matrix Returns 2,Action|Sci-Fi,A hacker discovers reality is a simulation. This is part 2 of an extended cinematic universe with new characters and plot twists.,2020
2347,The Godfather Chronicles 5,Crime|Drama,The aging patriarch of an organized crime dynasty transfers control to his son. This is part 5 of an extended cinematic universe with new characters and plot twists.,1990
2348,Inception Returns 4,Action|Sci-Fi,A thief who steals corporate secrets through dream-sharing technology. This is part 5 of an extended cinematic universe with new characters and plot twists.,1984
2349,Inside Out Reimagined 7,Animation|Family,Emotions guide a young girl's life during a big move. This is part 7 of an extended cinematic universe with new characters and plot twists.,1994
2350,The Shawshank Redemption Reimagined 4,Drama,"Two imprisoned men bond over years, finding solace and eventual redemption. This is part 5 of an extended cinematic universe with new characters and plot twists.",1977
2351,The Matrix Reimagined 6,Action|Sci-Fi,A hacker discovers reality is a simulation. This is part 7 of an extended cinematic universe with new characters and plot twists.,1975
2352,Parasite Returns 5,Thriller|Drama,A poor family schemes to become employed by a wealthy household. This is part 4 of an extended cinematic universe with new characters and plot twists.,1996
2353,The Godfather Reimagined 8,Crime|Drama,The aging patriarch of an organized crime dynasty transfers control to his son. This is part 2 of an extended cinematic universe with new characters and plot twists.,1982
2354,The Matrix Returns 6,Action|Sci-Fi,A hacker discovers reality is a simulation. This is part 2 of an extended cinematic universe with new characters and plot twists.,1991
2355,Interstellar Uprising 4,Adventure|Sci-Fi,Explorers travel through a wormhole to save humanity. This is part 3 of an extended cinematic universe with new characters and plot twists.,1978
2356,The Godfather Rebirth 8,Crime|Drama,The aging patriarch of an organized crime dynasty transfers control to his son. This is part 1 of an extended cinematic universe with new characters and plot twists.,2007
2357,Inside Out Saga 5,Animation|Family,Emotions guide a young girl's life during a big move. This is part 2 of an extended cinematic universe with new characters and plot twists.,2008
2358,Inside Out Returns 6,Animation|Family,Emotions guide a young girl's life during a big move. This is part 1 of an extended cinematic universe with new characters and plot twists.,2006
2359,The Godfather Eclipse 9,Crime|Drama,The aging patriarch of an organized crime dynasty transfers control to his son. This is part 3 of an extended cinematic universe with new characters and plot twists.,1978
2360,The Godfather Odyssey 5,Crime|Drama,The aging patriarch of an organized crime dynasty transfers control to his son. This is part 7 of an extended cinematic universe with new characters and plot twists.,1975
2361,The Shawshank Redemption Rebirth 9,Drama,"Two imprisoned men bond over years, finding solace and eventual redemption. This is part 1 of an extended cinematic universe with new characters and plot twists.",2015
2362,Interstellar Saga 3,Adventure|Sci-Fi,Explorers travel through a wormhole to save humanity. This is part 2 of an extended cinematic universe with new characters and plot twists.,1992
2363,The Social Network Saga 6,Drama,The founding of Facebook and its legal battles. This is part 6 of an extended cinematic universe with new characters and plot twists.,1970
2364,La La Land Eclipse 6,Drama|Musical,A jazz pianist and actress fall in love in Los Angeles. This is part 4 of an extended cinematic universe with new characters and plot twists.,1976
2365,Interstellar Legacy 1,Adventure|Sci-Fi,Explorers travel through a wormhole to save humanity. This is part 2 of an extended cinematic universe with new characters and plot twists.,2011
2366,Inception Chronicles 5,Action|Sci-Fi,A thief who steals corporate secrets through dream-sharing technology. This is part 7 of an extended cinematic universe with new characters and plot twists.,1971
2367,Inside Out Saga 9,Animation|Family,Emotions guide a young girl's life during a big move. This is part 3 of an extended cinematic universe with new characters and plot twists.,2009
2368,The Godfather Reimagined 9,Crime|Drama,The aging patriarch of an organized crime dynasty transfers control to his son. This is part 3 of an extended cinematic universe with new characters and plot twists.,2025
2369,The Green Mile Rebirth 9,Drama|Fantasy,A moving prison drama with supernatural elements. This is part 6 of an extended cinematic universe with new characters and plot twists.,1991
2370,Inside Out Rebirth 2,Animation|Family,Emotions guide a young girl's life during a big move. This is part 4 of an extended cinematic universe with new characters and plot twists.,1980
2371,La La Land Returns 4,Drama|Musical,A jazz pianist and actress fall in love in Los Angeles. This is part 7 of an extended cinematic universe with new characters and plot twists.,2005
2372,The Green Mile Odyssey 1,Drama|Fantasy,A moving prison drama with supernatural elements. This is part 4 of an extended cinematic universe with new characters and plot twists.,1971
2373,La La Land Uprising 5,Drama|Musical,A jazz pianist and actress fall in love in Los Angeles. This is part 8 of an extended cinematic universe with new characters and plot twists.,2023
2374,La La Land Uprising 1,Drama|Musical,A jazz pianist and actress fall in love in Los Angeles. This is part 4 of an extended cinematic universe with new characters and plot twists.,1989
2375,Parasite Returns 3,Thriller|Drama,A poor family schemes to become employed by a wealthy household. This is part 3 of an extended cinematic universe with new characters and plot twists.,1980
2376,Parasite Saga 2,Thriller|Drama,A poor family schemes to become employed by a wealthy household. This is part 1 of an extended cinematic universe with new characters and plot twists.,1993
2377,The Godfather Genesis 1,Crime|Drama,The aging patriarch of an organized crime dynasty transfers control to his son. This is part 6 of an extended cinematic universe with new characters and plot twists.,1978
2378,La La Land Saga 9,Drama|Musical,A jazz pianist and actress fall in love in Los Angeles. This is part 7 of an extended cinematic universe with new characters and plot twists.,2020
2379,Parasite Genesis 4,Thriller|Drama,A poor family schemes to become employed by a wealthy household. This is part 8 of an extended cinematic universe with new characters and plot twists.,2010
2380,Inception Returns 6,Action|Sci-Fi,A thief who steals corporate secrets through dream-sharing technology. This is part 1 of an extended cinematic universe with new characters and plot twists.,1983
2381,The Shawshank Redemption Uprising 2,Drama,"Two imprisoned men bond over years, finding solace and eventual redemption. This is part 1 of an extended cinematic universe with new characters and plot twists.",2023
2382,The Social Network Returns 6,Drama,The founding of Facebook and its legal battles. This is part 5 of an extended cinematic universe with new characters and plot twists.,1988
2383,The Social Network Genesis 4,Drama,The founding of Facebook and its legal battles. This is part 2 of an extended cinematic universe with new characters and plot twists.,2002
2384,The Green Mile Chronicles 4,Drama|Fantasy,A moving prison drama with supernatural elements. This is part 9 of an extended cinematic universe with new characters and plot twists.,1984
2385,Interstellar Rebirth 9,Adventure|Sci-Fi,Explorers travel through a wormhole to save humanity. This is part 8 of an extended cinematic universe with new characters and plot twists.,1982
2386,Inside Out Returns 5,Animation|Family,Emotions guide a young girl's life during a big move. This is part 6 of an extended cinematic universe with new characters and plot twists.,1981
2387,Interstellar Rebirth 3,Adventure|Sci-Fi,Explorers travel through a wormhole to save humanity. This is part 5 of an extended cinematic universe with new characters and plot twists.,1988
2388,Interstellar Reimagined 8,Adventure|Sci-Fi,Explorers travel through a wormhole to save humanity. This is part 3 of an extended cinematic universe with new characters and plot twists.,2020
2389,Parasite Genesis 8,Thriller|Drama,A poor family schemes to become employed by a wealthy household. This is part 4 of an extended cinematic universe with new characters and plot twists.,1985
2390,La La Land Eclipse 3,Drama|Musical,A jazz pianist and actress fall in love in Los Angeles. This is part 3 of an extended cinematic universe with new characters and plot twists.,1979
2391,The Green Mile Reimagined 1,Drama|Fantasy,A moving prison drama with supernatural elements. This is part 8 of an extended cinematic universe with new characters and plot twists.,2023
2392,Inception Uprising 1,Action|Sci-Fi,A thief who steals corporate secrets through dream-sharing technology. This is part 1 of an extended cinematic universe with new characters and plot twists.,1987
2393,Inception Genesis 3,Action|Sci-Fi,A thief who steals corporate secrets through dream-sharing technology. This is part 7 of an extended cinematic universe with new characters and plot twists.,2006
2394,The Green Mile Eclipse 9,Drama|Fantasy,A moving prison drama with supernatural elements. This is part 7 of an extended cinematic universe with new characters and plot twists.,2011
2395,La La Land Odyssey 8,Drama|Musical,A jazz pianist and actress fall in love in Los Angeles. This is part 7 of an extended cinematic universe with new characters and plot twists.,1993
2396,La La Land Returns 7,Drama|Musical,A jazz pianist and actress fall in love in Los Angeles. This is part 9 of an extended cinematic universe with new characters and plot twists.,1991
2397,The Godfather Chronicles 8,Crime|Drama,The aging patriarch of an organized crime dynasty transfers control to his son. This is part 3 of an extended cinematic universe with new characters and plot twists.,2016
2398,Inside Out Chronicles 6,Animation|Family,Emotions guide a young girl's life during a big move. This is part 4 of an extended cinematic universe with new characters and plot twists.,1983
2399,The Shawshank Redemption Uprising 2,Drama,"Two imprisoned men bond over years, finding solace and eventual redemption. This is part 4 of an extended cinematic universe with new characters and plot twists.",1972
2400,La La Land Uprising 4,Drama|Musical,A jazz pianist and actress fall in love in Los Angeles. This is part 2 of an extended cinematic universe with new characters and plot twists.,1980
2401,Interstellar Eclipse 1,Adventure|Sci-Fi,Explorers travel through a wormhole to save humanity. This is part 7 of an extended cinematic universe with new characters and plot twists.,2022
2402,The Social Network Saga 6,Drama,The founding of Facebook and its legal battles. This is part 7 of an extended cinematic universe with new characters and plot twists.,2025
2403,The Matrix Saga 9,Action|Sci-Fi,A hacker discovers reality is a simulation. This is part 2 of an extended cinematic universe with new characters and plot twists.,1980
2404,The Green Mile Saga 5,Drama|Fantasy,A moving prison drama with supernatural elements. This is part 3 of an extended cinematic universe with new characters and plot twists.,1975
2405,Parasite Rebirth 8,Thriller|Drama,A poor family schemes to become employed by a wealthy household. This is part 1 of an extended cinematic universe with new characters and plot twists.,2019
2406,The Matrix Uprising 6,Action|Sci-Fi,A hacker discovers reality is a simulation. This is part 3 of an extended cinematic universe with new characters and plot twists.,1984
2407,Inception Genesis 3,Action|Sci-Fi,A thief who steals corporate secrets through dream-sharing technology. This is part 1 of an extended cinematic universe with new characters and plot twists.,1994
2408,Parasite Saga 4,Thriller|Drama,A poor family schemes to become employed by a wealthy household. This is part 7 of an extended cinematic universe with new characters and plot twists.,1992
2409,Interstellar Odyssey 9,Adventure|Sci-Fi,Explorers travel through a wormhole to save humanity. This is part 9 of an extended cinematic universe with new characters and plot twists.,1987
2410,Parasite Legacy 5,Thriller|Drama,A poor family schemes to become employed by a wealthy household. This is part 5 of an extended cinematic universe with new characters and plot twists.,1981
2411,The Matrix Eclipse 1,Action|Sci-Fi,A hacker discovers reality is a simulation. This is part 1 of an extended cinematic universe with new characters and plot twists.,1987
2412,The Matrix Rebirth 8,Action|Sci-Fi,A hacker discovers reality is a simulation. This is part 3 of an extended cinematic universe with new characters and plot twists.,2014
2413,Parasite Returns 4,Thriller|Drama,A poor family schemes to become employed by a wealthy household. This is part 4 of an extended cinematic universe with new characters and plot twists.,2018
2414,The Green Mile Reimagined 6,Drama|Fantasy,A moving prison drama with supernatural elements. This is part 3 of an extended cinematic universe with new characters and plot twists.,2012
2415,Interstellar Legacy 4,Adventure|Sci-Fi,Explorers travel through a wormhole to save humanity. This is part 3 of an extended cinematic universe with new characters and plot twists.,2013
2416,The Shawshank Redemption Rebirth 6,Drama,"Two imprisoned men bond over years, finding solace and eventual redemption. This is part 4 of an extended cinematic universe with new characters and plot twists.",2011
2417,The Green Mile Legacy 4,Drama|Fantasy,A moving prison drama with supernatural elements. This is part 5 of an extended cinematic universe with new characters and plot twists.,2021
2418,Inception Eclipse 5,Action|Sci-Fi,A thief who steals corporate secrets through dream-sharing technology. This is part 9 of an extended cinematic universe with new characters and plot twists.,1988
2419,La La Land Genesis 5,Drama|Musical,A jazz pianist and actress fall in love in Los Angeles. This is part 8 of an extended cinematic universe with new characters and plot twists.,2002
2420,The Matrix Genesis 8,Action|Sci-Fi,A hacker discovers reality is a simulation. This is part 8 of an extended cinematic universe with new characters and plot twists.,1975
2421,Parasite Legacy 5,Thriller|Drama,A poor family schemes to become employed by a wealthy household. This is part 1 of an extended cinematic universe with new characters and plot twists.,2021
2422,The Shawshank Redemption Legacy 6,Drama,"Two imprisoned men bond over years, finding solace and eventual redemption. This is part 2 of an extended cinematic universe with new characters and plot twists.",2021
2423,The Matrix Odyssey 9,Action|Sci-Fi,A hacker discovers reality is a simulation. This is part 6 of an extended cinematic universe with new characters and plot twists.,1992
2424,The Shawshank Redemption Chronicles 8,Drama,"Two imprisoned men bond over years, finding solace and eventual redemption. This is part 6 of an extended cinematic universe with new characters and plot twists.",2011
2425,The Social Network Uprising 7,Drama,The founding of Facebook and its legal battles. This is part 5 of an extended cinematic universe with new characters and plot twists.,1976
2426,Interstellar Eclipse 2,Adventure|Sci-Fi,Explorers travel through a wormhole to save humanity. This is part 5 of an extended cinematic universe with new characters and plot twists.,2011
2427,The Matrix Saga 3,Action|Sci-Fi,A hacker discovers reality is a simulation. This is part 4 of an extended cinematic universe with new characters and plot twists.,2014
2428,Inception Odyssey 2,Action|Sci-Fi,A thief who steals corporate secrets through dream-sharing technology. This is part 8 of an extended cinematic universe with new characters and plot twists.,1974
2429,The Green Mile Uprising 8,Drama|Fantasy,A moving prison drama with supernatural elements. This is part 5 of an extended cinematic universe with new characters and plot twists.,1990
2430,Inception Eclipse 4,Action|Sci-Fi,A thief who steals corporate secrets through dream-sharing technology. This is part 4 of an extended cinematic universe with new characters and plot twists.,1997
2431,The Shawshank Redemption Saga 9,Drama,"Two imprisoned men bond over years, finding solace and eventual redemption. This is part 5 of an extended cinematic universe with new characters and plot twists.",2023
2432,Interstellar Eclipse 3,Adventure|Sci-Fi,Explorers travel through a wormhole to save humanity. This is part 6 of an extended cinematic universe with new characters and plot twists.,1988
2433,Inside Out Genesis 8,Animation|Family,Emotions guide a young girl's life during a big move. This is part 1 of an extended cinematic universe with new characters and plot twists.,1977
2434,Inside Out Eclipse 6,Animation|Family,Emotions guide a young girl's life during a big move. This is part 8 of an extended cinematic universe with new characters and plot twists.,1990
2435,Interstellar Returns 6,Adventure|Sci-Fi,Explorers travel through a wormhole to save humanity. This is part 7 of an extended cinematic universe with new characters and plot twists.,1979
2436,La La Land Reimagined 8,Drama|Musical,A jazz pianist and actress fall in love in Los Angeles. This is part 9 of an extended cinematic universe with new characters and plot twists.,2001
2437,The Godfather Rebirth 3,Crime|Drama,The aging patriarch of an organized crime dynasty transfers control to his son. This is part 3 of an extended cinematic universe with new characters and plot twists.,2012
2438,The Green Mile Legacy 6,Drama|Fantasy,A moving prison drama with supernatural elements. This is part 3 of an extended cinematic universe with new characters and plot twists.,2014
2439,Inception Returns 3,Action|Sci-Fi,A thief who steals corporate secrets through dream-sharing technology. This is part 4 of an extended cinematic universe with new characters and plot twists.,1992
2440,Inside Out Reimagined 8,Animation|Family,Emotions guide a young girl's life during a big move. This is part 4 of an extended cinematic universe with new characters and plot twists.,1998
2441,La La Land Uprising 5,Drama|Musical,A jazz pianist and actress fall in love in Los Angeles. This is part 8 of an extended cinematic universe with new characters and plot twists.,1974
2442,Parasite Uprising 7,Thriller|Drama,A poor family schemes to become employed by a wealthy household. This is part 1 of an extended cinematic universe with new characters and plot twists.,1977
2443,The Green Mile Genesis 2,Drama|Fantasy,A moving prison drama with supernatural elements. This is part 3 of an extended cinematic universe with new characters and plot twists.,2010
2444,The Green Mile Odyssey 9,Drama|Fantasy,A moving prison drama with supernatural elements. This is part 5 of an extended cinematic universe with new characters and plot twists.,1988
2445,The Godfather Uprising 1,Crime|Drama,The aging patriarch of an organized crime dynasty transfers control to his son. This is part 3 of an extended cinematic universe with new characters and plot twists.,2018
2446,Inception Returns 2,Action|Sci-Fi,A thief who steals corporate secrets through dream-sharing technology. This is part 4 of an extended cinematic universe with new characters and plot twists.,1985
2447,Inside Out Chronicles 5,Animation|Family,Emotions guide a young girl's life during a big move. This is part 2 of an extended cinematic universe with new characters and plot twists.,1997
2448,Inside Out Saga 5,Animation|Family,Emotions guide a young girl's life during a big move. This is part 7 of an extended cinematic universe with new characters and plot twists.,2010
2449,Parasite Odyssey 7,Thriller|Drama,A poor family schemes to become employed by a wealthy household. This is part 1 of an extended cinematic universe with new characters and plot twists.,1990
2450,Inside Out Legacy 2,Animation|Family,Emotions guide a young girl's life during a big move. This is part 2 of an extended cinematic universe with new characters and plot twists.,1981
2451,Inception Uprising 7,Action|Sci-Fi,A thief who steals corporate secrets through dream-sharing technology. This is part 2 of an extended cinematic universe with new characters and plot twists.,1985
2452,Parasite Uprising 5,Thriller|Drama,A poor family schemes to become employed by a wealthy household. This is part 9 of an extended cinematic universe with new characters and plot twists.,1978
2453,Inside Out Saga 8,Animation|Family,Emotions guide a young girl's life during a big move. This is part 5 of an extended cinematic universe with new characters and plot twists.,2006
2454,The Matrix Odyssey 5,Action|Sci-Fi,A hacker discovers reality is a simulation. This is part 6 of an extended cinematic universe with new characters and plot twists.,1995
2455,The Matrix Rebirth 4,Action|Sci-Fi,A hacker discovers reality is a simulation. This is part 8 of an extended cinematic universe with new characters and plot twists.,2000
2456,The Social Network Rebirth 4,Drama,The founding of Facebook and its legal battles. This is part 4 of an extended cinematic universe with new characters and plot twists.,2016
2457,Inception Odyssey 9,Action|Sci-Fi,A thief who steals corporate secrets through dream-sharing technology. This is part 4 of an extended cinematic universe with new characters and plot twists.,1970
2458,Inception Eclipse 7,Action|Sci-Fi,A thief who steals corporate secrets through dream-sharing technology. This is part 6 of an extended cinematic universe with new characters and plot twists.,1973
2459,Inception Returns 5,Action|Sci-Fi,A thief who steals corporate secrets through dream-sharing technology. This is part 7 of an extended cinematic universe with new characters and plot twists.,1973
2460,Inside Out Uprising 2,Animation|Family,Emotions guide a young girl's life during a big move. This is part 4 of an extended cinematic universe with new characters and plot twists.,2000
2461,The Matrix Returns 9,Action|Sci-Fi,A hacker discovers reality is a simulation. This is part 2 of an extended cinematic universe with new characters and plot twists.,2003
2462,Inception Reimagined 9,Action|Sci-Fi,A thief who steals corporate secrets through dream-sharing technology. This is part 7 of an extended cinematic universe with new characters and plot twists.,2014
2463,The Shawshank Redemption Uprising 5,Drama,"Two imprisoned men bond over years, finding solace and eventual redemption. This is part 3 of an extended cinematic universe with new characters and plot twists.",1983
2464,Inside Out Legacy 9,Animation|Family,Emotions guide a young girl's life during a big move. This is part 5 of an extended cinematic universe with new characters and plot twists.,2010
2465,La La Land Uprising 4,Drama|Musical,A jazz pianist and actress fall in love in Los Angeles. This is part 2 of an extended cinematic universe with new characters and plot twists.,2000
2466,Inside Out Saga 6,Animation|Family,Emotions guide a young girl's life during a big move. This is part 8 of an extended cinematic universe with new characters and plot twists.,1993
2467,The Green Mile Genesis 6,Drama|Fantasy,A moving prison drama with supernatural elements. This is part 4 of an extended cinematic universe with new characters and plot twists.,1974
2468,The Green Mile Chronicles 8,Drama|Fantasy,A moving prison drama with supernatural elements. This is part 9 of an extended cinematic universe with new characters and plot twists.,1980
2469,The Social Network Saga 1,Drama,The founding of Facebook and its legal battles. This is part 7 of an extended cinematic universe with new characters and plot twists.,2019
2470,Interstellar Rebirth 5,Adventure|Sci-Fi,Explorers travel through a wormhole to save humanity. This is part 4 of an extended cinematic universe with new characters and plot twists.,2014
2471,La La Land Returns 6,Drama|Musical,A jazz pianist and actress fall in love in Los Angeles. This is part 4 of an extended cinematic universe with new characters and plot twists.,2016
2472,The Godfather Odyssey 1,Crime|Drama,The aging patriarch of an organized crime dynasty transfers control to his son. This is part 5 of an extended cinematic universe with new characters and plot twists.,1996
2473,The Shawshank Redemption Returns 4,Drama,"Two imprisoned men bond over years, finding solace and eventual redemption. This is part 1 of an extended cinematic universe with new characters and plot twists.",2008
2474,Inside Out Reimagined 2,Animation|Family,Emotions guide a young girl's life during a big move. This is part 5 of an extended cinematic universe with new characters and plot twists.,2018
2475,Inside Out Genesis 8,Animation|Family,Emotions guide a young girl's life during a big move. This is part 8 of an extended cinematic universe with new characters and plot twists.,2022
2476,The Social Network Legacy 3,Drama,The founding of Facebook and its legal battles. This is part 2 of an extended cinematic universe with new characters and plot twists.,1988
2477,The Social Network Eclipse 5,Drama,The founding of Facebook and its legal battles. This is part 4 of an extended cinematic universe with new characters and plot twists.,2017
2478,The Social Network Returns 7,Drama,The founding of Facebook and its legal battles. This is part 7 of an extended cinematic universe with new characters and plot twists.,2003
2479,The Social Network Eclipse 6,Drama,The founding of Facebook and its legal battles. This is part 8 of an extended cinematic universe with new characters and plot twists.,2011
2480,The Social Network Reimagined 7,Drama,The founding of Facebook and its legal battles. This is part 2 of an extended cinematic universe with new characters and plot twists.,2025
2481,The Green Mile Reimagined 5,Drama|Fantasy,A moving prison drama with supernatural elements. This is part 8 of an extended cinematic universe with new characters and plot twists.,1992
2482,The Godfather Rebirth 5,Crime|Drama,The aging patriarch of an organized crime dynasty transfers control to his son. This is part 6 of an extended cinematic universe with new characters and plot twists.,2015
2483,The Shawshank Redemption Reimagined 4,Drama,"Two imprisoned men bond over years, finding solace and eventual redemption. This is part 4 of an extended cinematic universe with new characters and plot twists.",2025
2484,The Green Mile Saga 8,Drama|Fantasy,A moving prison drama with supernatural elements. This is part 8 of an extended cinematic universe with new characters and plot twists.,1975
2485,Parasite Legacy 1,Thriller|Drama,A poor family schemes to become employed by a wealthy household. This is part 8 of an extended cinematic universe with new characters and plot twists.,1998
2486,The Godfather Reimagined 7,Crime|Drama,The aging patriarch of an organized crime dynasty transfers control to his son. This is part 9 of an extended cinematic universe with new characters and plot twists.,2008
2487,La La Land Returns 4,Drama|Musical,A jazz pianist and actress fall in love in Los Angeles. This is part 7 of an extended cinematic universe with new characters and plot twists.,1982
2488,Inside Out Legacy 5,Animation|Family,Emotions guide a young girl's life during a big move. This is part 2 of an extended cinematic universe with new characters and plot twists.,2001
2489,Inception Uprising 3,Action|Sci-Fi,A thief who steals corporate secrets through dream-sharing technology. This is part 4 of an extended cinematic universe with new characters and plot twists.,1982
2490,Inception Saga 3,Action|Sci-Fi,A thief who steals corporate secrets through dream-sharing technology. This is part 1 of an extended cinematic universe with new characters and plot twists.,1972
2491,La La Land Eclipse 3,Drama|Musical,A jazz pianist and actress fall in love in Los Angeles. This is part 2 of an extended cinematic universe with new characters and plot twists.,1980
2492,Inside Out Saga 2,Animation|Family,Emotions guide a young girl's life during a big move. This is part 3 of an extended cinematic universe with new characters and plot twists.,1999
2493,Inside Out Genesis 7,Animation|Family,Emotions guide a young girl's life during a big move. This is part 3 of an extended cinematic universe with new characters and plot twists.,1970
2494,The Godfather Saga 9,Crime|Drama,The aging patriarch of an organized crime dynasty transfers control to his son. This is part 1 of an extended cinematic universe with new characters and plot twists.,1993
2495,Interstellar Eclipse 3,Adventure|Sci-Fi,Explorers travel through a wormhole to save humanity. This is part 7 of an extended cinematic universe with new characters and plot twists.,1976
2496,Parasite Odyssey 8,Thriller|Drama,A poor family schemes to become employed by a wealthy household. This is part 8 of an extended cinematic universe with new characters and plot twists.,1976
2497,Inception Reimagined 1,Action|Sci-Fi,A thief who steals corporate secrets through dream-sharing technology. This is part 8 of an extended cinematic universe with new characters and plot twists.,2023
2498,La La Land Rebirth 5,Drama|Musical,A jazz pianist and actress fall in love in Los Angeles. This is part 7 of an extended cinematic universe with new characters and plot twists.,1986
2499,Parasite Chronicles 7,Thriller|Drama,A poor family schemes to become employed by a wealthy household. This is part 8 of an extended cinematic universe with new characters and plot twists.,1985
2500,Inception Returns 4,Action|Sci-Fi,A thief who steals corporate secrets through dream-sharing technology. This is part 7 of an extended cinematic universe with new characters and plot twists.,2010
2501,La La Land Legacy 4,Drama|Musical,A jazz pianist and actress fall in love in Los Angeles. This is part 5 of an extended cinematic universe with new characters and plot twists.,2013
2502,The Social Network Uprising 3,Drama,The founding of Facebook and its legal battles. This is part 8 of an extended cinematic universe with new characters and plot twists.,2003
2503,La La Land Odyssey 1,Drama|Musical,A jazz pianist and actress fall in love in Los Angeles. This is part 1 of an extended cinematic universe with new characters and plot twists.,1993
2504,The Green Mile Odyssey 8,Drama|Fantasy,A moving prison drama with supernatural elements. This is part 3 of an extended cinematic universe with new characters and plot twists.,2001
2505,The Green Mile Odyssey 6,Drama|Fantasy,A moving prison drama with supernatural elements. This is part 3 of an extended cinematic universe with new characters and plot twists.,1990
2506,Inception Rebirth 9,Action|Sci-Fi,A thief who steals corporate secrets through dream-sharing technology. This is part 1 of an extended cinematic universe with new characters and plot twists.,2024
2507,Interstellar Odyssey 9,Adventure|Sci-Fi,Explorers travel through a wormhole to save humanity. This is part 8 of an extended cinematic universe with new characters and plot twists.,1997
2508,Inception Chronicles 6,Action|Sci-Fi,A thief who steals corporate secrets through dream-sharing technology. This is part 6 of an extended cinematic universe with new characters and plot twists.,2021
2509,The Social Network Returns 3,Drama,The founding of Facebook and its legal battles. This is part 1 of an extended cinematic universe with new characters and plot twists.,2016
2510,Interstellar Reimagined 9,Adventure|Sci-Fi,Explorers travel through a wormhole to save humanity. This is part 7 of an extended cinematic universe with new characters and plot twists.,1984
2511,The Godfather Eclipse 1,Crime|Drama,The aging patriarch of an organized crime dynasty transfers control to his son. This is part 6 of an extended cinematic universe with new characters and plot twists.,1980
2512,The Green Mile Rebirth 6,Drama|Fantasy,A moving prison drama with supernatural elements. This is part 5 of an extended cinematic universe with new characters and plot twists.,2008
2513,Inside Out Odyssey 7,Animation|Family,Emotions guide a young girl's life during a big move. This is part 1 of an extended cinematic universe with new characters and plot twists.,2015
2514,Inception Uprising 6,Action|Sci-Fi,A thief who steals corporate secrets through dream-sharing technology. This is part 4 of an extended cinematic universe with new characters and plot twists.,1992
2515,Inside Out Eclipse 2,Animation|Family,Emotions guide a young girl's life during a big move. This is part 2 of an extended cinematic universe with new characters and plot twists.,1986
2516,La La Land Legacy 2,Drama|Musical,A jazz pianist and actress fall in love in Los Angeles. This is part 9 of an extended cinematic universe with new characters and plot twists.,2011
2517,The Green Mile Saga 1,Drama|Fantasy,A moving prison drama with supernatural elements. This is part 5 of an extended cinematic universe with new characters and plot twists.,2014
2518,The Green Mile Saga 1,Drama|Fantasy,A moving prison drama with supernatural elements. This is part 7 of an extended cinematic universe with new characters and plot twists.,2006
2519,The Shawshank Redemption Eclipse 3,Drama,"Two imprisoned men bond over years, finding solace and eventual redemption. This is part 6 of an extended cinematic universe with new characters and plot twists.",1976
2520,Inside Out Eclipse 7,Animation|Family,Emotions guide a young girl's life during a big move. This is part 9 of an extended cinematic universe with new characters and plot twists.,1976
2521,Interstellar Genesis 6,Adventure|Sci-Fi,Explorers travel through a wormhole to save humanity. This is part 2 of an extended cinematic universe with new characters and plot twists.,2025
2522,La La Land Legacy 2,Drama|Musical,A jazz pianist and actress fall in love in Los Angeles. This is part 1 of an extended cinematic universe with new characters and plot twists.,1992
2523,La La Land Saga 7,Drama|Musical,A jazz pianist and actress fall in love in Los Angeles. This is part 5 of an extended cinematic universe with new characters and plot twists.,1988
2524,The Green Mile Chronicles 5,Drama|Fantasy,A moving prison drama with supernatural elements. This is part 7 of an extended cinematic universe with new characters and plot twists.,2014
2525,Inside Out Rebirth 3,Animation|Family,Emotions guide a young girl's life during a big move. This is part 9 of an extended cinematic universe with new characters and plot twists.,2014
2526,Inside Out Genesis 4,Animation|Family,Emotions guide a young girl's life during a big move. This is part 2 of an extended cinematic universe with new characters and plot twists.,2014
2527,La La Land Saga 3,Drama|Musical,A jazz pianist and actress fall in love in Los Angeles. This is part 8 of an extended cinematic universe with new characters and plot twists.,2025
2528,The Godfather Odyssey 7,Crime|Drama,The aging patriarch of an organized crime dynasty transfers control to his son. This is part 9 of an extended cinematic universe with new characters and plot twists.,2005
2529,Inside Out Reimagined 9,Animation|Family,Emotions guide a young girl's life during a big move. This is part 4 of an extended cinematic universe with new characters and plot twists.,1975
2530,The Godfather Returns 8,Crime|Drama,The aging patriarch of an organized crime dynasty transfers control to his son. This is part 8 of an extended cinematic universe with new characters and plot twists.,2007
2531,Interstellar Returns 3,Adventure|Sci-Fi,Explorers travel through a wormhole to save humanity. This is part 9 of an extended cinematic universe with new characters and plot twists.,1979
2532,La La Land Uprising 7,Drama|Musical,A jazz pianist and actress fall in love in Los Angeles. This is part 6 of an extended cinematic universe with new characters and plot twists.,2001
2533,The Godfather Chronicles 4,Crime|Drama,The aging patriarch of an organized crime dynasty transfers control to his son. This is part 3 of an extended cinematic universe with new characters and plot twists.,1997
2534,Interstellar Chronicles 7,Adventure|Sci-Fi,Explorers travel through a wormhole to save humanity. This is part 2 of an extended cinematic universe with new characters and plot twists.,2005
2535,Parasite Eclipse 9,Thriller|Drama,A poor family schemes to become employed by a wealthy household. This is part 9 of an extended cinematic universe with new characters and plot twists.,1986
2536,The Matrix Chronicles 7,Action|Sci-Fi,A hacker discovers reality is a simulation. This is part 9 of an extended cinematic universe with new characters and plot twists.,1987
2537,The Godfather Odyssey 4,Crime|Drama,The aging patriarch of an organized crime dynasty transfers control to his son. This is part 1 of an extended cinematic universe with new characters and plot twists.,2007
2538,Inception Uprising 1,Action|Sci-Fi,A thief who steals corporate secrets through dream-sharing technology. This is part 9 of an extended cinematic universe with new characters and plot twists.,1981
2539,The Shawshank Redemption Eclipse 9,Drama,"Two imprisoned men bond over years, finding solace and eventual redemption. This is part 9 of an extended cinematic universe with new characters and plot twists.",2007
2540,Parasite Saga 6,Thriller|Drama,A poor family schemes to become employed by a wealthy household. This is part 2 of an extended cinematic universe with new characters and plot twists.,2017
2541,The Social Network Chronicles 8,Drama,The founding of Facebook and its legal battles. This is part 8 of an extended cinematic universe with new characters and plot twists.,1983
2542,Inside Out Uprising 2,Animation|Family,Emotions guide a young girl's life during a big move. This is part 1 of an extended cinematic universe with new characters and plot twists.,1993
2543,The Godfather Rebirth 8,Crime|Drama,The aging patriarch of an organized crime dynasty transfers control to his son. This is part 6 of an extended cinematic universe with new characters and plot twists.,2009
2544,The Godfather Saga 4,Crime|Drama,The aging patriarch of an organized crime dynasty transfers control to his son. This is part 2 of an extended cinematic universe with new characters and plot twists.,2013
2545,The Godfather Returns 5,Crime|Drama,The aging patriarch of an organized crime dynasty transfers control to his son. This is part 8 of an extended cinematic universe with new characters and plot twists.,1973
2546,The Matrix Legacy 9,Action|Sci-Fi,A hacker discovers reality is a simulation. This is part 1 of an extended cinematic universe with new characters and plot twists.,2015
2547,The Godfather Rebirth 4,Crime|Drama,The aging patriarch of an organized crime dynasty transfers control to his son. This is part 8 of an extended cinematic universe with new characters and plot twists.,2004
2548,Inside Out Rebirth 2,Animation|Family,Emotions guide a young girl's life during a big move. This is part 1 of an extended cinematic universe with new characters and plot twists.,1979
2549,Inception Chronicles 1,Action|Sci-Fi,A thief who steals corporate secrets through dream-sharing technology. This is part 1 of an extended cinematic universe with new characters and plot twists.,1981
2550,The Godfather Chronicles 3,Crime|Drama,The aging patriarch of an organized crime dynasty transfers control to his son. This is part 2 of an extended cinematic universe with new characters and plot twists.,1971
2551,Interstellar Odyssey 2,Adventure|Sci-Fi,Explorers travel through a wormhole to save humanity. This is part 2 of an extended cinematic universe with new characters and plot twists.,2018
2552,Inside Out Chronicles 2,Animation|Family,Emotions guide a young girl's life during a big move. This is part 8 of an extended cinematic universe with new characters and plot twists.,1981
2553,The Shawshank Redemption Eclipse 8,Drama,"Two imprisoned men bond over years, finding solace and eventual redemption. This is part 8 of an extended cinematic universe with new characters and plot twists.",1986
2554,Parasite Genesis 2,Thriller|Drama,A poor family schemes to become employed by a wealthy household. This is part 3 of an extended cinematic universe with new characters and plot twists.,1976
2555,The Social Network Returns 7,Drama,The founding of Facebook and its legal battles. This is part 1 of an extended cinematic universe with new characters and plot twists.,1981
2556,Parasite Saga 1,Thriller|Drama,A poor family schemes to become employed by a wealthy household. This is part 1 of an extended cinematic universe with new characters and plot twists.,1985
2557,The Green Mile Uprising 2,Drama|Fantasy,A moving prison drama with supernatural elements. This is part 3 of an extended cinematic universe with new characters and plot twists.,2007
2558,Interstellar Rebirth 4,Adventure|Sci-Fi,Explorers travel through a wormhole to save humanity. This is part 8 of an extended cinematic universe with new characters and plot twists.,2007
2559,La La Land Legacy 3,Drama|Musical,A jazz pianist and actress fall in love in Los Angeles. This is part 3 of an extended cinematic universe with new characters and plot twists.,1976
2560,La La Land Returns 8,Drama|Musical,A jazz pianist and actress fall in love in Los Angeles. This is part 4 of an extended cinematic universe with new characters and plot twists.,2004
2561,The Godfather Returns 1,Crime|Drama,The aging patriarch of an organized crime dynasty transfers control to his son. This is part 2 of an extended cinematic universe with new characters and plot twists.,1985
2562,The Shawshank Redemption Eclipse 3,Drama,"Two imprisoned men bond over years, finding solace and eventual redemption. This is part 7 of an extended cinematic universe with new characters and plot twists.",2022
2563,The Shawshank Redemption Reimagined 6,Drama,"Two imprisoned men bond over years, finding solace and eventual redemption. This is part 1 of an extended cinematic universe with new characters and plot twists.",2021
2564,The Green Mile Odyssey 7,Drama|Fantasy,A moving prison drama with supernatural elements. This is part 5 of an extended cinematic universe with new characters and plot twists.,1984
2565,The Social Network Genesis 6,Drama,The founding of Facebook and its legal battles. This is part 4 of an extended cinematic universe with new characters and plot twists.,1997
2566,The Godfather Genesis 3,Crime|Drama,The aging patriarch of an organized crime dynasty transfers control to his son. This is part 5 of an extended cinematic universe with new characters and plot twists.,2008
2567,The Godfather Legacy 8,Crime|Drama,The aging patriarch of an organized crime dynasty transfers control to his son. This is part 3 of an extended cinematic universe with new characters and plot twists.,1976
2568,The Godfather Uprising 2,Crime|Drama,The aging patriarch of an organized crime dynasty transfers control to his son. This is part 8 of an extended cinematic universe with new characters and plot twists.,2010
2569,The Shawshank Redemption Returns 4,Drama,"Two imprisoned men bond over years, finding solace and eventual redemption. This is part 4 of an extended cinematic universe with new characters and plot twists.",1974
2570,The Godfather Genesis 8,Crime|Drama,The aging patriarch of an organized crime dynasty transfers control to his son. This is part 4 of an extended cinematic universe with new characters and plot twists.,1977
2571,La La Land Odyssey 1,Drama|Musical,A jazz pianist and actress fall in love in Los Angeles. This is part 3 of an extended cinematic universe with new characters and plot twists.,2013
2572,The Shawshank Redemption Legacy 3,Drama,"Two imprisoned men bond over years, finding solace and eventual redemption. This is part 9 of an extended cinematic universe with new characters and plot twists.",1979
2573,The Shawshank Redemption Uprising 9,Drama,"Two imprisoned men bond over years, finding solace and eventual redemption. This is part 2 of an extended cinematic universe with new characters and plot twists.",2014
2574,Inside Out Odyssey 5,Animation|Family,Emotions guide a young girl's life during a big move. This is part 7 of an extended cinematic universe with new characters and plot twists.,2007
2575,The Green Mile Eclipse 4,Drama|Fantasy,A moving prison drama with supernatural elements. This is part 6 of an extended cinematic universe with new characters and plot twists.,2023
2576,Inside Out Returns 1,Animation|Family,Emotions guide a young girl's life during a big move. This is part 3 of an extended cinematic universe with new characters and plot twists.,1993
2577,La La Land Saga 9,Drama|Musical,A jazz pianist and actress fall in love in Los Angeles. This is part 5 of an extended cinematic universe with new characters and plot twists.,2007
2578,The Shawshank Redemption Reimagined 2,Drama,"Two imprisoned men bond over years, finding solace and eventual redemption. This is part 8 of an extended cinematic universe with new characters and plot twists.",1979
2579,The Matrix Chronicles 8,Action|Sci-Fi,A hacker discovers reality is a simulation. This is part 5 of an extended cinematic universe with new characters and plot twists.,1998
2580,Inside Out Returns 2,Animation|Family,Emotions guide a young girl's life during a big move. This is part 6 of an extended cinematic universe with new characters and plot twists.,1999
2581,The Shawshank Redemption Saga 9,Drama,"Two imprisoned men bond over years, finding solace and eventual redemption. This is part 4 of an extended cinematic universe with new characters and plot twists.",1972
2582,Inception Reimagined 2,Action|Sci-Fi,A thief who steals corporate secrets through dream-sharing technology. This is part 3 of an extended cinematic universe with new characters and plot twists.,2016
2583,The Social Network Chronicles 3,Drama,The founding of Facebook and its legal battles. This is part 5 of an extended cinematic universe with new characters and plot twists.,2020
2584,Inception Legacy 2,Action|Sci-Fi,A thief who steals corporate secrets through dream-sharing technology. This is part 5 of an extended cinematic universe with new characters and plot twists.,2014
2585,The Godfather Rebirth 1,Crime|Drama,The aging patriarch of an organized crime dynasty transfers control to his son. This is part 2 of an extended cinematic universe with new characters and plot twists.,1996
2586,Inception Rebirth 2,Action|Sci-Fi,A thief who steals corporate secrets through dream-sharing technology. This is part 5 of an extended cinematic universe with new characters and plot twists.,1981
2587,La La Land Saga 6,Drama|Musical,A jazz pianist and actress fall in love in Los Angeles. This is part 6 of an extended cinematic universe with new characters and plot twists.,2022
2588,The Green Mile Chronicles 6,Drama|Fantasy,A moving prison drama with supernatural elements. This is part 3 of an extended cinematic universe with new characters and plot twists.,1990
2589,Inception Chronicles 2,Action|Sci-Fi,A thief who steals corporate secrets through dream-sharing technology. This is part 3 of an extended cinematic universe with new characters and plot twists.,1971
2590,Interstellar Eclipse 4,Adventure|Sci-Fi,Explorers travel through a wormhole to save humanity. This is part 3 of an extended cinematic universe with new characters and plot twists.,2000
2591,Interstellar Saga 5,Adventure|Sci-Fi,Explorers travel through a wormhole to save humanity. This is part 1 of an extended cinematic universe with new characters and plot twists.,2015
2592,The Matrix Returns 7,Action|Sci-Fi,A hacker discovers reality is a simulation. This is part 7 of an extended cinematic universe with new characters and plot twists.,1989
2593,The Shawshank Redemption Eclipse 6,Drama,"Two imprisoned men bond over years, finding solace and eventual redemption. This is part 4 of an extended cinematic universe with new characters and plot twists.",1979
2594,The Green Mile Odyssey 6,Drama|Fantasy,A moving prison drama with supernatural elements. This is part 3 of an extended cinematic universe with new characters and plot twists.,2002
2595,Inside Out Chronicles 4,Animation|Family,Emotions guide a young girl's life during a big move. This is part 4 of an extended cinematic universe with new characters and plot twists.,1995
2596,Interstellar Legacy 1,Adventure|Sci-Fi,Explorers travel through a wormhole to save humanity. This is part 2 of an extended cinematic universe with new characters and plot twists.,1976
2597,Interstellar Reimagined 3,Adventure|Sci-Fi,Explorers travel through a wormhole to save humanity. This is part 5 of an extended cinematic universe with new characters and plot twists.,1976
2598,The Green Mile Uprising 7,Drama|Fantasy,A moving prison drama with supernatural elements. This is part 6 of an extended cinematic universe with new characters and plot twists.,1995
2599,The Godfather Legacy 2,Crime|Drama,The aging patriarch of an organized crime dynasty transfers control to his son. This is part 6 of an extended cinematic universe with new characters and plot twists.,1984
2600,Inside Out Legacy 5,Animation|Family,Emotions guide a young girl's life during a big move. This is part 7 of an extended cinematic universe with new characters and plot twists.,2008
2601,Parasite Uprising 8,Thriller|Drama,A poor family schemes to become employed by a wealthy household. This is part 9 of an extended cinematic universe with new characters and plot twists.,2025
2602,Inside Out Reimagined 6,Animation|Family,Emotions guide a young girl's life during a big move. This is part 1 of an extended cinematic universe with new characters and plot twists.,1993
2603,The Godfather Reimagined 9,Crime|Drama,The aging patriarch of an organized crime dynasty transfers control to his son. This is part 2 of an extended cinematic universe with new characters and plot twists.,2001
2604,Inception Rebirth 3,Action|Sci-Fi,A thief who steals corporate secrets through dream-sharing technology. This is part 1 of an extended cinematic universe with new characters and plot twists.,2020
2605,The Shawshank Redemption Uprising 3,Drama,"Two imprisoned men bond over years, finding solace and eventual redemption. This is part 3 of an extended cinematic universe with new characters and plot twists.",1976
2606,The Shawshank Redemption Eclipse 5,Drama,"Two imprisoned men bond over years, finding solace and eventual redemption. This is part 8 of an extended cinematic universe with new characters and plot twists.",1989
2607,The Matrix Genesis 4,Action|Sci-Fi,A hacker discovers reality is a simulation. This is part 7 of an extended cinematic universe with new characters and plot twists.,2015
2608,The Godfather Eclipse 5,Crime|Drama,The aging patriarch of an organized crime dynasty transfers control to his son. This is part 5 of an extended cinematic universe with new characters and plot twists.,2022
2609,Interstellar Returns 7,Adventure|Sci-Fi,Explorers travel through a wormhole to save humanity. This is part 6 of an extended cinematic universe with new characters and plot twists.,2011
2610,The Matrix Chronicles 9,Action|Sci-Fi,A hacker discovers reality is a simulation. This is part 1 of an extended cinematic universe with new characters and plot twists.,1975
2611,La La Land Genesis 4,Drama|Musical,A jazz pianist and actress fall in love in Los Angeles. This is part 4 of an extended cinematic universe with new characters and plot twists.,1984
2612,The Shawshank Redemption Rebirth 9,Drama,"Two imprisoned men bond over years, finding solace and eventual redemption. This is part 8 of an extended cinematic universe with new characters and plot twists.",1990
2613,The Shawshank Redemption Odyssey 2,Drama,"Two imprisoned men bond over years, finding solace and eventual redemption. This is part 7 of an extended cinematic universe with new characters and plot twists.",1987
2614,The Shawshank Redemption Genesis 2,Drama,"Two imprisoned men bond over years, finding solace and eventual redemption. This is part 2 of an extended cinematic universe with new characters and plot twists.",2010
2615,The Green Mile Legacy 3,Drama|Fantasy,A moving prison drama with supernatural elements. This is part 3 of an extended cinematic universe with new characters and plot twists.,1994
2616,La La Land Reimagined 7,Drama|Musical,A jazz pianist and actress fall in love in Los Angeles. This is part 5 of an extended cinematic universe with new characters and plot twists.,1988
2617,Parasite Legacy 5,Thriller|Drama,A poor family schemes to become employed by a wealthy household. This is part 1 of an extended cinematic universe with new characters and plot twists.,1980
2618,Interstellar Rebirth 1,Adventure|Sci-Fi,Explorers travel through a wormhole to save humanity. This is part 8 of an extended cinematic universe with new characters and plot twists.,2010
2619,La La Land Returns 3,Drama|Musical,A jazz pianist and actress fall in love in Los Angeles. This is part 6 of an extended cinematic universe with new characters and plot twists.,1982
2620,Parasite Chronicles 8,Thriller|Drama,A poor family schemes to become employed by a wealthy household. This is part 3 of an extended cinematic universe with new characters and plot twists.,1991
2621,The Matrix Odyssey 5,Action|Sci-Fi,A hacker discovers reality is a simulation. This is part 7 of an extended cinematic universe with new characters and plot twists.,1971
2622,Inside Out Rebirth 5,Animation|Family,Emotions guide a young girl's life during a big move. This is part 5 of an extended cinematic universe with new characters and plot twists.,1986
2623,Parasite Chronicles 3,Thriller|Drama,A poor family schemes to become employed by a wealthy household. This is part 1 of an extended cinematic universe with new characters and plot twists.,1976
2624,The Godfather Genesis 8,Crime|Drama,The aging patriarch of an organized crime dynasty transfers control to his son. This is part 9 of an extended cinematic universe with new characters and plot twists.,1993
2625,Inside Out Saga 6,Animation|Family,Emotions guide a young girl's life during a big move. This is part 6 of an extended cinematic universe with new characters and plot twists.,1974
2626,The Social Network Reimagined 3,Drama,The founding of Facebook and its legal battles. This is part 9 of an extended cinematic universe with new characters and plot twists.,1987
2627,The Shawshank Redemption Eclipse 5,Drama,"Two imprisoned men bond over years, finding solace and eventual redemption. This is part 4 of an extended cinematic universe with new characters and plot twists.",1988
2628,La La Land Odyssey 8,Drama|Musical,A jazz pianist and actress fall in love in Los Angeles. This is part 2 of an extended cinematic universe with new characters and plot twists.,2013
2629,The Matrix Saga 2,Action|Sci-Fi,A hacker discovers reality is a simulation. This is part 4 of an extended cinematic universe with new characters and plot twists.,1986
2630,The Green Mile Odyssey 3,Drama|Fantasy,A moving prison drama with supernatural elements. This is part 9 of an extended cinematic universe with new characters and plot twists.,1970
2631,Interstellar Rebirth 8,Adventure|Sci-Fi,Explorers travel through a wormhole to save humanity. This is part 9 of an extended cinematic universe with new characters and plot twists.,1978
2632,Interstellar Eclipse 4,Adventure|Sci-Fi,Explorers travel through a wormhole to save humanity. This is part 9 of an extended cinematic universe with new characters and plot twists.,1977
2633,Inception Odyssey 4,Action|Sci-Fi,A thief who steals corporate secrets through dream-sharing technology. This is part 1 of an extended cinematic universe with new characters and plot twists.,2023
2634,Inception Rebirth 2,Action|Sci-Fi,A thief who steals corporate secrets through dream-sharing technology. This is part 2 of an extended cinematic universe with new characters and plot twists.,2014
2635,The Shawshank Redemption Returns 3,Drama,"Two imprisoned men bond over years, finding solace and eventual redemption. This is part 7 of an extended cinematic universe with new characters and plot twists.",2004
2636,The Social Network Chronicles 1,Drama,The founding of Facebook and its legal battles. This is part 4 of an extended cinematic universe with new characters and plot twists.,1998
2637,The Social Network Rebirth 4,Drama,The founding of Facebook and its legal battles. This is part 1 of an extended cinematic universe with new characters and plot twists.,2008
2638,The Green Mile Uprising 1,Drama|Fantasy,A moving prison drama with supernatural elements. This is part 7 of an extended cinematic universe with new characters and plot twists.,1982
2639,The Godfather Reimagined 6,Crime|Drama,The aging patriarch of an organized crime dynasty transfers control to his son. This is part 6 of an extended cinematic universe with new characters and plot twists.,1991
2640,The Shawshank Redemption Returns 3,Drama,"Two imprisoned men bond over years, finding solace and eventual redemption. This is part 2 of an extended cinematic universe with new characters and plot twists.",1995
2641,The Green Mile Reimagined 8,Drama|Fantasy,A moving prison drama with supernatural elements. This is part 7 of an extended cinematic universe with new characters and plot twists.,2025
2642,Parasite Saga 7,Thriller|Drama,A poor family schemes to become employed by a wealthy household. This is part 8 of an extended cinematic universe with new characters and plot twists.,1971
2643,Interstellar Reimagined 8,Adventure|Sci-Fi,Explorers travel through a wormhole to save humanity. This is part 3 of an extended cinematic universe with new characters and plot twists.,2016
2644,Parasite Returns 1,Thriller|Drama,A poor family schemes to become employed by a wealthy household. This is part 4 of an extended cinematic universe with new characters and plot twists.,2014
2645,The Shawshank Redemption Genesis 8,Drama,"Two imprisoned men bond over years, finding solace and eventual redemption. This is part 1 of an extended cinematic universe with new characters and plot twists.",2005
2646,The Green Mile Chronicles 2,Drama|Fantasy,A moving prison drama with supernatural elements. This is part 8 of an extended cinematic universe with new characters and plot twists.,1978
2647,The Godfather Eclipse 4,Crime|Drama,The aging patriarch of an organized crime dynasty transfers control to his son. This is part 9 of an extended cinematic universe with new characters and plot twists.,2018
2648,La La Land Eclipse 3,Drama|Musical,A jazz pianist and actress fall in love in Los Angeles. This is part 2 of an extended cinematic universe with new characters and plot twists.,2020
2649,Inside Out Legacy 8,Animation|Family,Emotions guide a young girl's life during a big move. This is part 3 of an extended cinematic universe with new characters and plot twists.,1983
2650,Parasite Returns 4,Thriller|Drama,A poor family schemes to become employed by a wealthy household. This is part 8 of an extended cinematic universe with new characters and plot twists.,2001
2651,The Green Mile Rebirth 3,Drama|Fantasy,A moving prison drama with supernatural elements. This is part 3 of an extended cinematic universe with new characters and plot twists.,1974
2652,The Matrix Genesis 4,Action|Sci-Fi,A hacker discovers reality is a simulation. This is part 5 of an extended cinematic universe with new characters and plot twists.,2009
2653,Interstellar Returns 1,Adventure|Sci-Fi,Explorers travel through a wormhole to save humanity. This is part 1 of an extended cinematic universe with new characters and plot twists.,1990
2654,The Social Network Rebirth 1,Drama,The founding of Facebook and its legal battles. This is part 7 of an extended cinematic universe with new characters and plot twists.,2024
2655,The Godfather Saga 6,Crime|Drama,The aging patriarch of an organized crime dynasty transfers control to his son. This is part 2 of an extended cinematic universe with new characters and plot twists.,2007
2656,Inside Out Genesis 9,Animation|Family,Emotions guide a young girl's life during a big move. This is part 5 of an extended cinematic universe with new characters and plot twists.,1992
2657,The Green Mile Odyssey 9,Drama|Fantasy,A moving prison drama with supernatural elements. This is part 1 of an extended cinematic universe with new characters and plot twists.,2013
2658,The Social Network Eclipse 7,Drama,The founding of Facebook and its legal battles. This is part 3 of an extended cinematic universe with new characters and plot twists.,2012
2659,The Shawshank Redemption Chronicles 1,Drama,"Two imprisoned men bond over years, finding solace and eventual redemption. This is part 9 of an extended cinematic universe with new characters and plot twists.",1990
2660,Inception Saga 8,Action|Sci-Fi,A thief who steals corporate secrets through dream-sharing technology. This is part 4 of an extended cinematic universe with new characters and plot twists.,1999
2661,The Social Network Saga 6,Drama,The founding of Facebook and its legal battles. This is part 8 of an extended cinematic universe with new characters and plot twists.,2000
2662,Inception Rebirth 6,Action|Sci-Fi,A thief who steals corporate secrets through dream-sharing technology. This is part 5 of an extended cinematic universe with new characters and plot twists.,1983
2663,The Social Network Returns 1,Drama,The founding of Facebook and its legal battles. This is part 1 of an extended cinematic universe with new characters and plot twists.,2016
2664,Inception Reimagined 3,Action|Sci-Fi,A thief who steals corporate secrets through dream-sharing technology. This is part 5 of an extended cinematic universe with new characters and plot twists.,2015
2665,The Social Network Reimagined 7,Drama,The founding of Facebook and its legal battles. This is part 7 of an extended cinematic universe with new characters and plot twists.,1976
2666,La La Land Legacy 5,Drama|Musical,A jazz pianist and actress fall in love in Los Angeles. This is part 7 of an extended cinematic universe with new characters and plot twists.,2010
2667,Inside Out Reimagined 4,Animation|Family,Emotions guide a young girl's life during a big move. This is part 5 of an extended cinematic universe with new characters and plot twists.,1996
2668,La La Land Genesis 7,Drama|Musical,A jazz pianist and actress fall in love in Los Angeles. This is part 5 of an extended cinematic universe with new characters and plot twists.,1979
2669,Inception Legacy 3,Action|Sci-Fi,A thief who steals corporate secrets through dream-sharing technology. This is part 1 of an extended cinematic universe with new characters and plot twists.,2021
2670,Parasite Eclipse 7,Thriller|Drama,A poor family schemes to become employed by a wealthy household. This is part 4 of an extended cinematic universe with new characters and plot twists.,2009
2671,Inception Chronicles 3,Action|Sci-Fi,A thief who steals corporate secrets through dream-sharing technology. This is part 2 of an extended cinematic universe with new characters and plot twists.,1982
2672,Parasite Returns 4,Thriller|Drama,A poor family schemes to become employed by a wealthy household. This is part 7 of an extended cinematic universe with new characters and plot twists.,2010
2673,The Social Network Rebirth 1,Drama,The founding of Facebook and its legal battles. This is part 3 of an extended cinematic universe with new characters and plot twists.,2022
2674,Parasite Saga 9,Thriller|Drama,A poor family schemes to become employed by a wealthy household. This is part 8 of an extended cinematic universe with new characters and plot twists.,2008
2675,Parasite Saga 8,Thriller|Drama,A poor family schemes to become employed by a wealthy household. This is part 2 of an extended cinematic universe with new characters and plot twists.,1972
2676,The Green Mile Eclipse 7,Drama|Fantasy,A moving prison drama with supernatural elements. This is part 2 of an extended cinematic universe with new characters and plot twists.,2002
2677,The Shawshank Redemption Chronicles 1,Drama,"Two imprisoned men bond over years, finding solace and eventual redemption. This is part 1 of an extended cinematic universe with new characters and plot twists.",1987
2678,Interstellar Odyssey 6,Adventure|Sci-Fi,Explorers travel through a wormhole to save humanity. This is part 8 of an extended cinematic universe with new characters and plot twists.,1983
2679,The Matrix Eclipse 6,Action|Sci-Fi,A hacker discovers reality is a simulation. This is part 1 of an extended cinematic universe with new characters and plot twists.,2001
2680,Parasite Reimagined 6,Thriller|Drama,A poor family schemes to become employed by a wealthy household. This is part 9 of an extended cinematic universe with new characters and plot twists.,2005
2681,The Shawshank Redemption Reimagined 8,Drama,"Two imprisoned men bond over years, finding solace and eventual redemption. This is part 8 of an extended cinematic universe with new characters and plot twists.",1973
2682,The Shawshank Redemption Returns 8,Drama,"Two imprisoned men bond over years, finding solace and eventual redemption. This is part 7 of an extended cinematic universe with new characters and plot twists.",2014
2683,The Green Mile Chronicles 5,Drama|Fantasy,A moving prison drama with supernatural elements. This is part 2 of an extended cinematic universe with new characters and plot twists.,1976
2684,The Social Network Saga 6,Drama,The founding of Facebook and its legal battles. This is part 9 of an extended cinematic universe with new characters and plot twists.,1997
2685,The Green Mile Genesis 7,Drama|Fantasy,A moving prison drama with supernatural elements. This is part 5 of an extended cinematic universe with new characters and plot twists.,2005
2686,La La Land Rebirth 2,Drama|Musical,A jazz pianist and actress fall in love in Los Angeles. This is part 5 of an extended cinematic universe with new characters and plot twists.,1979
2687,Interstellar Rebirth 9,Adventure|Sci-Fi,Explorers travel through a wormhole to save humanity. This is part 1 of an extended cinematic universe with new characters and plot twists.,1972
2688,Interstellar Saga 7,Adventure|Sci-Fi,Explorers travel through a wormhole to save humanity. This is part 3 of an extended cinematic universe with new characters and plot twists.,1999
2689,The Matrix Reimagined 1,Action|Sci-Fi,A hacker discovers reality is a simulation. This is part 5 of an extended cinematic universe with new characters and plot twists.,1978
2690,The Godfather Reimagined 6,Crime|Drama,The aging patriarch of an organized crime dynasty transfers control to his son. This is part 4 of an extended cinematic universe with new characters and plot twists.,1975
2691,The Shawshank Redemption Genesis 3,Drama,"Two imprisoned men bond over years, finding solace and eventual redemption. This is part 6 of an extended cinematic universe with new characters and plot twists.",1982
2692,Interstellar Saga 6,Adventure|Sci-Fi,Explorers travel through a wormhole to save humanity. This is part 1 of an extended cinematic universe with new characters and plot twists.,1971
2693,La La Land Returns 2,Drama|Musical,A jazz pianist and actress fall in love in Los Angeles. This is part 4 of an extended cinematic universe with new characters and plot twists.,1986
2694,The Social Network Uprising 8,Drama,The founding of Facebook and its legal battles. This is part 6 of an extended cinematic universe with new characters and plot twists.,1993
2695,The Green Mile Saga 7,Drama|Fantasy,A moving prison drama with supernatural elements. This is part 7 of an extended cinematic universe with new characters and plot twists.,2015
2696,Interstellar Genesis 1,Adventure|Sci-Fi,Explorers travel through a wormhole to save humanity. This is part 8 of an extended cinematic universe with new characters and plot twists.,1974
2697,The Green Mile Returns 7,Drama|Fantasy,A moving prison drama with supernatural elements. This is part 2 of an extended cinematic universe with new characters and plot twists.,1993
2698,Inside Out Rebirth 9,Animation|Family,Emotions guide a young girl's life during a big move. This is part 1 of an extended cinematic universe with new characters and plot twists.,1979
2699,The Matrix Genesis 4,Action|Sci-Fi,A hacker discovers reality is a simulation. This is part 2 of an extended cinematic universe with new characters and plot twists.,1975
2700,Inside Out Rebirth 6,Animation|Family,Emotions guide a young girl's life during a big move. This is part 5 of an extended cinematic universe with new characters and plot twists.,2008
2701,Inside Out Chronicles 2,Animation|Family,Emotions guide a young girl's life during a big move. This is part 4 of an extended cinematic universe with new characters and plot twists.,1984
2702,Parasite Legacy 9,Thriller|Drama,A poor family schemes to become employed by a wealthy household. This is part 3 of an extended cinematic universe with new characters and plot twists.,1995
2703,The Social Network Genesis 8,Drama,The founding of Facebook and its legal battles. This is part 1 of an extended cinematic universe with new characters and plot twists.,2000
2704,The Green Mile Uprising 3,Drama|Fantasy,A moving prison drama with supernatural elements. This is part 2 of an extended cinematic universe with new characters and plot twists.,1998
2705,Inception Eclipse 7,Action|Sci-Fi,A thief who steals corporate secrets through dream-sharing technology. This is part 7 of an extended cinematic universe with new characters and plot twists.,2007
2706,Inside Out Chronicles 9,Animation|Family,Emotions guide a young girl's life during a big move. This is part 7 of an extended cinematic universe with new characters and plot twists.,2015
2707,The Godfather Uprising 6,Crime|Drama,The aging patriarch of an organized crime dynasty transfers control to his son. This is part 5 of an extended cinematic universe with new characters and plot twists.,1979
2708,Inception Odyssey 8,Action|Sci-Fi,A thief who steals corporate secrets through dream-sharing technology. This is part 7 of an extended cinematic universe with new characters and plot twists.,1971
2709,Inception Eclipse 4,Action|Sci-Fi,A thief who steals corporate secrets through dream-sharing technology. This is part 8 of an extended cinematic universe with new characters and plot twists.,2015
2710,Inside Out Saga 7,Animation|Family,Emotions guide a young girl's life during a big move. This is part 2 of an extended cinematic universe with new characters and plot twists.,1981
2711,Inside Out Eclipse 5,Animation|Family,Emotions guide a young girl's life during a big move. This is part 8 of an extended cinematic universe with new characters and plot twists.,2003
2712,The Green Mile Chronicles 7,Drama|Fantasy,A moving prison drama with supernatural elements. This is part 1 of an extended cinematic universe with new characters and plot twists.,1990
2713,The Godfather Genesis 7,Crime|Drama,The aging patriarch of an organized crime dynasty transfers control to his son. This is part 1 of an extended cinematic universe with new characters and plot twists.,1985
2714,The Godfather Chronicles 9,Crime|Drama,The aging patriarch of an organized crime dynasty transfers control to his son. This is part 2 of an extended cinematic universe with new characters and plot twists.,1984
2715,Inside Out Returns 5,Animation|Family,Emotions guide a young girl's life during a big move. This is part 3 of an extended cinematic universe with new characters and plot twists.,2021
2716,The Matrix Genesis 4,Action|Sci-Fi,A hacker discovers reality is a simulation. This is part 8 of an extended cinematic universe with new characters and plot twists.,2025
2717,The Green Mile Eclipse 8,Drama|Fantasy,A moving prison drama with supernatural elements. This is part 6 of an extended cinematic universe with new characters and plot twists.,1990
2718,The Godfather Eclipse 8,Crime|Drama,The aging patriarch of an organized crime dynasty transfers control to his son. This is part 1 of an extended cinematic universe with new characters and plot twists.,1979
2719,La La Land Genesis 8,Drama|Musical,A jazz pianist and actress fall in love in Los Angeles. This is part 9 of an extended cinematic universe with new characters and plot twists.,2002
2720,La La Land Returns 6,Drama|Musical,A jazz pianist and actress fall in love in Los Angeles. This is part 2 of an extended cinematic universe with new characters and plot twists.,1970
2721,The Social Network Reimagined 4,Drama,The founding of Facebook and its legal battles. This is part 3 of an extended cinematic universe with new characters and plot twists.,1995
2722,The Godfather Returns 1,Crime|Drama,The aging patriarch of an organized crime dynasty transfers control to his son. This is part 6 of an extended cinematic universe with new characters and plot twists.,1977
2723,The Social Network Legacy 1,Drama,The founding of Facebook and its legal battles. This is part 6 of an extended cinematic universe with new characters and plot twists.,1983
2724,The Shawshank Redemption Legacy 5,Drama,"Two imprisoned men bond over years, finding solace and eventual redemption. This is part 9 of an extended cinematic universe with new characters and plot twists.",1979
2725,Inside Out Legacy 2,Animation|Family,Emotions guide a young girl's life during a big move. This is part 6 of an extended cinematic universe with new characters and plot twists.,1979
2726,The Shawshank Redemption Returns 5,Drama,"Two imprisoned men bond over years, finding solace and eventual redemption. This is part 4 of an extended cinematic universe with new characters and plot twists.",2016
2727,The Social Network Genesis 4,Drama,The founding of Facebook and its legal battles. This is part 8 of an extended cinematic universe with new characters and plot twists.,1993
2728,Interstellar Odyssey 7,Adventure|Sci-Fi,Explorers travel through a wormhole to save humanity. This is part 9 of an extended cinematic universe with new characters and plot twists.,2021
2729,Parasite Uprising 1,Thriller|Drama,A poor family schemes to become employed by a wealthy household. This is part 1 of an extended cinematic universe with new characters and plot twists.,2017
2730,Inception Reimagined 1,Action|Sci-Fi,A thief who steals corporate secrets through dream-sharing technology. This is part 6 of an extended cinematic universe with new characters and plot twists.,2011
2731,The Godfather Legacy 1,Crime|Drama,The aging patriarch of an organized crime dynasty transfers control to his son. This is part 6 of an extended cinematic universe with new characters and plot twists.,2023
2732,Inside Out Rebirth 5,Animation|Family,Emotions guide a young girl's life during a big move. This is part 8 of an extended cinematic universe with new characters and plot twists.,1984
2733,Interstellar Reimagined 6,Adventure|Sci-Fi,Explorers travel through a wormhole to save humanity. This is part 6 of an extended cinematic universe with new characters and plot twists.,2009
2734,The Godfather Genesis 1,Crime|Drama,The aging patriarch of an organized crime dynasty transfers control to his son. This is part 6 of an extended cinematic universe with new characters and plot twists.,2022
2735,The Matrix Chronicles 6,Action|Sci-Fi,A hacker discovers reality is a simulation. This is part 2 of an extended cinematic universe with new characters and plot twists.,1970
2736,The Social Network Genesis 6,Drama,The founding of Facebook and its legal battles. This is part 7 of an extended cinematic universe with new characters and plot twists.,1984
2737,The Shawshank Redemption Rebirth 9,Drama,"Two imprisoned men bond over years, finding solace and eventual redemption. This is part 2 of an extended cinematic universe with new characters and plot twists.",1981
2738,The Matrix Returns 2,Action|Sci-Fi,A hacker discovers reality is a simulation. This is part 4 of an extended cinematic universe with new characters and plot twists.,1991
2739,The Matrix Rebirth 9,Action|Sci-Fi,A hacker discovers reality is a simulation. This is part 7 of an extended cinematic universe with new characters and plot twists.,2024
2740,The Shawshank Redemption Eclipse 9,Drama,"Two imprisoned men bond over years, finding solace and eventual redemption. This is part 7 of an extended cinematic universe with new characters and plot twists.",1971
2741,The Matrix Uprising 9,Action|Sci-Fi,A hacker discovers reality is a simulation. This is part 7 of an extended cinematic universe with new characters and plot twists.,2006
2742,Inside Out Rebirth 9,Animation|Family,Emotions guide a young girl's life during a big move. This is part 3 of an extended cinematic universe with new characters and plot twists.,2013
2743,The Matrix Legacy 8,Action|Sci-Fi,A hacker discovers reality is a simulation. This is part 9 of an extended cinematic universe with new characters and plot twists.,1995
2744,Inception Genesis 7,Action|Sci-Fi,A thief who steals corporate secrets through dream-sharing technology. This is part 1 of an extended cinematic universe with new characters and plot twists.,2007
2745,The Green Mile Genesis 9,Drama|Fantasy,A moving prison drama with supernatural elements. This is part 7 of an extended cinematic universe with new characters and plot twists.,2003
2746,La La Land Legacy 4,Drama|Musical,A jazz pianist and actress fall in love in Los Angeles. This is part 1 of an extended cinematic universe with new characters and plot twists.,1997
2747,Inside Out Genesis 8,Animation|Family,Emotions guide a young girl's life during a big move. This is part 9 of an extended cinematic universe with new characters and plot twists.,2010
2748,La La Land Genesis 6,Drama|Musical,A jazz pianist and actress fall in love in Los Angeles. This is part 4 of an extended cinematic universe with new characters and plot twists.,1982
2749,Parasite Odyssey 8,Thriller|Drama,A poor family schemes to become employed by a wealthy household. This is part 3 of an extended cinematic universe with new characters and plot twists.,1974
2750,The Shawshank Redemption Genesis 7,Drama,"Two imprisoned men bond over years, finding solace and eventual redemption. This is part 9 of an extended cinematic universe with new characters and plot twists.",2013
2751,The Green Mile Reimagined 9,Drama|Fantasy,A moving prison drama with supernatural elements. This is part 2 of an extended cinematic universe with new characters and plot twists.,2025
2752,The Social Network Saga 1,Drama,The founding of Facebook and its legal battles. This is part 4 of an extended cinematic universe with new characters and plot twists.,1984
2753,Interstellar Eclipse 9,Adventure|Sci-Fi,Explorers travel through a wormhole to save humanity. This is part 8 of an extended cinematic universe with new characters and plot twists.,1989
2754,Parasite Returns 6,Thriller|Drama,A poor family schemes to become employed by a wealthy household. This is part 5 of an extended cinematic universe with new characters and plot twists.,1971
2755,The Godfather Reimagined 1,Crime|Drama,The aging patriarch of an organized crime dynasty transfers control to his son. This is part 1 of an extended cinematic universe with new characters and plot twists.,2018
2756,La La Land Rebirth 2,Drama|Musical,A jazz pianist and actress fall in love in Los Angeles. This is part 3 of an extended cinematic universe with new characters and plot twists.,1995
2757,The Shawshank Redemption Chronicles 1,Drama,"Two imprisoned men bond over years, finding solace and eventual redemption. This is part 9 of an extended cinematic universe with new characters and plot twists.",2025
2758,The Green Mile Chronicles 2,Drama|Fantasy,A moving prison drama with supernatural elements. This is part 7 of an extended cinematic universe with new characters and plot twists.,1983
2759,The Godfather Saga 1,Crime|Drama,The aging patriarch of an organized crime dynasty transfers control to his son. This is part 5 of an extended cinematic universe with new characters and plot twists.,2009
2760,The Shawshank Redemption Legacy 9,Drama,"Two imprisoned men bond over years, finding solace and eventual redemption. This is part 9 of an extended cinematic universe with new characters and plot twists.",1979
2761,La La Land Genesis 2,Drama|Musical,A jazz pianist and actress fall in love in Los Angeles. This is part 4 of an extended cinematic universe with new characters and plot twists.,2023
2762,Inside Out Legacy 5,Animation|Family,Emotions guide a young girl's life during a big move. This is part 2 of an extended cinematic universe with new characters and plot twists.,2011
2763,The Shawshank Redemption Genesis 2,Drama,"Two imprisoned men bond over years, finding solace and eventual redemption. This is part 5 of an extended cinematic universe with new characters and plot twists.",1986
2764,The Godfather Uprising 3,Crime|Drama,The aging patriarch of an organized crime dynasty transfers control to his son. This is part 6 of an extended cinematic universe with new characters and plot twists.,2016
2765,The Shawshank Redemption Legacy 3,Drama,"Two imprisoned men bond over years, finding solace and eventual redemption. This is part 9 of an extended cinematic universe with new characters and plot twists.",1983
2766,Interstellar Returns 8,Adventure|Sci-Fi,Explorers travel through a wormhole to save humanity. This is part 3 of an extended cinematic universe with new characters and plot twists.,2008
2767,Inception Returns 8,Action|Sci-Fi,A thief who steals corporate secrets through dream-sharing technology. This is part 9 of an extended cinematic universe with new characters and plot twists.,2013
2768,The Matrix Rebirth 2,Action|Sci-Fi,A hacker discovers reality is a simulation. This is part 8 of an extended cinematic universe with new characters and plot twists.,2020
2769,The Social Network Eclipse 6,Drama,The founding of Facebook and its legal battles. This is part 5 of an extended cinematic universe with new characters and plot twists.,2003
2770,The Social Network Chronicles 6,Drama,The founding of Facebook and its legal battles. This is part 5 of an extended cinematic universe with new characters and plot twists.,1975
2771,La La Land Reimagined 6,Drama|Musical,A jazz pianist and actress fall in love in Los Angeles. This is part 3 of an extended cinematic universe with new characters and plot twists.,1993
2772,Inside Out Legacy 1,Animation|Family,Emotions guide a young girl's life during a big move. This is part 2 of an extended cinematic universe with new characters and plot twists.,2000
2773,Parasite Eclipse 2,Thriller|Drama,A poor family schemes to become employed by a wealthy household. This is part 5 of an extended cinematic universe with new characters and plot twists.,1988
2774,Inside Out Eclipse 3,Animation|Family,Emotions guide a young girl's life during a big move. This is part 7 of an extended cinematic universe with new characters and plot twists.,2010
2775,The Shawshank Redemption Uprising 8,Drama,"Two imprisoned men bond over years, finding solace and eventual redemption. This is part 7 of an extended cinematic universe with new characters and plot twists.",2024
2776,The Godfather Uprising 7,Crime|Drama,The aging patriarch of an organized crime dynasty transfers control to his son. This is part 6 of an extended cinematic universe with new characters and plot twists.,2023
2777,The Social Network Legacy 6,Drama,The founding of Facebook and its legal battles. This is part 7 of an extended cinematic universe with new characters and plot twists.,2012
2778,Inception Legacy 3,Action|Sci-Fi,A thief who steals corporate secrets through dream-sharing technology. This is part 8 of an extended cinematic universe with new characters and plot twists.,1983
2779,The Matrix Genesis 3,Action|Sci-Fi,A hacker discovers reality is a simulation. This is part 4 of an extended cinematic universe with new characters and plot twists.,2021
2780,The Social Network Uprising 1,Drama,The founding of Facebook and its legal battles. This is part 1 of an extended cinematic universe with new characters and plot twists.,2024
2781,The Green Mile Odyssey 6,Drama|Fantasy,A moving prison drama with supernatural elements. This is part 2 of an extended cinematic universe with new characters and plot twists.,1989
2782,The Green Mile Uprising 1,Drama|Fantasy,A moving prison drama with supernatural elements. This is part 7 of an extended cinematic universe with new characters and plot twists.,1975
2783,Interstellar Genesis 3,Adventure|Sci-Fi,Explorers travel through a wormhole to save humanity. This is part 3 of an extended cinematic universe with new characters and plot twists.,1987
2784,Interstellar Odyssey 6,Adventure|Sci-Fi,Explorers travel through a wormhole to save humanity. This is part 7 of an extended cinematic universe with new characters and plot twists.,1984
2785,The Matrix Genesis 2,Action|Sci-Fi,A hacker discovers reality is a simulation. This is part 9 of an extended cinematic universe with new characters and plot twists.,1971
2786,Inception Saga 9,Action|Sci-Fi,A thief who steals corporate secrets through dream-sharing technology. This is part 9 of an extended cinematic universe with new characters and plot twists.,1999
2787,The Godfather Eclipse 5,Crime|Drama,The aging patriarch of an organized crime dynasty transfers control to his son. This is part 4 of an extended cinematic universe with new characters and plot twists.,2001
2788,Interstellar Reimagined 9,Adventure|Sci-Fi,Explorers travel through a wormhole to save humanity. This is part 4 of an extended cinematic universe with new characters and plot twists.,2014
2789,The Godfather Legacy 9,Crime|Drama,The aging patriarch of an organized crime dynasty transfers control to his son. This is part 5 of an extended cinematic universe with new characters and plot twists.,2012
2790,The Social Network Legacy 1,Drama,The founding of Facebook and its legal battles. This is part 1 of an extended cinematic universe with new characters and plot twists.,2020
2791,The Shawshank Redemption Saga 2,Drama,"Two imprisoned men bond over years, finding solace and eventual redemption. This is part 6 of an extended cinematic universe with new characters and plot twists.",2007
2792,Inside Out Legacy 6,Animation|Family,Emotions guide a young girl's life during a big move. This is part 5 of an extended cinematic universe with new characters and plot twists.,2012
2793,The Green Mile Rebirth 6,Drama|Fantasy,A moving prison drama with supernatural elements. This is part 3 of an extended cinematic universe with new characters and plot twists.,1992
2794,Interstellar Rebirth 6,Adventure|Sci-Fi,Explorers travel through a wormhole to save humanity. This is part 2 of an extended cinematic universe with new characters and plot twists.,1972
2795,Inside Out Odyssey 6,Animation|Family,Emotions guide a young girl's life during a big move. This is part 7 of an extended cinematic universe with new characters and plot twists.,2001
2796,Interstellar Uprising 8,Adventure|Sci-Fi,Explorers travel through a wormhole to save humanity. This is part 1 of an extended cinematic universe with new characters and plot twists.,2012
2797,Inside Out Odyssey 9,Animation|Family,Emotions guide a young girl's life during a big move. This is part 6 of an extended cinematic universe with new characters and plot twists.,1998
2798,La La Land Odyssey 1,Drama|Musical,A jazz pianist and actress fall in love in Los Angeles. This is part 1 of an extended cinematic universe with new characters and plot twists.,1995
2799,Inception Odyssey 9,Action|Sci-Fi,A thief who steals corporate secrets through dream-sharing technology. This is part 7 of an extended cinematic universe with new characters and plot twists.,2015
2800,The Godfather Reimagined 4,Crime|Drama,The aging patriarch of an organized crime dynasty transfers control to his son. This is part 9 of an extended cinematic universe with new characters and plot twists.,2020
2801,Inside Out Eclipse 2,Animation|Family,Emotions guide a young girl's life during a big move. This is part 6 of an extended cinematic universe with new characters and plot twists.,2014
2802,La La Land Uprising 7,Drama|Musical,A jazz pianist and actress fall in love in Los Angeles. This is part 2 of an extended cinematic universe with new characters and plot twists.,1973
2803,La La Land Saga 8,Drama|Musical,A jazz pianist and actress fall in love in Los Angeles. This is part 4 of an extended cinematic universe with new characters and plot twists.,1989
2804,The Social Network Uprising 6,Drama,The founding of Facebook and its legal battles. This is part 2 of an extended cinematic universe with new characters and plot twists.,2018
2805,Inception Rebirth 7,Action|Sci-Fi,A thief who steals corporate secrets through dream-sharing technology. This is part 3 of an extended cinematic universe with new characters and plot twists.,2002
2806,Inside Out Odyssey 7,Animation|Family,Emotions guide a young girl's life during a big move. This is part 5 of an extended cinematic universe with new characters and plot twists.,1981
2807,The Shawshank Redemption Chronicles 5,Drama,"Two imprisoned men bond over years, finding solace and eventual redemption. This is part 7 of an extended cinematic universe with new characters and plot twists.",1971
2808,La La Land Eclipse 2,Drama|Musical,A jazz pianist and actress fall in love in Los Angeles. This is part 6 of an extended cinematic universe with new characters and plot twists.,1989
2809,The Social Network Returns 4,Drama,The founding of Facebook and its legal battles. This is part 7 of an extended cinematic universe with new characters and plot twists.,2014
2810,The Shawshank Redemption Genesis 3,Drama,"Two imprisoned men bond over years, finding solace and eventual redemption. This is part 1 of an extended cinematic universe with new characters and plot twists.",2025
2811,The Social Network Rebirth 1,Drama,The founding of Facebook and its legal battles. This is part 4 of an extended cinematic universe with new characters and plot twists.,2014
2812,Inception Saga 7,Action|Sci-Fi,A thief who steals corporate secrets through dream-sharing technology. This is part 8 of an extended cinematic universe with new characters and plot twists.,2015
2813,The Godfather Saga 5,Crime|Drama,The aging patriarch of an organized crime dynasty transfers control to his son. This is part 8 of an extended cinematic universe with new characters and plot twists.,2023
2814,Interstellar Rebirth 8,Adventure|Sci-Fi,Explorers travel through a wormhole to save humanity. This is part 1 of an extended cinematic universe with new characters and plot twists.,1977
2815,Parasite Legacy 3,Thriller|Drama,A poor family schemes to become employed by a wealthy household. This is part 1 of an extended cinematic universe with new characters and plot twists.,1997
2816,The Matrix Chronicles 5,Action|Sci-Fi,A hacker discovers reality is a simulation. This is part 3 of an extended cinematic universe with new characters and plot twists.,1994
2817,The Green Mile Reimagined 1,Drama|Fantasy,A moving prison drama with supernatural elements. This is part 2 of an extended cinematic universe with new characters and plot twists.,1997
2818,Interstellar Returns 1,Adventure|Sci-Fi,Explorers travel through a wormhole to save humanity. This is part 2 of an extended cinematic universe with new characters and plot twists.,1974
2819,Inside Out Reimagined 1,Animation|Family,Emotions guide a young girl's life during a big move. This is part 7 of an extended cinematic universe with new characters and plot twists.,1984
2820,The Social Network Eclipse 3,Drama,The founding of Facebook and its legal battles. This is part 4 of an extended cinematic universe with new characters and plot twists.,1987
2821,Inception Genesis 7,Action|Sci-Fi,A thief who steals corporate secrets through dream-sharing technology. This is part 4 of an extended cinematic universe with new characters and plot twists.,1973
2822,Inside Out Reimagined 7,Animation|Family,Emotions guide a young girl's life during a big move. This is part 8 of an extended cinematic universe with new characters and plot twists.,2022
2823,The Matrix Saga 7,Action|Sci-Fi,A hacker discovers reality is a simulation. This is part 9 of an extended cinematic universe with new characters and plot twists.,1988
2824,La La Land Chronicles 3,Drama|Musical,A jazz pianist and actress fall in love in Los Angeles. This is part 9 of an extended cinematic universe with new characters and plot twists.,1989
2825,The Shawshank Redemption Reimagined 1,Drama,"Two imprisoned men bond over years, finding solace and eventual redemption. This is part 2 of an extended cinematic universe with new characters and plot twists.",1986
2826,The Shawshank Redemption Reimagined 3,Drama,"Two imprisoned men bond over years, finding solace and eventual redemption. This is part 2 of an extended cinematic universe with new characters and plot twists.",2015
2827,Parasite Legacy 9,Thriller|Drama,A poor family schemes to become employed by a wealthy household. This is part 1 of an extended cinematic universe with new characters and plot twists.,2000
2828,Interstellar Odyssey 2,Adventure|Sci-Fi,Explorers travel through a wormhole to save humanity. This is part 2 of an extended cinematic universe with new characters and plot twists.,2014
2829,Interstellar Genesis 8,Adventure|Sci-Fi,Explorers travel through a wormhole to save humanity. This is part 9 of an extended cinematic universe with new characters and plot twists.,1993
2830,Parasite Chronicles 6,Thriller|Drama,A poor family schemes to become employed by a wealthy household. This is part 4 of an extended cinematic universe with new characters and plot twists.,2006
2831,The Matrix Genesis 8,Action|Sci-Fi,A hacker discovers reality is a simulation. This is part 2 of an extended cinematic universe with new characters and plot twists.,2007
2832,Inception Genesis 1,Action|Sci-Fi,A thief who steals corporate secrets through dream-sharing technology. This is part 9 of an extended cinematic universe with new characters and plot twists.,2008
2833,Inside Out Saga 7,Animation|Family,Emotions guide a young girl's life during a big move. This is part 8 of an extended cinematic universe with new characters and plot twists.,1979
2834,The Godfather Rebirth 5,Crime|Drama,The aging patriarch of an organized crime dynasty transfers control to his son. This is part 5 of an extended cinematic universe with new characters and plot twists.,1989
2835,The Matrix Eclipse 4,Action|Sci-Fi,A hacker discovers reality is a simulation. This is part 9 of an extended cinematic universe with new characters and plot twists.,2014
2836,The Shawshank Redemption Rebirth 2,Drama,"Two imprisoned men bond over years, finding solace and eventual redemption. This is part 8 of an extended cinematic universe with new characters and plot twists.",2020
2837,La La Land Returns 5,Drama|Musical,A jazz pianist and actress fall in love in Los Angeles. This is part 2 of an extended cinematic universe with new characters and plot twists.,1977
2838,Parasite Odyssey 2,Thriller|Drama,A poor family schemes to become employed by a wealthy household. This is part 5 of an extended cinematic universe with new characters and plot twists.,2007
2839,Parasite Saga 4,Thriller|Drama,A poor family schemes to become employed by a wealthy household. This is part 3 of an extended cinematic universe with new characters and plot twists.,1975
2840,The Green Mile Uprising 2,Drama|Fantasy,A moving prison drama with supernatural elements. This is part 6 of an extended cinematic universe with new characters and plot twists.,2023
2841,Inception Odyssey 1,Action|Sci-Fi,A thief who steals corporate secrets through dream-sharing technology. This is part 5 of an extended cinematic universe with new characters and plot twists.,1991
2842,The Matrix Eclipse 7,Action|Sci-Fi,A hacker discovers reality is a simulation. This is part 3 of an extended cinematic universe with new characters and plot twists.,2014
2843,La La Land Uprising 1,Drama|Musical,A jazz pianist and actress fall in love in Los Angeles. This is part 8 of an extended cinematic universe with new characters and plot twists.,1984
2844,The Social Network Uprising 2,Drama,The founding of Facebook and its legal battles. This is part 6 of an extended cinematic universe with new characters and plot twists.,2017
2845,Inside Out Returns 9,Animation|Family,Emotions guide a young girl's life during a big move. This is part 8 of an extended cinematic universe with new characters and plot twists.,1994
2846,The Shawshank Redemption Returns 4,Drama,"Two imprisoned men bond over years, finding solace and eventual redemption. This is part 1 of an extended cinematic universe with new characters and plot twists.",2022
2847,Interstellar Legacy 2,Adventure|Sci-Fi,Explorers travel through a wormhole to save humanity. This is part 6 of an extended cinematic universe with new characters and plot twists.,2022
2848,The Green Mile Odyssey 9,Drama|Fantasy,A moving prison drama with supernatural elements. This is part 9 of an extended cinematic universe with new characters and plot twists.,1998
2849,Inside Out Eclipse 8,Animation|Family,Emotions guide a young girl's life during a big move. This is part 8 of an extended cinematic universe with new characters and plot twists.,2000
2850,The Matrix Genesis 8,Action|Sci-Fi,A hacker discovers reality is a simulation. This is part 2 of an extended cinematic universe with new characters and plot twists.,2009
2851,The Godfather Returns 6,Crime|Drama,The aging patriarch of an organized crime dynasty transfers control to his son. This is part 4 of an extended cinematic universe with new characters and plot twists.,1996
2852,The Green Mile Uprising 5,Drama|Fantasy,A moving prison drama with supernatural elements. This is part 1 of an extended cinematic universe with new characters and plot twists.,1997
2853,The Green Mile Chronicles 1,Drama|Fantasy,A moving prison drama with supernatural elements. This is part 2 of an extended cinematic universe with new characters and plot twists.,2011
2854,La La Land Odyssey 9,Drama|Musical,A jazz pianist and actress fall in love in Los Angeles. This is part 3 of an extended cinematic universe with new characters and plot twists.,1993
2855,The Godfather Genesis 1,Crime|Drama,The aging patriarch of an organized crime dynasty transfers control to his son. This is part 3 of an extended cinematic universe with new characters and plot twists.,1972
2856,The Social Network Saga 7,Drama,The founding of Facebook and its legal battles. This is part 5 of an extended cinematic universe with new characters and plot twists.,2014
2857,Inside Out Saga 6,Animation|Family,Emotions guide a young girl's life during a big move. This is part 5 of an extended cinematic universe with new characters and plot twists.,2020
2858,The Shawshank Redemption Chronicles 2,Drama,"Two imprisoned men bond over years, finding solace and eventual redemption. This is part 9 of an extended cinematic universe with new characters and plot twists.",2006
2859,La La Land Odyssey 9,Drama|Musical,A jazz pianist and actress fall in love in Los Angeles. This is part 1 of an extended cinematic universe with new characters and plot twists.,2017
2860,The Social Network Eclipse 4,Drama,The founding of Facebook and its legal battles. This is part 1 of an extended cinematic universe with new characters and plot twists.,2020
2861,The Matrix Eclipse 4,Action|Sci-Fi,A hacker discovers reality is a simulation. This is part 1 of an extended cinematic universe with new characters and plot twists.,1972
2862,Parasite Chronicles 3,Thriller|Drama,A poor family schemes to become employed by a wealthy household. This is part 6 of an extended cinematic universe with new characters and plot twists.,2025
2863,The Shawshank Redemption Reimagined 1,Drama,"Two imprisoned men bond over years, finding solace and eventual redemption. This is part 5 of an extended cinematic universe with new characters and plot twists.",1996
2864,Inside Out Legacy 1,Animation|Family,Emotions guide a young girl's life during a big move. This is part 6 of an extended cinematic universe with new characters and plot twists.,1981
2865,Inside Out Rebirth 3,Animation|Family,Emotions guide a young girl's life during a big move. This is part 3 of an extended cinematic universe with new characters and plot twists.,1987
2866,The Matrix Legacy 9,Action|Sci-Fi,A hacker discovers reality is a simulation. This is part 7 of an extended cinematic universe with new characters and plot twists.,1995
2867,Parasite Eclipse 6,Thriller|Drama,A poor family schemes to become employed by a wealthy household. This is part 2 of an extended cinematic universe with new characters and plot twists.,2001
2868,The Green Mile Chronicles 2,Drama|Fantasy,A moving prison drama with supernatural elements. This is part 4 of an extended cinematic universe with new characters and plot twists.,1972
2869,La La Land Odyssey 4,Drama|Musical,A jazz pianist and actress fall in love in Los Angeles. This is part 1 of an extended cinematic universe with new characters and plot twists.,1981
2870,The Godfather Genesis 4,Crime|Drama,The aging patriarch of an organized crime dynasty transfers control to his son. This is part 7 of an extended cinematic universe with new characters and plot twists.,2016
2871,The Matrix Chronicles 7,Action|Sci-Fi,A hacker discovers reality is a simulation. This is part 6 of an extended cinematic universe with new characters and plot twists.,2011
2872,La La Land Chronicles 5,Drama|Musical,A jazz pianist and actress fall in love in Los Angeles. This is part 3 of an extended cinematic universe with new characters and plot twists.,1985
2873,The Shawshank Redemption Saga 1,Drama,"Two imprisoned men bond over years, finding solace and eventual redemption. This is part 6 of an extended cinematic universe with new characters and plot twists.",1997
2874,The Shawshank Redemption Odyssey 8,Drama,"Two imprisoned men bond over years, finding solace and eventual redemption. This is part 1 of an extended cinematic universe with new characters and plot twists.",1993
2875,Interstellar Uprising 5,Adventure|Sci-Fi,Explorers travel through a wormhole to save humanity. This is part 3 of an extended cinematic universe with new characters and plot twists.,1972
2876,The Matrix Returns 7,Action|Sci-Fi,A hacker discovers reality is a simulation. This is part 2 of an extended cinematic universe with new characters and plot twists.,1979
2877,Inside Out Rebirth 3,Animation|Family,Emotions guide a young girl's life during a big move. This is part 1 of an extended cinematic universe with new characters and plot twists.,2025
2878,Inside Out Legacy 5,Animation|Family,Emotions guide a young girl's life during a big move. This is part 2 of an extended cinematic universe with new characters and plot twists.,1981
2879,Interstellar Uprising 6,Adventure|Sci-Fi,Explorers travel through a wormhole to save humanity. This is part 2 of an extended cinematic universe with new characters and plot twists.,1983
2880,Inside Out Saga 3,Animation|Family,Emotions guide a young girl's life during a big move. This is part 4 of an extended cinematic universe with new characters and plot twists.,1981
2881,The Shawshank Redemption Rebirth 7,Drama,"Two imprisoned men bond over years, finding solace and eventual redemption. This is part 4 of an extended cinematic universe with new characters and plot twists.",2021
2882,Interstellar Uprising 1,Adventure|Sci-Fi,Explorers travel through a wormhole to save humanity. This is part 3 of an extended cinematic universe with new characters and plot twists.,1987
2883,Inside Out Genesis 3,Animation|Family,Emotions guide a young girl's life during a big move. This is part 6 of an extended cinematic universe with new characters and plot twists.,1973
2884,Parasite Reimagined 1,Thriller|Drama,A poor family schemes to become employed by a wealthy household. This is part 6 of an extended cinematic universe with new characters and plot twists.,1996
2885,The Godfather Rebirth 2,Crime|Drama,The aging patriarch of an organized crime dynasty transfers control to his son. This is part 9 of an extended cinematic universe with new characters and plot twists.,1984
2886,The Matrix Rebirth 9,Action|Sci-Fi,A hacker discovers reality is a simulation. This is part 8 of an extended cinematic universe with new characters and plot twists.,2019
2887,The Godfather Saga 9,Crime|Drama,The aging patriarch of an organized crime dynasty transfers control to his son. This is part 6 of an extended cinematic universe with new characters and plot twists.,1997
2888,Inception Chronicles 1,Action|Sci-Fi,A thief who steals corporate secrets through dream-sharing technology. This is part 5 of an extended cinematic universe with new characters and plot twists.,2007
2889,The Godfather Reimagined 8,Crime|Drama,The aging patriarch of an organized crime dynasty transfers control to his son. This is part 5 of an extended cinematic universe with new characters and plot twists.,2022
2890,Inception Reimagined 4,Action|Sci-Fi,A thief who steals corporate secrets through dream-sharing technology. This is part 3 of an extended cinematic universe with new characters and plot twists.,1987
2891,The Matrix Legacy 3,Action|Sci-Fi,A hacker discovers reality is a simulation. This is part 3 of an extended cinematic universe with new characters and plot twists.,1976
2892,The Social Network Uprising 1,Drama,The founding of Facebook and its legal battles. This is part 6 of an extended cinematic universe with new characters and plot twists.,2020
2893,The Matrix Uprising 1,Action|Sci-Fi,A hacker discovers reality is a simulation. This is part 7 of an extended cinematic universe with new characters and plot twists.,2004
2894,Inception Saga 7,Action|Sci-Fi,A thief who steals corporate secrets through dream-sharing technology. This is part 9 of an extended cinematic universe with new characters and plot twists.,1972
2895,The Godfather Chronicles 1,Crime|Drama,The aging patriarch of an organized crime dynasty transfers control to his son. This is part 7 of an extended cinematic universe with new characters and plot twists.,2008
2896,Inception Saga 7,Action|Sci-Fi,A thief who steals corporate secrets through dream-sharing technology. This is part 4 of an extended cinematic universe with new characters and plot twists.,1978
2897,The Shawshank Redemption Genesis 6,Drama,"Two imprisoned men bond over years, finding solace and eventual redemption. This is part 9 of an extended cinematic universe with new characters and plot twists.",1990
2898,Parasite Uprising 8,Thriller|Drama,A poor family schemes to become employed by a wealthy household. This is part 3 of an extended cinematic universe with new characters and plot twists.,1978
2899,The Social Network Legacy 9,Drama,The founding of Facebook and its legal battles. This is part 6 of an extended cinematic universe with new characters and plot twists.,1978
2900,The Godfather Genesis 9,Crime|Drama,The aging patriarch of an organized crime dynasty transfers control to his son. This is part 9 of an extended cinematic universe with new characters and plot twists.,2002
2901,Interstellar Saga 3,Adventure|Sci-Fi,Explorers travel through a wormhole to save humanity. This is part 4 of an extended cinematic universe with new characters and plot twists.,1985
2902,The Godfather Genesis 8,Crime|Drama,The aging patriarch of an organized crime dynasty transfers control to his son. This is part 2 of an extended cinematic universe with new characters and plot twists.,1987
2903,The Green Mile Rebirth 7,Drama|Fantasy,A moving prison drama with supernatural elements. This is part 3 of an extended cinematic universe with new characters and plot twists.,1971
2904,Interstellar Saga 3,Adventure|Sci-Fi,Explorers travel through a wormhole to save humanity. This is part 2 of an extended cinematic universe with new characters and plot twists.,2021
2905,Interstellar Rebirth 9,Adventure|Sci-Fi,Explorers travel through a wormhole to save humanity. This is part 5 of an extended cinematic universe with new characters and plot twists.,2002
2906,La La Land Returns 7,Drama|Musical,A jazz pianist and actress fall in love in Los Angeles. This is part 1 of an extended cinematic universe with new characters and plot twists.,2018
2907,The Godfather Eclipse 7,Crime|Drama,The aging patriarch of an organized crime dynasty transfers control to his son. This is part 7 of an extended cinematic universe with new characters and plot twists.,1982
2908,The Matrix Saga 4,Action|Sci-Fi,A hacker discovers reality is a simulation. This is part 1 of an extended cinematic universe with new characters and plot twists.,1997
2909,The Shawshank Redemption Rebirth 1,Drama,"Two imprisoned men bond over years, finding solace and eventual redemption. This is part 4 of an extended cinematic universe with new characters and plot twists.",1983
2910,The Matrix Returns 8,Action|Sci-Fi,A hacker discovers reality is a simulation. This is part 1 of an extended cinematic universe with new characters and plot twists.,2011
2911,Inside Out Legacy 6,Animation|Family,Emotions guide a young girl's life during a big move. This is part 5 of an extended cinematic universe with new characters and plot twists.,1971
2912,The Matrix Reimagined 9,Action|Sci-Fi,A hacker discovers reality is a simulation. This is part 4 of an extended cinematic universe with new characters and plot twists.,2009
2913,Inside Out Uprising 2,Animation|Family,Emotions guide a young girl's life during a big move. This is part 6 of an extended cinematic universe with new characters and plot twists.,2019
2914,The Godfather Legacy 6,Crime|Drama,The aging patriarch of an organized crime dynasty transfers control to his son. This is part 6 of an extended cinematic universe with new characters and plot twists.,2012
2915,Interstellar Eclipse 5,Adventure|Sci-Fi,Explorers travel through a wormhole to save humanity. This is part 2 of an extended cinematic universe with new characters and plot twists.,2021
2916,Inception Odyssey 4,Action|Sci-Fi,A thief who steals corporate secrets through dream-sharing technology. This is part 1 of an extended cinematic universe with new characters and plot twists.,1996
2917,Interstellar Uprising 3,Adventure|Sci-Fi,Explorers travel through a wormhole to save humanity. This is part 9 of an extended cinematic universe with new characters and plot twists.,1974
2918,The Shawshank Redemption Returns 5,Drama,"Two imprisoned men bond over years, finding solace and eventual redemption. This is part 1 of an extended cinematic universe with new characters and plot twists.",1993
2919,The Social Network Eclipse 3,Drama,The founding of Facebook and its legal battles. This is part 4 of an extended cinematic universe with new characters and plot twists.,1989
2920,The Social Network Chronicles 6,Drama,The founding of Facebook and its legal battles. This is part 1 of an extended cinematic universe with new characters and plot twists.,1974
2921,The Godfather Uprising 9,Crime|Drama,The aging patriarch of an organized crime dynasty transfers control to his son. This is part 8 of an extended cinematic universe with new characters and plot twists.,1997
2922,Parasite Saga 9,Thriller|Drama,A poor family schemes to become employed by a wealthy household. This is part 9 of an extended cinematic universe with new characters and plot twists.,1996
2923,Parasite Chronicles 7,Thriller|Drama,A poor family schemes to become employed by a wealthy household. This is part 6 of an extended cinematic universe with new characters and plot twists.,1991
2924,La La Land Chronicles 9,Drama|Musical,A jazz pianist and actress fall in love in Los Angeles. This is part 1 of an extended cinematic universe with new characters and plot twists.,2017
2925,Inside Out Chronicles 7,Animation|Family,Emotions guide a young girl's life during a big move. This is part 9 of an extended cinematic universe with new characters and plot twists.,2017
2926,The Godfather Odyssey 7,Crime|Drama,The aging patriarch of an organized crime dynasty transfers control to his son. This is part 2 of an extended cinematic universe with new characters and plot twists.,2011
2927,The Matrix Reimagined 4,Action|Sci-Fi,A hacker discovers reality is a simulation. This is part 2 of an extended cinematic universe with new characters and plot twists.,1982
2928,Interstellar Chronicles 3,Adventure|Sci-Fi,Explorers travel through a wormhole to save humanity. This is part 2 of an extended cinematic universe with new characters and plot twists.,2014
2929,The Matrix Reimagined 9,Action|Sci-Fi,A hacker discovers reality is a simulation. This is part 2 of an extended cinematic universe with new characters and plot twists.,2000
2930,The Green Mile Chronicles 7,Drama|Fantasy,A moving prison drama with supernatural elements. This is part 5 of an extended cinematic universe with new characters and plot twists.,2002
2931,Inception Genesis 3,Action|Sci-Fi,A thief who steals corporate secrets through dream-sharing technology. This is part 3 of an extended cinematic universe with new characters and plot twists.,2005
2932,Parasite Eclipse 1,Thriller|Drama,A poor family schemes to become employed by a wealthy household. This is part 5 of an extended cinematic universe with new characters and plot twists.,2021
2933,Parasite Genesis 4,Thriller|Drama,A poor family schemes to become employed by a wealthy household. This is part 9 of an extended cinematic universe with new characters and plot twists.,1999
2934,The Green Mile Returns 6,Drama|Fantasy,A moving prison drama with supernatural elements. This is part 8 of an extended cinematic universe with new characters and plot twists.,1990
2935,The Shawshank Redemption Returns 8,Drama,"Two imprisoned men bond over years, finding solace and eventual redemption. This is part 2 of an extended cinematic universe with new characters and plot twists.",1988
2936,The Social Network Legacy 7,Drama,The founding of Facebook and its legal battles. This is part 9 of an extended cinematic universe with new characters and plot twists.,2021
2937,The Green Mile Legacy 7,Drama|Fantasy,A moving prison drama with supernatural elements. This is part 1 of an extended cinematic universe with new characters and plot twists.,2024
2938,The Green Mile Uprising 3,Drama|Fantasy,A moving prison drama with supernatural elements. This is part 9 of an extended cinematic universe with new characters and plot twists.,2013
2939,The Green Mile Legacy 3,Drama|Fantasy,A moving prison drama with supernatural elements. This is part 5 of an extended cinematic universe with new characters and plot twists.,1980
2940,The Shawshank Redemption Odyssey 9,Drama,"Two imprisoned men bond over years, finding solace and eventual redemption. This is part 4 of an extended cinematic universe with new characters and plot twists.",1994
2941,The Social Network Eclipse 3,Drama,The founding of Facebook and its legal battles. This is part 1 of an extended cinematic universe with new characters and plot twists.,1978
2942,La La Land Legacy 7,Drama|Musical,A jazz pianist and actress fall in love in Los Angeles. This is part 7 of an extended cinematic universe with new characters and plot twists.,1994
2943,The Green Mile Uprising 7,Drama|Fantasy,A moving prison drama with supernatural elements. This is part 6 of an extended cinematic universe with new characters and plot twists.,1992
2944,Inside Out Uprising 7,Animation|Family,Emotions guide a young girl's life during a big move. This is part 3 of an extended cinematic universe with new characters and plot twists.,1989
2945,La La Land Chronicles 1,Drama|Musical,A jazz pianist and actress fall in love in Los Angeles. This is part 5 of an extended cinematic universe with new characters and plot twists.,1997
2946,The Social Network Returns 1,Drama,The founding of Facebook and its legal battles. This is part 4 of an extended cinematic universe with new characters and plot twists.,1994
2947,The Godfather Odyssey 3,Crime|Drama,The aging patriarch of an organized crime dynasty transfers control to his son. This is part 8 of an extended cinematic universe with new characters and plot twists.,1981
2948,The Shawshank Redemption Reimagined 4,Drama,"Two imprisoned men bond over years, finding solace and eventual redemption. This is part 3 of an extended cinematic universe with new characters and plot twists.",2016
2949,Inception Eclipse 1,Action|Sci-Fi,A thief who steals corporate secrets through dream-sharing technology. This is part 4 of an extended cinematic universe with new characters and plot twists.,2008
2950,The Social Network Returns 6,Drama,The founding of Facebook and its legal battles. This is part 8 of an extended cinematic universe with new characters and plot twists.,1979
2951,Inception Chronicles 2,Action|Sci-Fi,A thief who steals corporate secrets through dream-sharing technology. This is part 9 of an extended cinematic universe with new characters and plot twists.,1991
2952,Inside Out Chronicles 1,Animation|Family,Emotions guide a young girl's life during a big move. This is part 8 of an extended cinematic universe with new characters and plot twists.,2008
2953,La La Land Eclipse 6,Drama|Musical,A jazz pianist and actress fall in love in Los Angeles. This is part 4 of an extended cinematic universe with new characters and plot twists.,1985
2954,Parasite Uprising 8,Thriller|Drama,A poor family schemes to become employed by a wealthy household. This is part 9 of an extended cinematic universe with new characters and plot twists.,2000
2955,Inception Legacy 9,Action|Sci-Fi,A thief who steals corporate secrets through dream-sharing technology. This is part 5 of an extended cinematic universe with new characters and plot twists.,2023
2956,Parasite Reimagined 8,Thriller|Drama,A poor family schemes to become employed by a wealthy household. This is part 7 of an extended cinematic universe with new characters and plot twists.,2014
2957,The Green Mile Odyssey 1,Drama|Fantasy,A moving prison drama with supernatural elements. This is part 5 of an extended cinematic universe with new characters and plot twists.,1980
2958,Inception Returns 3,Action|Sci-Fi,A thief who steals corporate secrets through dream-sharing technology. This is part 2 of an extended cinematic universe with new characters and plot twists.,2004
2959,The Godfather Eclipse 8,Crime|Drama,The aging patriarch of an organized crime dynasty transfers control to his son. This is part 6 of an extended cinematic universe with new characters and plot twists.,2019
2960,Parasite Rebirth 4,Thriller|Drama,A poor family schemes to become employed by a wealthy household. This is part 6 of an extended cinematic universe with new characters and plot twists.,2016
2961,Inception Rebirth 3,Action|Sci-Fi,A thief who steals corporate secrets through dream-sharing technology. This is part 4 of an extended cinematic universe with new characters and plot twists.,2008
2962,The Social Network Legacy 7,Drama,The founding of Facebook and its legal battles. This is part 3 of an extended cinematic universe with new characters and plot twists.,2017
2963,Inside Out Chronicles 7,Animation|Family,Emotions guide a young girl's life during a big move. This is part 5 of an extended cinematic universe with new characters and plot twists.,1994
2964,The Shawshank Redemption Odyssey 5,Drama,"Two imprisoned men bond over years, finding solace and eventual redemption. This is part 6 of an extended cinematic universe with new characters and plot twists.",2000
2965,Parasite Saga 7,Thriller|Drama,A poor family schemes to become employed by a wealthy household. This is part 4 of an extended cinematic universe with new characters and plot twists.,2002
2966,The Green Mile Legacy 4,Drama|Fantasy,A moving prison drama with supernatural elements. This is part 5 of an extended cinematic universe with new characters and plot twists.,1997
2967,The Social Network Returns 3,Drama,The founding of Facebook and its legal battles. This is part 6 of an extended cinematic universe with new characters and plot twists.,2014
2968,Inside Out Chronicles 5,Animation|Family,Emotions guide a young girl's life during a big move. This is part 4 of an extended cinematic universe with new characters and plot twists.,1985
2969,Interstellar Legacy 7,Adventure|Sci-Fi,Explorers travel through a wormhole to save humanity. This is part 1 of an extended cinematic universe with new characters and plot twists.,1994
2970,The Godfather Rebirth 3,Crime|Drama,The aging patriarch of an organized crime dynasty transfers control to his son. This is part 4 of an extended cinematic universe with new characters and plot twists.,1994
2971,Inception Odyssey 7,Action|Sci-Fi,A thief who steals corporate secrets through dream-sharing technology. This is part 6 of an extended cinematic universe with new characters and plot twists.,1992
2972,The Matrix Chronicles 5,Action|Sci-Fi,A hacker discovers reality is a simulation. This is part 7 of an extended cinematic universe with new characters and plot twists.,2011
2973,The Green Mile Genesis 4,Drama|Fantasy,A moving prison drama with supernatural elements. This is part 7 of an extended cinematic universe with new characters and plot twists.,2008
2974,The Green Mile Genesis 4,Drama|Fantasy,A moving prison drama with supernatural elements. This is part 6 of an extended cinematic universe with new characters and plot twists.,1979
2975,La La Land Eclipse 4,Drama|Musical,A jazz pianist and actress fall in love in Los Angeles. This is part 6 of an extended cinematic universe with new characters and plot twists.,2025
2976,The Green Mile Returns 3,Drama|Fantasy,A moving prison drama with supernatural elements. This is part 2 of an extended cinematic universe with new characters and plot twists.,2012
2977,Inside Out Reimagined 3,Animation|Family,Emotions guide a young girl's life during a big move. This is part 4 of an extended cinematic universe with new characters and plot twists.,1990
2978,Inception Odyssey 6,Action|Sci-Fi,A thief who steals corporate secrets through dream-sharing technology. This is part 2 of an extended cinematic universe with new characters and plot twists.,2022
2979,The Green Mile Uprising 6,Drama|Fantasy,A moving prison drama with supernatural elements. This is part 5 of an extended cinematic universe with new characters and plot twists.,1993
2980,La La Land Reimagined 4,Drama|Musical,A jazz pianist and actress fall in love in Los Angeles. This is part 7 of an extended cinematic universe with new characters and plot twists.,2014
2981,The Matrix Eclipse 9,Action|Sci-Fi,A hacker discovers reality is a simulation. This is part 1 of an extended cinematic universe with new characters and plot twists.,1992
2982,The Social Network Saga 2,Drama,The founding of Facebook and its legal battles. This is part 9 of an extended cinematic universe with new characters and plot twists.,2007
2983,Inside Out Saga 2,Animation|Family,Emotions guide a young girl's life during a big move. This is part 1 of an extended cinematic universe with new characters and plot twists.,2007
2984,The Shawshank Redemption Genesis 7,Drama,"Two imprisoned men bond over years, finding solace and eventual redemption. This is part 9 of an extended cinematic universe with new characters and plot twists.",2011
2985,The Matrix Genesis 3,Action|Sci-Fi,A hacker discovers reality is a simulation. This is part 2 of an extended cinematic universe with new characters and plot twists.,1971
2986,The Godfather Reimagined 6,Crime|Drama,The aging patriarch of an organized crime dynasty transfers control to his son. This is part 5 of an extended cinematic universe with new characters and plot twists.,1997
2987,La La Land Rebirth 2,Drama|Musical,A jazz pianist and actress fall in love in Los Angeles. This is part 8 of an extended cinematic universe with new characters and plot twists.,2010
2988,The Green Mile Odyssey 4,Drama|Fantasy,A moving prison drama with supernatural elements. This is part 9 of an extended cinematic universe with new characters and plot twists.,1970
2989,The Shawshank Redemption Chronicles 7,Drama,"Two imprisoned men bond over years, finding solace and eventual redemption. This is part 8 of an extended cinematic universe with new characters and plot twists.",1987
2990,The Matrix Returns 1,Action|Sci-Fi,A hacker discovers reality is a simulation. This is part 6 of an extended cinematic universe with new characters and plot twists.,2016
2991,The Green Mile Reimagined 7,Drama|Fantasy,A moving prison drama with supernatural elements. This is part 4 of an extended cinematic universe with new characters and plot twists.,2023
2992,The Green Mile Rebirth 1,Drama|Fantasy,A moving prison drama with supernatural elements. This is part 2 of an extended cinematic universe with new characters and plot twists.,2008
2993,Inception Genesis 8,Action|Sci-Fi,A thief who steals corporate secrets through dream-sharing technology. This is part 8 of an extended cinematic universe with new characters and plot twists.,2003
2994,La La Land Odyssey 5,Drama|Musical,A jazz pianist and actress fall in love in Los Angeles. This is part 3 of an extended cinematic universe with new characters and plot twists.,1986
2995,The Social Network Uprising 5,Drama,The founding of Facebook and its legal battles. This is part 4 of an extended cinematic universe with new characters and plot twists.,1971
2996,Parasite Legacy 9,Thriller|Drama,A poor family schemes to become employed by a wealthy household. This is part 7 of an extended cinematic universe with new characters and plot twists.,2000
2997,La La Land Returns 7,Drama|Musical,A jazz pianist and actress fall in love in Los Angeles. This is part 9 of an extended cinematic universe with new characters and plot twists.,1987
2998,Inception Legacy 7,Action|Sci-Fi,A thief who steals corporate secrets through dream-sharing technology. This is part 3 of an extended cinematic universe with new characters and plot twists.,2007
2999,Inside Out Rebirth 8,Animation|Family,Emotions guide a young girl's life during a big move. This is part 9 of an extended cinematic universe with new characters and plot twists.,1988
3000,Interstellar Uprising 5,Adventure|Sci-Fi,Explorers travel through a wormhole to save humanity. This is part 2 of an extended cinematic universe with new characters and plot twists.,2017
3001,The Matrix Genesis 3,Action|Sci-Fi,A hacker discovers reality is a simulation. This is part 7 of an extended cinematic universe with new characters and plot twists.,1994
3002,The Godfather Genesis 5,Crime|Drama,The aging patriarch of an organized crime dynasty transfers control to his son. This is part 9 of an extended cinematic universe with new characters and plot twists.,1973
3003,The Godfather Returns 4,Crime|Drama,The aging patriarch of an organized crime dynasty transfers control to his son. This is part 2 of an extended cinematic universe with new characters and plot twists.,2007
3004,Inception Rebirth 2,Action|Sci-Fi,A thief who steals corporate secrets through dream-sharing technology. This is part 2 of an extended cinematic universe with new characters and plot twists.,1994
3005,The Green Mile Chronicles 7,Drama|Fantasy,A moving prison drama with supernatural elements. This is part 7 of an extended cinematic universe with new characters and plot twists.,1999
3006,The Matrix Rebirth 2,Action|Sci-Fi,A hacker discovers reality is a simulation. This is part 1 of an extended cinematic universe with new characters and plot twists.,2017
3007,The Godfather Odyssey 9,Crime|Drama,The aging patriarch of an organized crime dynasty transfers control to his son. This is part 4 of an extended cinematic universe with new characters and plot twists.,1995
3008,The Godfather Chronicles 1,Crime|Drama,The aging patriarch of an organized crime dynasty transfers control to his son. This is part 9 of an extended cinematic universe with new characters and plot twists.,2017
3009,The Green Mile Uprising 4,Drama|Fantasy,A moving prison drama with supernatural elements. This is part 9 of an extended cinematic universe with new characters and plot twists.,1994
3010,The Matrix Reimagined 5,Action|Sci-Fi,A hacker discovers reality is a simulation. This is part 3 of an extended cinematic universe with new characters and plot twists.,1977
3011,The Shawshank Redemption Legacy 7,Drama,"Two imprisoned men bond over years, finding solace and eventual redemption. This is part 1 of an extended cinematic universe with new characters and plot twists.",1989
3012,The Matrix Returns 2,Action|Sci-Fi,A hacker discovers reality is a simulation. This is part 9 of an extended cinematic universe with new characters and plot twists.,2010
3013,The Matrix Genesis 2,Action|Sci-Fi,A hacker discovers reality is a simulation. This is part 6 of an extended cinematic universe with new characters and plot twists.,1988
3014,La La Land Reimagined 1,Drama|Musical,A jazz pianist and actress fall in love in Los Angeles. This is part 8 of an extended cinematic universe with new characters and plot twists.,2017
3015,The Godfather Eclipse 5,Crime|Drama,The aging patriarch of an organized crime dynasty transfers control to his son. This is part 5 of an extended cinematic universe with new characters and plot twists.,1981
3016,La La Land Genesis 1,Drama|Musical,A jazz pianist and actress fall in love in Los Angeles. This is part 1 of an extended cinematic universe with new characters and plot twists.,1995
3017,The Shawshank Redemption Rebirth 4,Drama,"Two imprisoned men bond over years, finding solace and eventual redemption. This is part 5 of an extended cinematic universe with new characters and plot twists.",2020
3018,Interstellar Chronicles 4,Adventure|Sci-Fi,Explorers travel through a wormhole to save humanity. This is part 3 of an extended cinematic universe with new characters and plot twists.,1979
3019,The Social Network Genesis 5,Drama,The founding of Facebook and its legal battles. This is part 2 of an extended cinematic universe with new characters and plot twists.,1999
3020,The Social Network Eclipse 3,Drama,The founding of Facebook and its legal battles. This is part 2 of an extended cinematic universe with new characters and plot twists.,1973
3021,The Matrix Odyssey 4,Action|Sci-Fi,A hacker discovers reality is a simulation. This is part 2 of an extended cinematic universe with new characters and plot twists.,1973
3022,The Green Mile Chronicles 2,Drama|Fantasy,A moving prison drama with supernatural elements. This is part 5 of an extended cinematic universe with new characters and plot twists.,1981
3023,Interstellar Reimagined 1,Adventure|Sci-Fi,Explorers travel through a wormhole to save humanity. This is part 2 of an extended cinematic universe with new characters and plot twists.,2017
3024,La La Land Rebirth 6,Drama|Musical,A jazz pianist and actress fall in love in Los Angeles. This is part 6 of an extended cinematic universe with new characters and plot twists.,1981
3025,Inside Out Legacy 7,Animation|Family,Emotions guide a young girl's life during a big move. This is part 5 of an extended cinematic universe with new characters and plot twists.,2025
3026,The Matrix Odyssey 3,Action|Sci-Fi,A hacker discovers reality is a simulation. This is part 2 of an extended cinematic universe with new characters and plot twists.,2005
3027,Inception Genesis 6,Action|Sci-Fi,A thief who steals corporate secrets through dream-sharing technology. This is part 2 of an extended cinematic universe with new characters and plot twists.,1976
3028,The Godfather Reimagined 9,Crime|Drama,The aging patriarch of an organized crime dynasty transfers control to his son. This is part 5 of an extended cinematic universe with new characters and plot twists.,1998
3029,The Social Network Rebirth 1,Drama,The founding of Facebook and its legal battles. This is part 3 of an extended cinematic universe with new characters and plot twists.,1970
3030,La La Land Odyssey 5,Drama|Musical,A jazz pianist and actress fall in love in Los Angeles. This is part 7 of an extended cinematic universe with new characters and plot twists.,2014
3031,The Matrix Eclipse 4,Action|Sci-Fi,A hacker discovers reality is a simulation. This is part 6 of an extended cinematic universe with new characters and plot twists.,1982
3032,La La Land Chronicles 5,Drama|Musical,A jazz pianist and actress fall in love in Los Angeles. This is part 3 of an extended cinematic universe with new characters and plot twists.,1985
3033,The Social Network Uprising 8,Drama,The founding of Facebook and its legal battles. This is part 5 of an extended cinematic universe with new characters and plot twists.,2013
3034,Inception Legacy 2,Action|Sci-Fi,A thief who steals corporate secrets through dream-sharing technology. This is part 1 of an extended cinematic universe with new characters and plot twists.,1974
3035,The Green Mile Rebirth 7,Drama|Fantasy,A moving prison drama with supernatural elements. This is part 7 of an extended cinematic universe with new characters and plot twists.,1972
3036,La La Land Chronicles 4,Drama|Musical,A jazz pianist and actress fall in love in Los Angeles. This is part 3 of an extended cinematic universe with new characters and plot twists.,1975
3037,Interstellar Legacy 6,Adventure|Sci-Fi,Explorers travel through a wormhole to save humanity. This is part 8 of an extended cinematic universe with new characters and plot twists.,1978
3038,The Shawshank Redemption Legacy 7,Drama,"Two imprisoned men bond over years, finding solace and eventual redemption. This is part 5 of an extended cinematic universe with new characters and plot twists.",1998
3039,Parasite Odyssey 9,Thriller|Drama,A poor family schemes to become employed by a wealthy household. This is part 2 of an extended cinematic universe with new characters and plot twists.,1998
3040,The Social Network Genesis 6,Drama,The founding of Facebook and its legal battles. This is part 9 of an extended cinematic universe with new characters and plot twists.,1987
3041,The Matrix Odyssey 9,Action|Sci-Fi,A hacker discovers reality is a simulation. This is part 4 of an extended cinematic universe with new characters and plot twists.,1999
3042,Inception Uprising 1,Action|Sci-Fi,A thief who steals corporate secrets through dream-sharing technology. This is part 8 of an extended cinematic universe with new characters and plot twists.,1974
3043,Parasite Eclipse 1,Thriller|Drama,A poor family schemes to become employed by a wealthy household. This is part 5 of an extended cinematic universe with new characters and plot twists.,2019
3044,The Shawshank Redemption Chronicles 1,Drama,"Two imprisoned men bond over years, finding solace and eventual redemption. This is part 2 of an extended cinematic universe with new characters and plot twists.",2007
3045,The Green Mile Eclipse 2,Drama|Fantasy,A moving prison drama with supernatural elements. This is part 6 of an extended cinematic universe with new characters and plot twists.,1978
3046,Parasite Rebirth 6,Thriller|Drama,A poor family schemes to become employed by a wealthy household. This is part 2 of an extended cinematic universe with new characters and plot twists.,1997
3047,La La Land Legacy 1,Drama|Musical,A jazz pianist and actress fall in love in Los Angeles. This is part 8 of an extended cinematic universe with new characters and plot twists.,2001
3048,The Shawshank Redemption Saga 8,Drama,"Two imprisoned men bond over years, finding solace and eventual redemption. This is part 2 of an extended cinematic universe with new characters and plot twists.",1983
3049,Parasite Chronicles 8,Thriller|Drama,A poor family schemes to become employed by a wealthy household. This is part 1 of an extended cinematic universe with new characters and plot twists.,2018
3050,Interstellar Odyssey 3,Adventure|Sci-Fi,Explorers travel through a wormhole to save humanity. This is part 3 of an extended cinematic universe with new characters and plot twists.,2012
3051,Interstellar Legacy 7,Adventure|Sci-Fi,Explorers travel through a wormhole to save humanity. This is part 5 of an extended cinematic universe with new characters and plot twists.,2005
3052,The Social Network Chronicles 6,Drama,The founding of Facebook and its legal battles. This is part 8 of an extended cinematic universe with new characters and plot twists.,2011
3053,The Matrix Reimagined 7,Action|Sci-Fi,A hacker discovers reality is a simulation. This is part 2 of an extended cinematic universe with new characters and plot twists.,1977
3054,The Social Network Genesis 3,Drama,The founding of Facebook and its legal battles. This is part 5 of an extended cinematic universe with new characters and plot twists.,2002
3055,Inception Rebirth 6,Action|Sci-Fi,A thief who steals corporate secrets through dream-sharing technology. This is part 6 of an extended cinematic universe with new characters and plot twists.,1995
3056,The Social Network Eclipse 1,Drama,The founding of Facebook and its legal battles. This is part 5 of an extended cinematic universe with new characters and plot twists.,2020
3057,Interstellar Saga 5,Adventure|Sci-Fi,Explorers travel through a wormhole to save humanity. This is part 9 of an extended cinematic universe with new characters and plot twists.,2001
3058,Interstellar Returns 5,Adventure|Sci-Fi,Explorers travel through a wormhole to save humanity. This is part 8 of an extended cinematic universe with new characters and plot twists.,2008
3059,Parasite Genesis 4,Thriller|Drama,A poor family schemes to become employed by a wealthy household. This is part 8 of an extended cinematic universe with new characters and plot twists.,2001
3060,Parasite Chronicles 4,Thriller|Drama,A poor family schemes to become employed by a wealthy household. This is part 3 of an extended cinematic universe with new characters and plot twists.,1978
3061,The Green Mile Eclipse 3,Drama|Fantasy,A moving prison drama with supernatural elements. This is part 5 of an extended cinematic universe with new characters and plot twists.,1971
3062,The Shawshank Redemption Reimagined 7,Drama,"Two imprisoned men bond over years, finding solace and eventual redemption. This is part 7 of an extended cinematic universe with new characters and plot twists.",2015
3063,Inside Out Genesis 8,Animation|Family,Emotions guide a young girl's life during a big move. This is part 7 of an extended cinematic universe with new characters and plot twists.,2002
3064,Interstellar Rebirth 5,Adventure|Sci-Fi,Explorers travel through a wormhole to save humanity. This is part 5 of an extended cinematic universe with new characters and plot twists.,2001
3065,The Shawshank Redemption Uprising 2,Drama,"Two imprisoned men bond over years, finding solace and eventual redemption. This is part 7 of an extended cinematic universe with new characters and plot twists.",2018
3066,The Matrix Eclipse 5,Action|Sci-Fi,A hacker discovers reality is a simulation. This is part 2 of an extended cinematic universe with new characters and plot twists.,2020
3067,The Godfather Chronicles 7,Crime|Drama,The aging patriarch of an organized crime dynasty transfers control to his son. This is part 2 of an extended cinematic universe with new characters and plot twists.,2008
3068,La La Land Odyssey 1,Drama|Musical,A jazz pianist and actress fall in love in Los Angeles. This is part 4 of an extended cinematic universe with new characters and plot twists.,1997
3069,Inside Out Chronicles 8,Animation|Family,Emotions guide a young girl's life during a big move. This is part 1 of an extended cinematic universe with new characters and plot twists.,2022
3070,Inception Chronicles 8,Action|Sci-Fi,A thief who steals corporate secrets through dream-sharing technology. This is part 1 of an extended cinematic universe with new characters and plot twists.,1995
3071,The Green Mile Odyssey 4,Drama|Fantasy,A moving prison drama with supernatural elements. This is part 6 of an extended cinematic universe with new characters and plot twists.,1985
3072,The Shawshank Redemption Rebirth 1,Drama,"Two imprisoned men bond over years, finding solace and eventual redemption. This is part 5 of an extended cinematic universe with new characters and plot twists.",1980
3073,Inside Out Rebirth 9,Animation|Family,Emotions guide a young girl's life during a big move. This is part 9 of an extended cinematic universe with new characters and plot twists.,1983
3074,Inception Reimagined 3,Action|Sci-Fi,A thief who steals corporate secrets through dream-sharing technology. This is part 1 of an extended cinematic universe with new characters and plot twists.,1997
3075,The Shawshank Redemption Saga 8,Drama,"Two imprisoned men bond over years, finding solace and eventual redemption. This is part 3 of an extended cinematic universe with new characters and plot twists.",1973
3076,Parasite Reimagined 8,Thriller|Drama,A poor family schemes to become employed by a wealthy household. This is part 6 of an extended cinematic universe with new characters and plot twists.,1993
3077,The Matrix Rebirth 8,Action|Sci-Fi,A hacker discovers reality is a simulation. This is part 1 of an extended cinematic universe with new characters and plot twists.,2024
3078,La La Land Saga 9,Drama|Musical,A jazz pianist and actress fall in love in Los Angeles. This is part 9 of an extended cinematic universe with new characters and plot twists.,2023
3079,La La Land Legacy 4,Drama|Musical,A jazz pianist and actress fall in love in Los Angeles. This is part 7 of an extended cinematic universe with new characters and plot twists.,2007
3080,Inception Saga 8,Action|Sci-Fi,A thief who steals corporate secrets through dream-sharing technology. This is part 7 of an extended cinematic universe with new characters and plot twists.,1973
3081,Inside Out Saga 6,Animation|Family,Emotions guide a young girl's life during a big move. This is part 9 of an extended cinematic universe with new characters and plot twists.,1994
3082,Inside Out Uprising 8,Animation|Family,Emotions guide a young girl's life during a big move. This is part 3 of an extended cinematic universe with new characters and plot twists.,1970
3083,La La Land Rebirth 4,Drama|Musical,A jazz pianist and actress fall in love in Los Angeles. This is part 6 of an extended cinematic universe with new characters and plot twists.,2009
3084,The Matrix Saga 4,Action|Sci-Fi,A hacker discovers reality is a simulation. This is part 1 of an extended cinematic universe with new characters and plot twists.,2013
3085,The Social Network Saga 5,Drama,The founding of Facebook and its legal battles. This is part 9 of an extended cinematic universe with new characters and plot twists.,2007
3086,The Godfather Returns 1,Crime|Drama,The aging patriarch of an organized crime dynasty transfers control to his son. This is part 9 of an extended cinematic universe with new characters and plot twists.,1975
3087,The Green Mile Odyssey 5,Drama|Fantasy,A moving prison drama with supernatural elements. This is part 2 of an extended cinematic universe with new characters and plot twists.,2001
3088,Inside Out Saga 6,Animation|Family,Emotions guide a young girl's life during a big move. This is part 1 of an extended cinematic universe with new characters and plot twists.,2003
3089,The Matrix Odyssey 8,Action|Sci-Fi,A hacker discovers reality is a simulation. This is part 2 of an extended cinematic universe with new characters and plot twists.,1991
3090,The Green Mile Uprising 1,Drama|Fantasy,A moving prison drama with supernatural elements. This is part 3 of an extended cinematic universe with new characters and plot twists.,2016
3091,The Godfather Chronicles 3,Crime|Drama,The aging patriarch of an organized crime dynasty transfers control to his son. This is part 9 of an extended cinematic universe with new characters and plot twists.,2017
3092,Inside Out Returns 5,Animation|Family,Emotions guide a young girl's life during a big move. This is part 9 of an extended cinematic universe with new characters and plot twists.,1975
3093,Parasite Odyssey 5,Thriller|Drama,A poor family schemes to become employed by a wealthy household. This is part 9 of an extended cinematic universe with new characters and plot twists.,2018
3094,The Godfather Legacy 9,Crime|Drama,The aging patriarch of an organized crime dynasty transfers control to his son. This is part 9 of an extended cinematic universe with new characters and plot twists.,1997
3095,The Matrix Returns 6,Action|Sci-Fi,A hacker discovers reality is a simulation. This is part 1 of an extended cinematic universe with new characters and plot twists.,1999
3096,Interstellar Reimagined 3,Adventure|Sci-Fi,Explorers travel through a wormhole to save humanity. This is part 4 of an extended cinematic universe with new characters and plot twists.,2022
3097,The Matrix Odyssey 6,Action|Sci-Fi,A hacker discovers reality is a simulation. This is part 2 of an extended cinematic universe with new characters and plot twists.,1997
3098,Parasite Chronicles 3,Thriller|Drama,A poor family schemes to become employed by a wealthy household. This is part 6 of an extended cinematic universe with new characters and plot twists.,2007
3099,La La Land Uprising 3,Drama|Musical,A jazz pianist and actress fall in love in Los Angeles. This is part 1 of an extended cinematic universe with new characters and plot twists.,1990
3100,The Social Network Rebirth 9,Drama,The founding of Facebook and its legal battles. This is part 9 of an extended cinematic universe with new characters and plot twists.,1979
3101,Inside Out Chronicles 3,Animation|Family,Emotions guide a young girl's life during a big move. This is part 5 of an extended cinematic universe with new characters and plot twists.,1980
3102,Parasite Chronicles 9,Thriller|Drama,A poor family schemes to become employed by a wealthy household. This is part 1 of an extended cinematic universe with new characters and plot twists.,2025
3103,The Matrix Eclipse 7,Action|Sci-Fi,A hacker discovers reality is a simulation. This is part 5 of an extended cinematic universe with new characters and plot twists.,1997
3104,Parasite Odyssey 9,Thriller|Drama,A poor family schemes to become employed by a wealthy household. This is part 7 of an extended cinematic universe with new characters and plot twists.,2021
3105,The Social Network Odyssey 1,Drama,The founding of Facebook and its legal battles. This is part 8 of an extended cinematic universe with new characters and plot twists.,1970
3106,The Shawshank Redemption Saga 2,Drama,"Two imprisoned men bond over years, finding solace and eventual redemption. This is part 4 of an extended cinematic universe with new characters and plot twists.",2001
3107,Inside Out Genesis 7,Animation|Family,Emotions guide a young girl's life during a big move. This is part 2 of an extended cinematic universe with new characters and plot twists.,1972
3108,The Godfather Returns 3,Crime|Drama,The aging patriarch of an organized crime dynasty transfers control to his son. This is part 8 of an extended cinematic universe with new characters and plot twists.,2022
3109,La La Land Saga 2,Drama|Musical,A jazz pianist and actress fall in love in Los Angeles. This is part 9 of an extended cinematic universe with new characters and plot twists.,2018
3110,Parasite Legacy 1,Thriller|Drama,A poor family schemes to become employed by a wealthy household. This is part 9 of an extended cinematic universe with new characters and plot twists.,1991
3111,The Green Mile Reimagined 8,Drama|Fantasy,A moving prison drama with supernatural elements. This is part 6 of an extended cinematic universe with new characters and plot twists.,1982
3112,Interstellar Genesis 4,Adventure|Sci-Fi,Explorers travel through a wormhole to save humanity. This is part 3 of an extended cinematic universe with new characters and plot twists.,2010
3113,Interstellar Rebirth 2,Adventure|Sci-Fi,Explorers travel through a wormhole to save humanity. This is part 7 of an extended cinematic universe with new characters and plot twists.,2005
3114,Inside Out Returns 5,Animation|Family,Emotions guide a young girl's life during a big move. This is part 1 of an extended cinematic universe with new characters and plot twists.,1998
3115,La La Land Returns 3,Drama|Musical,A jazz pianist and actress fall in love in Los Angeles. This is part 4 of an extended cinematic universe with new characters and plot twists.,1984
3116,Interstellar Odyssey 8,Adventure|Sci-Fi,Explorers travel through a wormhole to save humanity. This is part 3 of an extended cinematic universe with new characters and plot twists.,2013
3117,The Godfather Genesis 5,Crime|Drama,The aging patriarch of an organized crime dynasty transfers control to his son. This is part 4 of an extended cinematic universe with new characters and plot twists.,1983
3118,Inside Out Rebirth 4,Animation|Family,Emotions guide a young girl's life during a big move. This is part 9 of an extended cinematic universe with new characters and plot twists.,1994
3119,The Matrix Saga 4,Action|Sci-Fi,A hacker discovers reality is a simulation. This is part 6 of an extended cinematic universe with new characters and plot twists.,2024
3120,The Godfather Chronicles 1,Crime|Drama,The aging patriarch of an organized crime dynasty transfers control to his son. This is part 8 of an extended cinematic universe with new characters and plot twists.,2023
3121,The Social Network Chronicles 3,Drama,The founding of Facebook and its legal battles. This is part 3 of an extended cinematic universe with new characters and plot twists.,2018
3122,Interstellar Odyssey 4,Adventure|Sci-Fi,Explorers travel through a wormhole to save humanity. This is part 2 of an extended cinematic universe with new characters and plot twists.,1975
3123,Inside Out Reimagined 2,Animation|Family,Emotions guide a young girl's life during a big move. This is part 4 of an extended cinematic universe with new characters and plot twists.,1986
3124,The Godfather Eclipse 2,Crime|Drama,The aging patriarch of an organized crime dynasty transfers control to his son. This is part 2 of an extended cinematic universe with new characters and plot twists.,2017
3125,The Shawshank Redemption Returns 8,Drama,"Two imprisoned men bond over years, finding solace and eventual redemption. This is part 1 of an extended cinematic universe with new characters and plot twists.",2021
3126,Inception Uprising 7,Action|Sci-Fi,A thief who steals corporate secrets through dream-sharing technology. This is part 6 of an extended cinematic universe with new characters and plot twists.,2019
3127,The Shawshank Redemption Uprising 4,Drama,"Two imprisoned men bond over years, finding solace and eventual redemption. This is part 2 of an extended cinematic universe with new characters and plot twists.",1979
3128,The Social Network Rebirth 3,Drama,The founding of Facebook and its legal battles. This is part 1 of an extended cinematic universe with new characters and plot twists.,2024
3129,La La Land Returns 2,Drama|Musical,A jazz pianist and actress fall in love in Los Angeles. This is part 2 of an extended cinematic universe with new characters and plot twists.,2023
3130,Inside Out Reimagined 2,Animation|Family,Emotions guide a young girl's life during a big move. This is part 8 of an extended cinematic universe with new characters and plot twists.,1991
3131,Inside Out Uprising 3,Animation|Family,Emotions guide a young girl's life during a big move. This is part 4 of an extended cinematic universe with new characters and plot twists.,2012
3132,Inside Out Uprising 5,Animation|Family,Emotions guide a young girl's life during a big move. This is part 4 of an extended cinematic universe with new characters and plot twists.,2004
3133,The Matrix Reimagined 6,Action|Sci-Fi,A hacker discovers reality is a simulation. This is part 4 of an extended cinematic universe with new characters and plot twists.,1975
3134,The Green Mile Genesis 6,Drama|Fantasy,A moving prison drama with supernatural elements. This is part 1 of an extended cinematic universe with new characters and plot twists.,2014
3135,La La Land Reimagined 6,Drama|Musical,A jazz pianist and actress fall in love in Los Angeles. This is part 7 of an extended cinematic universe with new characters and plot twists.,2007
3136,The Godfather Rebirth 1,Crime|Drama,The aging patriarch of an organized crime dynasty transfers control to his son. This is part 1 of an extended cinematic universe with new characters and plot twists.,2018
3137,The Matrix Odyssey 3,Action|Sci-Fi,A hacker discovers reality is a simulation. This is part 6 of an extended cinematic universe with new characters and plot twists.,1995
3138,The Green Mile Reimagined 3,Drama|Fantasy,A moving prison drama with supernatural elements. This is part 3 of an extended cinematic universe with new characters and plot twists.,1986
3139,Inception Returns 5,Action|Sci-Fi,A thief who steals corporate secrets through dream-sharing technology. This is part 4 of an extended cinematic universe with new characters and plot twists.,1981
3140,Inside Out Chronicles 7,Animation|Family,Emotions guide a young girl's life during a big move. This is part 7 of an extended cinematic universe with new characters and plot twists.,1970
3141,La La Land Rebirth 7,Drama|Musical,A jazz pianist and actress fall in love in Los Angeles. This is part 8 of an extended cinematic universe with new characters and plot twists.,2008
3142,The Green Mile Chronicles 5,Drama|Fantasy,A moving prison drama with supernatural elements. This is part 8 of an extended cinematic universe with new characters and plot twists.,1995
3143,La La Land Chronicles 3,Drama|Musical,A jazz pianist and actress fall in love in Los Angeles. This is part 5 of an extended cinematic universe with new characters and plot twists.,1982
3144,The Green Mile Eclipse 5,Drama|Fantasy,A moving prison drama with supernatural elements. This is part 7 of an extended cinematic universe with new characters and plot twists.,1986
3145,The Matrix Reimagined 1,Action|Sci-Fi,A hacker discovers reality is a simulation. This is part 4 of an extended cinematic universe with new characters and plot twists.,1982
3146,The Godfather Legacy 6,Crime|Drama,The aging patriarch of an organized crime dynasty transfers control to his son. This is part 3 of an extended cinematic universe with new characters and plot twists.,1991
3147,Interstellar Uprising 2,Adventure|Sci-Fi,Explorers travel through a wormhole to save humanity. This is part 2 of an extended cinematic universe with new characters and plot twists.,2016
3148,Inception Uprising 1,Action|Sci-Fi,A thief who steals corporate secrets through dream-sharing technology. This is part 8 of an extended cinematic universe with new characters and plot twists.,1981
3149,La La Land Odyssey 1,Drama|Musical,A jazz pianist and actress fall in love in Los Angeles. This is part 9 of an extended cinematic universe with new characters and plot twists.,2023
3150,Inside Out Returns 4,Animation|Family,Emotions guide a young girl's life during a big move. This is part 4 of an extended cinematic universe with new characters and plot twists.,1977
3151,The Green Mile Legacy 2,Drama|Fantasy,A moving prison drama with supernatural elements. This is part 8 of an extended cinematic universe with new characters and plot twists.,1991
3152,Inside Out Legacy 7,Animation|Family,Emotions guide a young girl's life during a big move. This is part 7 of an extended cinematic universe with new characters and plot twists.,2012
3153,Inception Chronicles 1,Action|Sci-Fi,A thief who steals corporate secrets through dream-sharing technology. This is part 9 of an extended cinematic universe with new characters and plot twists.,1998
3154,The Shawshank Redemption Reimagined 3,Drama,"Two imprisoned men bond over years, finding solace and eventual redemption. This is part 2 of an extended cinematic universe with new characters and plot twists.",2023
3155,The Godfather Chronicles 1,Crime|Drama,The aging patriarch of an organized crime dynasty transfers control to his son. This is part 1 of an extended cinematic universe with new characters and plot twists.,1987
3156,The Godfather Odyssey 6,Crime|Drama,The aging patriarch of an organized crime dynasty transfers control to his son. This is part 7 of an extended cinematic universe with new characters and plot twists.,1997
3157,The Godfather Eclipse 8,Crime|Drama,The aging patriarch of an organized crime dynasty transfers control to his son. This is part 3 of an extended cinematic universe with new characters and plot twists.,2017
3158,The Shawshank Redemption Genesis 8,Drama,"Two imprisoned men bond over years, finding solace and eventual redemption. This is part 4 of an extended cinematic universe with new characters and plot twists.",1998
3159,Parasite Uprising 7,Thriller|Drama,A poor family schemes to become employed by a wealthy household. This is part 5 of an extended cinematic universe with new characters and plot twists.,2008
3160,Parasite Saga 6,Thriller|Drama,A poor family schemes to become employed by a wealthy household. This is part 8 of an extended cinematic universe with new characters and plot twists.,1996
3161,The Godfather Reimagined 3,Crime|Drama,The aging patriarch of an organized crime dynasty transfers control to his son. This is part 9 of an extended cinematic universe with new characters and plot twists.,2025
3162,The Green Mile Returns 8,Drama|Fantasy,A moving prison drama with supernatural elements. This is part 4 of an extended cinematic universe with new characters and plot twists.,2003
3163,The Matrix Rebirth 6,Action|Sci-Fi,A hacker discovers reality is a simulation. This is part 8 of an extended cinematic universe with new characters and plot twists.,1984
3164,The Godfather Rebirth 9,Crime|Drama,The aging patriarch of an organized crime dynasty transfers control to his son. This is part 8 of an extended cinematic universe with new characters and plot twists.,1989
3165,The Shawshank Redemption Odyssey 7,Drama,"Two imprisoned men bond over years, finding solace and eventual redemption. This is part 7 of an extended cinematic universe with new characters and plot twists.",1991
3166,La La Land Odyssey 6,Drama|Musical,A jazz pianist and actress fall in love in Los Angeles. This is part 4 of an extended cinematic universe with new characters and plot twists.,1984
3167,Interstellar Returns 6,Adventure|Sci-Fi,Explorers travel through a wormhole to save humanity. This is part 1 of an extended cinematic universe with new characters and plot twists.,1982
3168,The Shawshank Redemption Odyssey 4,Drama,"Two imprisoned men bond over years, finding solace and eventual redemption. This is part 4 of an extended cinematic universe with new characters and plot twists.",1996
3169,La La Land Rebirth 4,Drama|Musical,A jazz pianist and actress fall in love in Los Angeles. This is part 4 of an extended cinematic universe with new characters and plot twists.,1986
3170,The Green Mile Genesis 5,Drama|Fantasy,A moving prison drama with supernatural elements. This is part 6 of an extended cinematic universe with new characters and plot twists.,2005
3171,Inception Saga 7,Action|Sci-Fi,A thief who steals corporate secrets through dream-sharing technology. This is part 9 of an extended cinematic universe with new characters and plot twists.,2000
3172,The Matrix Saga 1,Action|Sci-Fi,A hacker discovers reality is a simulation. This is part 8 of an extended cinematic universe with new characters and plot twists.,1989
3173,The Shawshank Redemption Legacy 8,Drama,"Two imprisoned men bond over years, finding solace and eventual redemption. This is part 7 of an extended cinematic universe with new characters and plot twists.",2015
3174,The Shawshank Redemption Eclipse 8,Drama,"Two imprisoned men bond over years, finding solace and eventual redemption. This is part 1 of an extended cinematic universe with new characters and plot twists.",1978
3175,Inside Out Legacy 4,Animation|Family,Emotions guide a young girl's life during a big move. This is part 2 of an extended cinematic universe with new characters and plot twists.,1972
3176,The Matrix Chronicles 4,Action|Sci-Fi,A hacker discovers reality is a simulation. This is part 4 of an extended cinematic universe with new characters and plot twists.,1999
3177,La La Land Uprising 1,Drama|Musical,A jazz pianist and actress fall in love in Los Angeles. This is part 4 of an extended cinematic universe with new characters and plot twists.,2016
3178,La La Land Returns 2,Drama|Musical,A jazz pianist and actress fall in love in Los Angeles. This is part 8 of an extended cinematic universe with new characters and plot twists.,1999
3179,The Green Mile Rebirth 2,Drama|Fantasy,A moving prison drama with supernatural elements. This is part 5 of an extended cinematic universe with new characters and plot twists.,2022
3180,The Godfather Odyssey 4,Crime|Drama,The aging patriarch of an organized crime dynasty transfers control to his son. This is part 5 of an extended cinematic universe with new characters and plot twists.,1992
3181,Inside Out Saga 5,Animation|Family,Emotions guide a young girl's life during a big move. This is part 4 of an extended cinematic universe with new characters and plot twists.,1984
3182,Inside Out Rebirth 4,Animation|Family,Emotions guide a young girl's life during a big move. This is part 2 of an extended cinematic universe with new characters and plot twists.,1972
3183,Interstellar Rebirth 4,Adventure|Sci-Fi,Explorers travel through a wormhole to save humanity. This is part 1 of an extended cinematic universe with new characters and plot twists.,2011
3184,La La Land Returns 2,Drama|Musical,A jazz pianist and actress fall in love in Los Angeles. This is part 3 of an extended cinematic universe with new characters and plot twists.,2010
3185,Inception Returns 6,Action|Sci-Fi,A thief who steals corporate secrets through dream-sharing technology. This is part 2 of an extended cinematic universe with new characters and plot twists.,1976
3186,The Godfather Returns 2,Crime|Drama,The aging patriarch of an organized crime dynasty transfers control to his son. This is part 5 of an extended cinematic universe with new characters and plot twists.,2012
3187,The Matrix Uprising 4,Action|Sci-Fi,A hacker discovers reality is a simulation. This is part 1 of an extended cinematic universe with new characters and plot twists.,1977
3188,Inside Out Genesis 8,Animation|Family,Emotions guide a young girl's life during a big move. This is part 5 of an extended cinematic universe with new characters and plot twists.,1972
3189,The Godfather Returns 5,Crime|Drama,The aging patriarch of an organized crime dynasty transfers control to his son. This is part 3 of an extended cinematic universe with new characters and plot twists.,1979
3190,The Shawshank Redemption Uprising 6,Drama,"Two imprisoned men bond over years, finding solace and eventual redemption. This is part 1 of an extended cinematic universe with new characters and plot twists.",2013
3191,Inside Out Chronicles 6,Animation|Family,Emotions guide a young girl's life during a big move. This is part 1 of an extended cinematic universe with new characters and plot twists.,1979
3192,Inception Eclipse 3,Action|Sci-Fi,A thief who steals corporate secrets through dream-sharing technology. This is part 8 of an extended cinematic universe with new characters and plot twists.,2014
3193,The Shawshank Redemption Returns 6,Drama,"Two imprisoned men bond over years, finding solace and eventual redemption. This is part 6 of an extended cinematic universe with new characters and plot twists.",2022
3194,La La Land Odyssey 5,Drama|Musical,A jazz pianist and actress fall in love in Los Angeles. This is part 2 of an extended cinematic universe with new characters and plot twists.,1996
3195,The Matrix Saga 9,Action|Sci-Fi,A hacker discovers reality is a simulation. This is part 7 of an extended cinematic universe with new characters and plot twists.,2017
3196,Parasite Genesis 8,Thriller|Drama,A poor family schemes to become employed by a wealthy household. This is part 1 of an extended cinematic universe with new characters and plot twists.,1982
3197,The Social Network Chronicles 1,Drama,The founding of Facebook and its legal battles. This is part 8 of an extended cinematic universe with new characters and plot twists.,1984
3198,Inside Out Returns 9,Animation|Family,Emotions guide a young girl's life during a big move. This is part 2 of an extended cinematic universe with new characters and plot twists.,2017
3199,Inception Returns 7,Action|Sci-Fi,A thief who steals corporate secrets through dream-sharing technology. This is part 9 of an extended cinematic universe with new characters and plot twists.,2002
3200,The Shawshank Redemption Odyssey 3,Drama,"Two imprisoned men bond over years, finding solace and eventual redemption. This is part 9 of an extended cinematic universe with new characters and plot twists.",2006
3201,The Shawshank Redemption Returns 4,Drama,"Two imprisoned men bond over years, finding solace and eventual redemption. This is part 4 of an extended cinematic universe with new characters and plot twists.",1971
3202,La La Land Chronicles 8,Drama|Musical,A jazz pianist and actress fall in love in Los Angeles. This is part 7 of an extended cinematic universe with new characters and plot twists.,2015
3203,Inception Uprising 9,Action|Sci-Fi,A thief who steals corporate secrets through dream-sharing technology. This is part 9 of an extended cinematic universe with new characters and plot twists.,1988
3204,The Social Network Chronicles 5,Drama,The founding of Facebook and its legal battles. This is part 2 of an extended cinematic universe with new characters and plot twists.,1995
3205,Parasite Odyssey 1,Thriller|Drama,A poor family schemes to become employed by a wealthy household. This is part 1 of an extended cinematic universe with new characters and plot twists.,1976
3206,Parasite Uprising 6,Thriller|Drama,A poor family schemes to become employed by a wealthy household. This is part 9 of an extended cinematic universe with new characters and plot twists.,1988
3207,Inception Saga 7,Action|Sci-Fi,A thief who steals corporate secrets through dream-sharing technology. This is part 7 of an extended cinematic universe with new characters and plot twists.,1995
3208,The Shawshank Redemption Saga 3,Drama,"Two imprisoned men bond over years, finding solace and eventual redemption. This is part 5 of an extended cinematic universe with new characters and plot twists.",2004
3209,The Matrix Uprising 1,Action|Sci-Fi,A hacker discovers reality is a simulation. This is part 1 of an extended cinematic universe with new characters and plot twists.,1973
3210,The Shawshank Redemption Legacy 3,Drama,"Two imprisoned men bond over years, finding solace and eventual redemption. This is part 2 of an extended cinematic universe with new characters and plot twists.",1981
3211,The Green Mile Returns 6,Drama|Fantasy,A moving prison drama with supernatural elements. This is part 4 of an extended cinematic universe with new characters and plot twists.,1998
3212,The Matrix Legacy 2,Action|Sci-Fi,A hacker discovers reality is a simulation. This is part 9 of an extended cinematic universe with new characters and plot twists.,1997
3213,The Green Mile Genesis 2,Drama|Fantasy,A moving prison drama with supernatural elements. This is part 1 of an extended cinematic universe with new characters and plot twists.,2006
3214,Inception Uprising 1,Action|Sci-Fi,A thief who steals corporate secrets through dream-sharing technology. This is part 1 of an extended cinematic universe with new characters and plot twists.,1996
3215,La La Land Eclipse 5,Drama|Musical,A jazz pianist and actress fall in love in Los Angeles. This is part 2 of an extended cinematic universe with new characters and plot twists.,1984
3216,The Matrix Reimagined 3,Action|Sci-Fi,A hacker discovers reality is a simulation. This is part 6 of an extended cinematic universe with new characters and plot twists.,1993
3217,The Godfather Returns 6,Crime|Drama,The aging patriarch of an organized crime dynasty transfers control to his son. This is part 2 of an extended cinematic universe with new characters and plot twists.,1984
3218,The Matrix Returns 3,Action|Sci-Fi,A hacker discovers reality is a simulation. This is part 7 of an extended cinematic universe with new characters and plot twists.,2014
3219,Inception Legacy 9,Action|Sci-Fi,A thief who steals corporate secrets through dream-sharing technology. This is part 8 of an extended cinematic universe with new characters and plot twists.,1978
3220,La La Land Genesis 8,Drama|Musical,A jazz pianist and actress fall in love in Los Angeles. This is part 1 of an extended cinematic universe with new characters and plot twists.,1998
3221,The Shawshank Redemption Odyssey 3,Drama,"Two imprisoned men bond over years, finding solace and eventual redemption. This is part 6 of an extended cinematic universe with new characters and plot twists.",1979
3222,Parasite Eclipse 1,Thriller|Drama,A poor family schemes to become employed by a wealthy household. This is part 5 of an extended cinematic universe with new characters and plot twists.,1974
3223,Inside Out Odyssey 9,Animation|Family,Emotions guide a young girl's life during a big move. This is part 9 of an extended cinematic universe with new characters and plot twists.,2013
3224,The Shawshank Redemption Returns 4,Drama,"Two imprisoned men bond over years, finding solace and eventual redemption. This is part 5 of an extended cinematic universe with new characters and plot twists.",1984
3225,The Matrix Rebirth 7,Action|Sci-Fi,A hacker discovers reality is a simulation. This is part 3 of an extended cinematic universe with new characters and plot twists.,1979
3226,The Godfather Saga 3,Crime|Drama,The aging patriarch of an organized crime dynasty transfers control to his son. This is part 7 of an extended cinematic universe with new characters and plot twists.,2003
3227,The Matrix Returns 5,Action|Sci-Fi,A hacker discovers reality is a simulation. This is part 5 of an extended cinematic universe with new characters and plot twists.,1985
3228,The Green Mile Returns 7,Drama|Fantasy,A moving prison drama with supernatural elements. This is part 2 of an extended cinematic universe with new characters and plot twists.,1985
3229,Inside Out Saga 7,Animation|Family,Emotions guide a young girl's life during a big move. This is part 2 of an extended cinematic universe with new characters and plot twists.,2024
3230,Inception Rebirth 6,Action|Sci-Fi,A thief who steals corporate secrets through dream-sharing technology. This is part 7 of an extended cinematic universe with new characters and plot twists.,2021
3231,La La Land Reimagined 7,Drama|Musical,A jazz pianist and actress fall in love in Los Angeles. This is part 7 of an extended cinematic universe with new characters and plot twists.,2014
3232,Inception Rebirth 6,Action|Sci-Fi,A thief who steals corporate secrets through dream-sharing technology. This is part 4 of an extended cinematic universe with new characters and plot twists.,1995
3233,The Godfather Eclipse 9,Crime|Drama,The aging patriarch of an organized crime dynasty transfers control to his son. This is part 6 of an extended cinematic universe with new characters and plot twists.,1988
3234,La La Land Reimagined 7,Drama|Musical,A jazz pianist and actress fall in love in Los Angeles. This is part 3 of an extended cinematic universe with new characters and plot twists.,1987
3235,The Godfather Genesis 1,Crime|Drama,The aging patriarch of an organized crime dynasty transfers control to his son. This is part 6 of an extended cinematic universe with new characters and plot twists.,1991
3236,Inception Rebirth 9,Action|Sci-Fi,A thief who steals corporate secrets through dream-sharing technology. This is part 5 of an extended cinematic universe with new characters and plot twists.,2018
3237,Parasite Eclipse 9,Thriller|Drama,A poor family schemes to become employed by a wealthy household. This is part 2 of an extended cinematic universe with new characters and plot twists.,2021
3238,Parasite Uprising 3,Thriller|Drama,A poor family schemes to become employed by a wealthy household. This is part 7 of an extended cinematic universe with new characters and plot twists.,2021
3239,The Shawshank Redemption Legacy 8,Drama,"Two imprisoned men bond over years, finding solace and eventual redemption. This is part 3 of an extended cinematic universe with new characters and plot twists.",2009
3240,Inside Out Legacy 4,Animation|Family,Emotions guide a young girl's life during a big move. This is part 2 of an extended cinematic universe with new characters and plot twists.,1998
3241,Inside Out Saga 3,Animation|Family,Emotions guide a young girl's life during a big move. This is part 5 of an extended cinematic universe with new characters and plot twists.,1987
3242,The Godfather Rebirth 6,Crime|Drama,The aging patriarch of an organized crime dynasty transfers control to his son. This is part 1 of an extended cinematic universe with new characters and plot twists.,2014
3243,Interstellar Reimagined 7,Adventure|Sci-Fi,Explorers travel through a wormhole to save humanity. This is part 5 of an extended cinematic universe with new characters and plot twists.,1989
3244,Inside Out Rebirth 8,Animation|Family,Emotions guide a young girl's life during a big move. This is part 5 of an extended cinematic universe with new characters and plot twists.,1997
3245,The Shawshank Redemption Genesis 3,Drama,"Two imprisoned men bond over years, finding solace and eventual redemption. This is part 7 of an extended cinematic universe with new characters and plot twists.",2012
3246,The Matrix Rebirth 4,Action|Sci-Fi,A hacker discovers reality is a simulation. This is part 7 of an extended cinematic universe with new characters and plot twists.,2004
3247,Interstellar Chronicles 6,Adventure|Sci-Fi,Explorers travel through a wormhole to save humanity. This is part 5 of an extended cinematic universe with new characters and plot twists.,1981
3248,The Green Mile Chronicles 7,Drama|Fantasy,A moving prison drama with supernatural elements. This is part 3 of an extended cinematic universe with new characters and plot twists.,1993
3249,Inside Out Uprising 6,Animation|Family,Emotions guide a young girl's life during a big move. This is part 4 of an extended cinematic universe with new characters and plot twists.,2008
3250,Interstellar Reimagined 5,Adventure|Sci-Fi,Explorers travel through a wormhole to save humanity. This is part 3 of an extended cinematic universe with new characters and plot twists.,2006
3251,Inception Legacy 4,Action|Sci-Fi,A thief who steals corporate secrets through dream-sharing technology. This is part 4 of an extended cinematic universe with new characters and plot twists.,1981
3252,La La Land Saga 9,Drama|Musical,A jazz pianist and actress fall in love in Los Angeles. This is part 8 of an extended cinematic universe with new characters and plot twists.,2022
3253,Interstellar Chronicles 1,Adventure|Sci-Fi,Explorers travel through a wormhole to save humanity. This is part 3 of an extended cinematic universe with new characters and plot twists.,1982
3254,Inside Out Reimagined 6,Animation|Family,Emotions guide a young girl's life during a big move. This is part 7 of an extended cinematic universe with new characters and plot twists.,1993
3255,Interstellar Rebirth 4,Adventure|Sci-Fi,Explorers travel through a wormhole to save humanity. This is part 2 of an extended cinematic universe with new characters and plot twists.,2022
3256,Inside Out Legacy 7,Animation|Family,Emotions guide a young girl's life during a big move. This is part 2 of an extended cinematic universe with new characters and plot twists.,2023
3257,Inside Out Legacy 3,Animation|Family,Emotions guide a young girl's life during a big move. This is part 5 of an extended cinematic universe with new characters and plot twists.,2006
3258,La La Land Saga 8,Drama|Musical,A jazz pianist and actress fall in love in Los Angeles. This is part 4 of an extended cinematic universe with new characters and plot twists.,1998
3259,The Godfather Legacy 7,Crime|Drama,The aging patriarch of an organized crime dynasty transfers control to his son. This is part 8 of an extended cinematic universe with new characters and plot twists.,1989
3260,The Matrix Genesis 4,Action|Sci-Fi,A hacker discovers reality is a simulation. This is part 8 of an extended cinematic universe with new characters and plot twists.,2009
3261,Interstellar Rebirth 3,Adventure|Sci-Fi,Explorers travel through a wormhole to save humanity. This is part 7 of an extended cinematic universe with new characters and plot twists.,1972
3262,The Green Mile Returns 3,Drama|Fantasy,A moving prison drama with supernatural elements. This is part 6 of an extended cinematic universe with new characters and plot twists.,2016
3263,Inception Returns 9,Action|Sci-Fi,A thief who steals corporate secrets through dream-sharing technology. This is part 5 of an extended cinematic universe with new characters and plot twists.,2024
3264,The Godfather Eclipse 7,Crime|Drama,The aging patriarch of an organized crime dynasty transfers control to his son. This is part 3 of an extended cinematic universe with new characters and plot twists.,2000
3265,The Social Network Genesis 6,Drama,The founding of Facebook and its legal battles. This is part 8 of an extended cinematic universe with new characters and plot twists.,1996
3266,Interstellar Reimagined 8,Adventure|Sci-Fi,Explorers travel through a wormhole to save humanity. This is part 4 of an extended cinematic universe with new characters and plot twists.,2012
3267,The Social Network Eclipse 2,Drama,The founding of Facebook and its legal battles. This is part 3 of an extended cinematic universe with new characters and plot twists.,1992
3268,Parasite Uprising 4,Thriller|Drama,A poor family schemes to become employed by a wealthy household. This is part 8 of an extended cinematic universe with new characters and plot twists.,1981
3269,Parasite Chronicles 6,Thriller|Drama,A poor family schemes to become employed by a wealthy household. This is part 5 of an extended cinematic universe with new characters and plot twists.,1970
3270,The Godfather Rebirth 6,Crime|Drama,The aging patriarch of an organized crime dynasty transfers control to his son. This is part 6 of an extended cinematic universe with new characters and plot twists.,1999
3271,Inception Reimagined 1,Action|Sci-Fi,A thief who steals corporate secrets through dream-sharing technology. This is part 6 of an extended cinematic universe with new characters and plot twists.,2017
3272,Inside Out Eclipse 5,Animation|Family,Emotions guide a young girl's life during a big move. This is part 4 of an extended cinematic universe with new characters and plot twists.,2012
3273,The Godfather Reimagined 9,Crime|Drama,The aging patriarch of an organized crime dynasty transfers control to his son. This is part 4 of an extended cinematic universe with new characters and plot twists.,1994
3274,The Matrix Chronicles 8,Action|Sci-Fi,A hacker discovers reality is a simulation. This is part 6 of an extended cinematic universe with new characters and plot twists.,1984
3275,The Godfather Genesis 1,Crime|Drama,The aging patriarch of an organized crime dynasty transfers control to his son. This is part 1 of an extended cinematic universe with new characters and plot twists.,2001
3276,Inception Saga 9,Action|Sci-Fi,A thief who steals corporate secrets through dream-sharing technology. This is part 1 of an extended cinematic universe with new characters and plot twists.,1978
3277,Interstellar Eclipse 5,Adventure|Sci-Fi,Explorers travel through a wormhole to save humanity. This is part 5 of an extended cinematic universe with new characters and plot twists.,1988
3278,The Social Network Odyssey 2,Drama,The founding of Facebook and its legal battles. This is part 9 of an extended cinematic universe with new characters and plot twists.,1989
3279,The Godfather Uprising 5,Crime|Drama,The aging patriarch of an organized crime dynasty transfers control to his son. This is part 9 of an extended cinematic universe with new characters and plot twists.,2002
3280,Inside Out Reimagined 8,Animation|Family,Emotions guide a young girl's life during a big move. This is part 8 of an extended cinematic universe with new characters and plot twists.,2024
3281,Interstellar Uprising 6,Adventure|Sci-Fi,Explorers travel through a wormhole to save humanity. This is part 8 of an extended cinematic universe with new characters and plot twists.,2023
3282,Interstellar Chronicles 7,Adventure|Sci-Fi,Explorers travel through a wormhole to save humanity. This is part 3 of an extended cinematic universe with new characters and plot twists.,2003
3283,La La Land Chronicles 3,Drama|Musical,A jazz pianist and actress fall in love in Los Angeles. This is part 5 of an extended cinematic universe with new characters and plot twists.,1996
3284,Parasite Odyssey 5,Thriller|Drama,A poor family schemes to become employed by a wealthy household. This is part 7 of an extended cinematic universe with new characters and plot twists.,1998
3285,Interstellar Chronicles 1,Adventure|Sci-Fi,Explorers travel through a wormhole to save humanity. This is part 2 of an extended cinematic universe with new characters and plot twists.,1979
3286,Interstellar Rebirth 2,Adventure|Sci-Fi,Explorers travel through a wormhole to save humanity. This is part 4 of an extended cinematic universe with new characters and plot twists.,2022
3287,The Green Mile Eclipse 4,Drama|Fantasy,A moving prison drama with supernatural elements. This is part 1 of an extended cinematic universe with new characters and plot twists.,2024
3288,The Social Network Saga 7,Drama,The founding of Facebook and its legal battles. This is part 6 of an extended cinematic universe with new characters and plot twists.,2010
3289,La La Land Legacy 4,Drama|Musical,A jazz pianist and actress fall in love in Los Angeles. This is part 2 of an extended cinematic universe with new characters and plot twists.,2023
3290,Interstellar Saga 9,Adventure|Sci-Fi,Explorers travel through a wormhole to save humanity. This is part 1 of an extended cinematic universe with new characters and plot twists.,1971
3291,The Social Network Saga 4,Drama,The founding of Facebook and its legal battles. This is part 6 of an extended cinematic universe with new characters and plot twists.,2009
3292,Inception Rebirth 2,Action|Sci-Fi,A thief who steals corporate secrets through dream-sharing technology. This is part 8 of an extended cinematic universe with new characters and plot twists.,1990
3293,Inception Eclipse 4,Action|Sci-Fi,A thief who steals corporate secrets through dream-sharing technology. This is part 1 of an extended cinematic universe with new characters and plot twists.,1975
3294,Inside Out Rebirth 1,Animation|Family,Emotions guide a young girl's life during a big move. This is part 1 of an extended cinematic universe with new characters and plot twists.,1978
3295,La La Land Odyssey 5,Drama|Musical,A jazz pianist and actress fall in love in Los Angeles. This is part 4 of an extended cinematic universe with new characters and plot twists.,1995
3296,Parasite Genesis 5,Thriller|Drama,A poor family schemes to become employed by a wealthy household. This is part 8 of an extended cinematic universe with new characters and plot twists.,1999
3297,The Godfather Uprising 8,Crime|Drama,The aging patriarch of an organized crime dynasty transfers control to his son. This is part 4 of an extended cinematic universe with new characters and plot twists.,2006
3298,The Green Mile Rebirth 6,Drama|Fantasy,A moving prison drama with supernatural elements. This is part 1 of an extended cinematic universe with new characters and plot twists.,1982
3299,Interstellar Odyssey 7,Adventure|Sci-Fi,Explorers travel through a wormhole to save humanity. This is part 8 of an extended cinematic universe with new characters and plot twists.,2018
3300,The Social Network Eclipse 2,Drama,The founding of Facebook and its legal battles. This is part 4 of an extended cinematic universe with new characters and plot twists.,2004
3301,Interstellar Chronicles 5,Adventure|Sci-Fi,Explorers travel through a wormhole to save humanity. This is part 4 of an extended cinematic universe with new characters and plot twists.,1976
3302,La La Land Genesis 9,Drama|Musical,A jazz pianist and actress fall in love in Los Angeles. This is part 6 of an extended cinematic universe with new characters and plot twists.,2018
3303,The Green Mile Saga 9,Drama|Fantasy,A moving prison drama with supernatural elements. This is part 1 of an extended cinematic universe with new characters and plot twists.,2002
3304,La La Land Genesis 5,Drama|Musical,A jazz pianist and actress fall in love in Los Angeles. This is part 6 of an extended cinematic universe with new characters and plot twists.,1994
3305,Interstellar Uprising 1,Adventure|Sci-Fi,Explorers travel through a wormhole to save humanity. This is part 9 of an extended cinematic universe with new characters and plot twists.,1978
3306,La La Land Chronicles 4,Drama|Musical,A jazz pianist and actress fall in love in Los Angeles. This is part 2 of an extended cinematic universe with new characters and plot twists.,1993
3307,Interstellar Eclipse 7,Adventure|Sci-Fi,Explorers travel through a wormhole to save humanity. This is part 6 of an extended cinematic universe with new characters and plot twists.,1989
3308,Interstellar Returns 2,Adventure|Sci-Fi,Explorers travel through a wormhole to save humanity. This is part 4 of an extended cinematic universe with new characters and plot twists.,2009
3309,Interstellar Reimagined 5,Adventure|Sci-Fi,Explorers travel through a wormhole to save humanity. This is part 2 of an extended cinematic universe with new characters and plot twists.,2019
3310,The Social Network Eclipse 7,Drama,The founding of Facebook and its legal battles. This is part 4 of an extended cinematic universe with new characters and plot twists.,2013
3311,Interstellar Reimagined 8,Adventure|Sci-Fi,Explorers travel through a wormhole to save humanity. This is part 3 of an extended cinematic universe with new characters and plot twists.,2018
3312,The Matrix Saga 9,Action|Sci-Fi,A hacker discovers reality is a simulation. This is part 3 of an extended cinematic universe with new characters and plot twists.,1984
3313,The Godfather Returns 1,Crime|Drama,The aging patriarch of an organized crime dynasty transfers control to his son. This is part 9 of an extended cinematic universe with new characters and plot twists.,2017
3314,The Shawshank Redemption Returns 4,Drama,"Two imprisoned men bond over years, finding solace and eventual redemption. This is part 5 of an extended cinematic universe with new characters and plot twists.",2015
3315,La La Land Uprising 5,Drama|Musical,A jazz pianist and actress fall in love in Los Angeles. This is part 1 of an extended cinematic universe with new characters and plot twists.,2003
3316,Inception Genesis 8,Action|Sci-Fi,A thief who steals corporate secrets through dream-sharing technology. This is part 7 of an extended cinematic universe with new characters and plot twists.,2008
3317,Inside Out Uprising 4,Animation|Family,Emotions guide a young girl's life during a big move. This is part 6 of an extended cinematic universe with new characters and plot twists.,1985
3318,Inception Saga 9,Action|Sci-Fi,A thief who steals corporate secrets through dream-sharing technology. This is part 9 of an extended cinematic universe with new characters and plot twists.,1983
3319,Interstellar Rebirth 4,Adventure|Sci-Fi,Explorers travel through a wormhole to save humanity. This is part 6 of an extended cinematic universe with new characters and plot twists.,2024
3320,The Shawshank Redemption Odyssey 1,Drama,"Two imprisoned men bond over years, finding solace and eventual redemption. This is part 1 of an extended cinematic universe with new characters and plot twists.",1998
3321,Interstellar Reimagined 1,Adventure|Sci-Fi,Explorers travel through a wormhole to save humanity. This is part 4 of an extended cinematic universe with new characters and plot twists.,1993
3322,The Social Network Reimagined 1,Drama,The founding of Facebook and its legal battles. This is part 8 of an extended cinematic universe with new characters and plot twists.,1977
3323,Inside Out Chronicles 7,Animation|Family,Emotions guide a young girl's life during a big move. This is part 5 of an extended cinematic universe with new characters and plot twists.,2010
3324,La La Land Saga 5,Drama|Musical,A jazz pianist and actress fall in love in Los Angeles. This is part 1 of an extended cinematic universe with new characters and plot twists.,2006
3325,Inception Genesis 3,Action|Sci-Fi,A thief who steals corporate secrets through dream-sharing technology. This is part 1 of an extended cinematic universe with new characters and plot twists.,1989
3326,The Green Mile Genesis 2,Drama|Fantasy,A moving prison drama with supernatural elements. This is part 2 of an extended cinematic universe with new characters and plot twists.,2017
3327,La La Land Odyssey 9,Drama|Musical,A jazz pianist and actress fall in love in Los Angeles. This is part 2 of an extended cinematic universe with new characters and plot twists.,1990
3328,The Shawshank Redemption Eclipse 2,Drama,"Two imprisoned men bond over years, finding solace and eventual redemption. This is part 5 of an extended cinematic universe with new characters and plot twists.",1988
3329,The Godfather Eclipse 9,Crime|Drama,The aging patriarch of an organized crime dynasty transfers control to his son. This is part 3 of an extended cinematic universe with new characters and plot twists.,1984
3330,La La Land Returns 7,Drama|Musical,A jazz pianist and actress fall in love in Los Angeles. This is part 8 of an extended cinematic universe with new characters and plot twists.,1999
3331,Parasite Rebirth 8,Thriller|Drama,A poor family schemes to become employed by a wealthy household. This is part 5 of an extended cinematic universe with new characters and plot twists.,2019
3332,Inside Out Eclipse 4,Animation|Family,Emotions guide a young girl's life during a big move. This is part 8 of an extended cinematic universe with new characters and plot twists.,2002
3333,The Green Mile Chronicles 3,Drama|Fantasy,A moving prison drama with supernatural elements. This is part 9 of an extended cinematic universe with new characters and plot twists.,2007
3334,La La Land Rebirth 7,Drama|Musical,A jazz pianist and actress fall in love in Los Angeles. This is part 1 of an extended cinematic universe with new characters and plot twists.,2017
3335,The Matrix Odyssey 6,Action|Sci-Fi,A hacker discovers reality is a simulation. This is part 2 of an extended cinematic universe with new characters and plot twists.,2019
3336,Inside Out Returns 5,Animation|Family,Emotions guide a young girl's life during a big move. This is part 1 of an extended cinematic universe with new characters and plot twists.,2018
3337,Interstellar Chronicles 7,Adventure|Sci-Fi,Explorers travel through a wormhole to save humanity. This is part 2 of an extended cinematic universe with new characters and plot twists.,2025
3338,The Green Mile Eclipse 4,Drama|Fantasy,A moving prison drama with supernatural elements. This is part 7 of an extended cinematic universe with new characters and plot twists.,2016
3339,The Matrix Chronicles 9,Action|Sci-Fi,A hacker discovers reality is a simulation. This is part 4 of an extended cinematic universe with new characters and plot twists.,1973
3340,La La Land Uprising 7,Drama|Musical,A jazz pianist and actress fall in love in Los Angeles. This is part 8 of an extended cinematic universe with new characters and plot twists.,2014
3341,The Matrix Odyssey 4,Action|Sci-Fi,A hacker discovers reality is a simulation. This is part 9 of an extended cinematic universe with new characters and plot twists.,1983
3342,The Shawshank Redemption Rebirth 1,Drama,"Two imprisoned men bond over years, finding solace and eventual redemption. This is part 4 of an extended cinematic universe with new characters and plot twists.",1983
3343,The Matrix Saga 6,Action|Sci-Fi,A hacker discovers reality is a simulation. This is part 6 of an extended cinematic universe with new characters and plot twists.,1998
3344,Parasite Odyssey 2,Thriller|Drama,A poor family schemes to become employed by a wealthy household. This is part 1 of an extended cinematic universe with new characters and plot twists.,2017
3345,Parasite Odyssey 4,Thriller|Drama,A poor family schemes to become employed by a wealthy household. This is part 6 of an extended cinematic universe with new characters and plot twists.,1997
3346,Inside Out Reimagined 9,Animation|Family,Emotions guide a young girl's life during a big move. This is part 1 of an extended cinematic universe with new characters and plot twists.,1998
3347,The Social Network Saga 6,Drama,The founding of Facebook and its legal battles. This is part 6 of an extended cinematic universe with new characters and plot twists.,2009
3348,Interstellar Rebirth 6,Adventure|Sci-Fi,Explorers travel through a wormhole to save humanity. This is part 7 of an extended cinematic universe with new characters and plot twists.,2024
3349,Inception Uprising 5,Action|Sci-Fi,A thief who steals corporate secrets through dream-sharing technology. This is part 6 of an extended cinematic universe with new characters and plot twists.,1974
3350,The Social Network Reimagined 7,Drama,The founding of Facebook and its legal battles. This is part 3 of an extended cinematic universe with new characters and plot twists.,1992
3351,Inside Out Eclipse 2,Animation|Family,Emotions guide a young girl's life during a big move. This is part 1 of an extended cinematic universe with new characters and plot twists.,2015
3352,The Godfather Eclipse 1,Crime|Drama,The aging patriarch of an organized crime dynasty transfers control to his son. This is part 7 of an extended cinematic universe with new characters and plot twists.,2017
3353,Interstellar Saga 1,Adventure|Sci-Fi,Explorers travel through a wormhole to save humanity. This is part 1 of an extended cinematic universe with new characters and plot twists.,1975
3354,The Shawshank Redemption Eclipse 7,Drama,"Two imprisoned men bond over years, finding solace and eventual redemption. This is part 4 of an extended cinematic universe with new characters and plot twists.",2017
3355,Parasite Legacy 1,Thriller|Drama,A poor family schemes to become employed by a wealthy household. This is part 9 of an extended cinematic universe with new characters and plot twists.,2001
3356,The Green Mile Odyssey 5,Drama|Fantasy,A moving prison drama with supernatural elements. This is part 7 of an extended cinematic universe with new characters and plot twists.,2000
3357,Parasite Eclipse 3,Thriller|Drama,A poor family schemes to become employed by a wealthy household. This is part 5 of an extended cinematic universe with new characters and plot twists.,2007
3358,Interstellar Uprising 8,Adventure|Sci-Fi,Explorers travel through a wormhole to save humanity. This is part 3 of an extended cinematic universe with new characters and plot twists.,1974
3359,The Green Mile Eclipse 5,Drama|Fantasy,A moving prison drama with supernatural elements. This is part 8 of an extended cinematic universe with new characters and plot twists.,2013
3360,Inside Out Reimagined 3,Animation|Family,Emotions guide a young girl's life during a big move. This is part 5 of an extended cinematic universe with new characters and plot twists.,1987
3361,The Shawshank Redemption Odyssey 6,Drama,"Two imprisoned men bond over years, finding solace and eventual redemption. This is part 7 of an extended cinematic universe with new characters and plot twists.",2001
3362,La La Land Rebirth 8,Drama|Musical,A jazz pianist and actress fall in love in Los Angeles. This is part 3 of an extended cinematic universe with new characters and plot twists.,1985
3363,The Green Mile Genesis 8,Drama|Fantasy,A moving prison drama with supernatural elements. This is part 6 of an extended cinematic universe with new characters and plot twists.,2001
3364,The Green Mile Genesis 6,Drama|Fantasy,A moving prison drama with supernatural elements. This is part 8 of an extended cinematic universe with new characters and plot twists.,1973
3365,Inception Rebirth 5,Action|Sci-Fi,A thief who steals corporate secrets through dream-sharing technology. This is part 6 of an extended cinematic universe with new characters and plot twists.,2004
3366,The Green Mile Legacy 3,Drama|Fantasy,A moving prison drama with supernatural elements. This is part 6 of an extended cinematic universe with new characters and plot twists.,2018
3367,The Matrix Chronicles 5,Action|Sci-Fi,A hacker discovers reality is a simulation. This is part 5 of an extended cinematic universe with new characters and plot twists.,2009
3368,La La Land Uprising 1,Drama|Musical,A jazz pianist and actress fall in love in Los Angeles. This is part 6 of an extended cinematic universe with new characters and plot twists.,1981
3369,The Social Network Saga 5,Drama,The founding of Facebook and its legal battles. This is part 4 of an extended cinematic universe with new characters and plot twists.,1971
3370,The Green Mile Legacy 9,Drama|Fantasy,A moving prison drama with supernatural elements. This is part 3 of an extended cinematic universe with new characters and plot twists.,1988
3371,The Social Network Odyssey 5,Drama,The founding of Facebook and its legal battles. This is part 3 of an extended cinematic universe with new characters and plot twists.,2021
3372,Inception Legacy 7,Action|Sci-Fi,A thief who steals corporate secrets through dream-sharing technology. This is part 7 of an extended cinematic universe with new characters and plot twists.,2000
3373,Interstellar Chronicles 8,Adventure|Sci-Fi,Explorers travel through a wormhole to save humanity. This is part 1 of an extended cinematic universe with new characters and plot twists.,1980
3374,The Shawshank Redemption Returns 3,Drama,"Two imprisoned men bond over years, finding solace and eventual redemption. This is part 9 of an extended cinematic universe with new characters and plot twists.",1970
3375,The Shawshank Redemption Eclipse 5,Drama,"Two imprisoned men bond over years, finding solace and eventual redemption. This is part 2 of an extended cinematic universe with new characters and plot twists.",1986
3376,Inception Chronicles 5,Action|Sci-Fi,A thief who steals corporate secrets through dream-sharing technology. This is part 6 of an extended cinematic universe with new characters and plot twists.,1991
3377,Interstellar Rebirth 7,Adventure|Sci-Fi,Explorers travel through a wormhole to save humanity. This is part 4 of an extended cinematic universe with new characters and plot twists.,2018
3378,Parasite Genesis 7,Thriller|Drama,A poor family schemes to become employed by a wealthy household. This is part 6 of an extended cinematic universe with new characters and plot twists.,2011
3379,The Green Mile Returns 6,Drama|Fantasy,A moving prison drama with supernatural elements. This is part 3 of an extended cinematic universe with new characters and plot twists.,2010
3380,Inside Out Eclipse 4,Animation|Family,Emotions guide a young girl's life during a big move. This is part 7 of an extended cinematic universe with new characters and plot twists.,2004
3381,The Shawshank Redemption Legacy 2,Drama,"Two imprisoned men bond over years, finding solace and eventual redemption. This is part 6 of an extended cinematic universe with new characters and plot twists.",2018
3382,Inception Legacy 8,Action|Sci-Fi,A thief who steals corporate secrets through dream-sharing technology. This is part 6 of an extended cinematic universe with new characters and plot twists.,1991
3383,Inception Genesis 6,Action|Sci-Fi,A thief who steals corporate secrets through dream-sharing technology. This is part 5 of an extended cinematic universe with new characters and plot twists.,2012
3384,Parasite Rebirth 2,Thriller|Drama,A poor family schemes to become employed by a wealthy household. This is part 5 of an extended cinematic universe with new characters and plot twists.,2007
3385,The Social Network Saga 8,Drama,The founding of Facebook and its legal battles. This is part 6 of an extended cinematic universe with new characters and plot twists.,1985
3386,La La Land Uprising 1,Drama|Musical,A jazz pianist and actress fall in love in Los Angeles. This is part 5 of an extended cinematic universe with new characters and plot twists.,2010
3387,The Shawshank Redemption Odyssey 7,Drama,"Two imprisoned men bond over years, finding solace and eventual redemption. This is part 8 of an extended cinematic universe with new characters and plot twists.",1993
3388,Interstellar Saga 9,Adventure|Sci-Fi,Explorers travel through a wormhole to save humanity. This is part 4 of an extended cinematic universe with new characters and plot twists.,2022
3389,The Social Network Odyssey 2,Drama,The founding of Facebook and its legal battles. This is part 5 of an extended cinematic universe with new characters and plot twists.,1970
3390,Parasite Returns 3,Thriller|Drama,A poor family schemes to become employed by a wealthy household. This is part 3 of an extended cinematic universe with new characters and plot twists.,1986
3391,Inside Out Reimagined 5,Animation|Family,Emotions guide a young girl's life during a big move. This is part 5 of an extended cinematic universe with new characters and plot twists.,1997
3392,The Godfather Uprising 9,Crime|Drama,The aging patriarch of an organized crime dynasty transfers control to his son. This is part 5 of an extended cinematic universe with new characters and plot twists.,1997
3393,Interstellar Genesis 6,Adventure|Sci-Fi,Explorers travel through a wormhole to save humanity. This is part 5 of an extended cinematic universe with new characters and plot twists.,1986
3394,The Matrix Rebirth 6,Action|Sci-Fi,A hacker discovers reality is a simulation. This is part 6 of an extended cinematic universe with new characters and plot twists.,1981
3395,The Matrix Reimagined 6,Action|Sci-Fi,A hacker discovers reality is a simulation. This is part 3 of an extended cinematic universe with new characters and plot twists.,1971
3396,The Social Network Returns 9,Drama,The founding of Facebook and its legal battles. This is part 5 of an extended cinematic universe with new characters and plot twists.,1976
3397,Inception Chronicles 6,Action|Sci-Fi,A thief who steals corporate secrets through dream-sharing technology. This is part 1 of an extended cinematic universe with new characters and plot twists.,1980
3398,The Matrix Genesis 7,Action|Sci-Fi,A hacker discovers reality is a simulation. This is part 1 of an extended cinematic universe with new characters and plot twists.,2017
3399,The Green Mile Saga 6,Drama|Fantasy,A moving prison drama with supernatural elements. This is part 7 of an extended cinematic universe with new characters and plot twists.,2000
3400,Interstellar Eclipse 5,Adventure|Sci-Fi,Explorers travel through a wormhole to save humanity. This is part 6 of an extended cinematic universe with new characters and plot twists.,2011
3401,Inception Rebirth 6,Action|Sci-Fi,A thief who steals corporate secrets through dream-sharing technology. This is part 6 of an extended cinematic universe with new characters and plot twists.,1995
3402,Inside Out Saga 2,Animation|Family,Emotions guide a young girl's life during a big move. This is part 3 of an extended cinematic universe with new characters and plot twists.,2007
3403,The Matrix Uprising 3,Action|Sci-Fi,A hacker discovers reality is a simulation. This is part 4 of an extended cinematic universe with new characters and plot twists.,1971
3404,The Godfather Saga 1,Crime|Drama,The aging patriarch of an organized crime dynasty transfers control to his son. This is part 6 of an extended cinematic universe with new characters and plot twists.,1991
3405,Inside Out Uprising 3,Animation|Family,Emotions guide a young girl's life during a big move. This is part 6 of an extended cinematic universe with new characters and plot twists.,1981
3406,Interstellar Eclipse 8,Adventure|Sci-Fi,Explorers travel through a wormhole to save humanity. This is part 7 of an extended cinematic universe with new characters and plot twists.,1980
3407,Inside Out Eclipse 2,Animation|Family,Emotions guide a young girl's life during a big move. This is part 2 of an extended cinematic universe with new characters and plot twists.,2021
3408,The Godfather Legacy 1,Crime|Drama,The aging patriarch of an organized crime dynasty transfers control to his son. This is part 4 of an extended cinematic universe with new characters and plot twists.,1975
3409,Interstellar Rebirth 5,Adventure|Sci-Fi,Explorers travel through a wormhole to save humanity. This is part 6 of an extended cinematic universe with new characters and plot twists.,2018
3410,The Green Mile Rebirth 1,Drama|Fantasy,A moving prison drama with supernatural elements. This is part 6 of an extended cinematic universe with new characters and plot twists.,1995
3411,The Social Network Odyssey 9,Drama,The founding of Facebook and its legal battles. This is part 6 of an extended cinematic universe with new characters and plot twists.,2023
3412,Interstellar Genesis 6,Adventure|Sci-Fi,Explorers travel through a wormhole to save humanity. This is part 1 of an extended cinematic universe with new characters and plot twists.,1973
3413,Interstellar Chronicles 9,Adventure|Sci-Fi,Explorers travel through a wormhole to save humanity. This is part 8 of an extended cinematic universe with new characters and plot twists.,1975
3414,Inception Genesis 6,Action|Sci-Fi,A thief who steals corporate secrets through dream-sharing technology. This is part 3 of an extended cinematic universe with new characters and plot twists.,2018
3415,The Social Network Eclipse 6,Drama,The founding of Facebook and its legal battles. This is part 5 of an extended cinematic universe with new characters and plot twists.,2024
3416,The Shawshank Redemption Genesis 6,Drama,"Two imprisoned men bond over years, finding solace and eventual redemption. This is part 6 of an extended cinematic universe with new characters and plot twists.",2019
3417,Parasite Reimagined 2,Thriller|Drama,A poor family schemes to become employed by a wealthy household. This is part 8 of an extended cinematic universe with new characters and plot twists.,1996
3418,The Godfather Odyssey 7,Crime|Drama,The aging patriarch of an organized crime dynasty transfers control to his son. This is part 9 of an extended cinematic universe with new characters and plot twists.,1981
3419,The Social Network Odyssey 1,Drama,The founding of Facebook and its legal battles. This is part 6 of an extended cinematic universe with new characters and plot twists.,2013
3420,Inception Uprising 4,Action|Sci-Fi,A thief who steals corporate secrets through dream-sharing technology. This is part 9 of an extended cinematic universe with new characters and plot twists.,1995
3421,La La Land Rebirth 3,Drama|Musical,A jazz pianist and actress fall in love in Los Angeles. This is part 3 of an extended cinematic universe with new characters and plot twists.,1999
3422,Inside Out Legacy 3,Animation|Family,Emotions guide a young girl's life during a big move. This is part 5 of an extended cinematic universe with new characters and plot twists.,2022
3423,Inside Out Saga 2,Animation|Family,Emotions guide a young girl's life during a big move. This is part 1 of an extended cinematic universe with new characters and plot twists.,1984
3424,Inside Out Rebirth 3,Animation|Family,Emotions guide a young girl's life during a big move. This is part 1 of an extended cinematic universe with new characters and plot twists.,1983
3425,The Social Network Legacy 4,Drama,The founding of Facebook and its legal battles. This is part 2 of an extended cinematic universe with new characters and plot twists.,1981
3426,Parasite Genesis 2,Thriller|Drama,A poor family schemes to become employed by a wealthy household. This is part 3 of an extended cinematic universe with new characters and plot twists.,2013
3427,Inside Out Rebirth 5,Animation|Family,Emotions guide a young girl's life during a big move. This is part 4 of an extended cinematic universe with new characters and plot twists.,2017
3428,The Green Mile Odyssey 6,Drama|Fantasy,A moving prison drama with supernatural elements. This is part 7 of an extended cinematic universe with new characters and plot twists.,2024
3429,The Social Network Returns 6,Drama,The founding of Facebook and its legal battles. This is part 3 of an extended cinematic universe with new characters and plot twists.,1996
3430,The Shawshank Redemption Rebirth 7,Drama,"Two imprisoned men bond over years, finding solace and eventual redemption. This is part 1 of an extended cinematic universe with new characters and plot twists.",2018
3431,The Social Network Eclipse 6,Drama,The founding of Facebook and its legal battles. This is part 5 of an extended cinematic universe with new characters and plot twists.,1987
3432,La La Land Reimagined 1,Drama|Musical,A jazz pianist and actress fall in love in Los Angeles. This is part 1 of an extended cinematic universe with new characters and plot twists.,2008
3433,Inside Out Odyssey 5,Animation|Family,Emotions guide a young girl's life during a big move. This is part 2 of an extended cinematic universe with new characters and plot twists.,1992
3434,Inception Genesis 3,Action|Sci-Fi,A thief who steals corporate secrets through dream-sharing technology. This is part 6 of an extended cinematic universe with new characters and plot twists.,2006
3435,The Matrix Returns 9,Action|Sci-Fi,A hacker discovers reality is a simulation. This is part 7 of an extended cinematic universe with new characters and plot twists.,1993
3436,The Green Mile Returns 9,Drama|Fantasy,A moving prison drama with supernatural elements. This is part 5 of an extended cinematic universe with new characters and plot twists.,1975
3437,Inception Reimagined 6,Action|Sci-Fi,A thief who steals corporate secrets through dream-sharing technology. This is part 4 of an extended cinematic universe with new characters and plot twists.,2001
3438,The Green Mile Rebirth 1,Drama|Fantasy,A moving prison drama with supernatural elements. This is part 7 of an extended cinematic universe with new characters and plot twists.,1994
3439,The Green Mile Chronicles 6,Drama|Fantasy,A moving prison drama with supernatural elements. This is part 5 of an extended cinematic universe with new characters and plot twists.,1971
3440,The Social Network Saga 1,Drama,The founding of Facebook and its legal battles. This is part 1 of an extended cinematic universe with new characters and plot twists.,2001
3441,The Shawshank Redemption Odyssey 1,Drama,"Two imprisoned men bond over years, finding solace and eventual redemption. This is part 9 of an extended cinematic universe with new characters and plot twists.",1973
3442,The Green Mile Chronicles 3,Drama|Fantasy,A moving prison drama with supernatural elements. This is part 9 of an extended cinematic universe with new characters and plot twists.,1992
3443,La La Land Reimagined 2,Drama|Musical,A jazz pianist and actress fall in love in Los Angeles. This is part 6 of an extended cinematic universe with new characters and plot twists.,2016
3444,Interstellar Genesis 3,Adventure|Sci-Fi,Explorers travel through a wormhole to save humanity. This is part 7 of an extended cinematic universe with new characters and plot twists.,1973
3445,The Godfather Uprising 6,Crime|Drama,The aging patriarch of an organized crime dynasty transfers control to his son. This is part 5 of an extended cinematic universe with new characters and plot twists.,2003
3446,The Shawshank Redemption Genesis 3,Drama,"Two imprisoned men bond over years, finding solace and eventual redemption. This is part 9 of an extended cinematic universe with new characters and plot twists.",1993
3447,The Godfather Genesis 6,Crime|Drama,The aging patriarch of an organized crime dynasty transfers control to his son. This is part 4 of an extended cinematic universe with new characters and plot twists.,1981
3448,The Social Network Genesis 7,Drama,The founding of Facebook and its legal battles. This is part 5 of an extended cinematic universe with new characters and plot twists.,2017
3449,La La Land Reimagined 7,Drama|Musical,A jazz pianist and actress fall in love in Los Angeles. This is part 5 of an extended cinematic universe with new characters and plot twists.,1979
3450,The Matrix Uprising 1,Action|Sci-Fi,A hacker discovers reality is a simulation. This is part 4 of an extended cinematic universe with new characters and plot twists.,2013
3451,Parasite Uprising 7,Thriller|Drama,A poor family schemes to become employed by a wealthy household. This is part 1 of an extended cinematic universe with new characters and plot twists.,1980
3452,The Green Mile Rebirth 4,Drama|Fantasy,A moving prison drama with supernatural elements. This is part 8 of an extended cinematic universe with new characters and plot twists.,2017
3453,Inside Out Legacy 6,Animation|Family,Emotions guide a young girl's life during a big move. This is part 9 of an extended cinematic universe with new characters and plot twists.,1990
3454,La La Land Genesis 9,Drama|Musical,A jazz pianist and actress fall in love in Los Angeles. This is part 5 of an extended cinematic universe with new characters and plot twists.,2016
3455,Inside Out Odyssey 8,Animation|Family,Emotions guide a young girl's life during a big move. This is part 9 of an extended cinematic universe with new characters and plot twists.,1981
3456,The Social Network Reimagined 7,Drama,The founding of Facebook and its legal battles. This is part 6 of an extended cinematic universe with new characters and plot twists.,1971
3457,The Godfather Returns 7,Crime|Drama,The aging patriarch of an organized crime dynasty transfers control to his son. This is part 2 of an extended cinematic universe with new characters and plot twists.,2021
3458,Inside Out Rebirth 8,Animation|Family,Emotions guide a young girl's life during a big move. This is part 2 of an extended cinematic universe with new characters and plot twists.,1999
3459,Inside Out Returns 3,Animation|Family,Emotions guide a young girl's life during a big move. This is part 4 of an extended cinematic universe with new characters and plot twists.,1981
3460,Interstellar Odyssey 5,Adventure|Sci-Fi,Explorers travel through a wormhole to save humanity. This is part 1 of an extended cinematic universe with new characters and plot twists.,1974
3461,Interstellar Genesis 1,Adventure|Sci-Fi,Explorers travel through a wormhole to save humanity. This is part 2 of an extended cinematic universe with new characters and plot twists.,2000
3462,The Green Mile Saga 9,Drama|Fantasy,A moving prison drama with supernatural elements. This is part 5 of an extended cinematic universe with new characters and plot twists.,1991
3463,The Godfather Legacy 9,Crime|Drama,The aging patriarch of an organized crime dynasty transfers control to his son. This is part 8 of an extended cinematic universe with new characters and plot twists.,2016
3464,The Green Mile Saga 6,Drama|Fantasy,A moving prison drama with supernatural elements. This is part 5 of an extended cinematic universe with new characters and plot twists.,2011
3465,The Godfather Chronicles 9,Crime|Drama,The aging patriarch of an organized crime dynasty transfers control to his son. This is part 5 of an extended cinematic universe with new characters and plot twists.,1974
3466,The Matrix Chronicles 4,Action|Sci-Fi,A hacker discovers reality is a simulation. This is part 8 of an extended cinematic universe with new characters and plot twists.,1999
3467,Inception Saga 9,Action|Sci-Fi,A thief who steals corporate secrets through dream-sharing technology. This is part 5 of an extended cinematic universe with new characters and plot twists.,1978
3468,The Green Mile Genesis 7,Drama|Fantasy,A moving prison drama with supernatural elements. This is part 1 of an extended cinematic universe with new characters and plot twists.,1998
3469,Parasite Rebirth 4,Thriller|Drama,A poor family schemes to become employed by a wealthy household. This is part 9 of an extended cinematic universe with new characters and plot twists.,1976
3470,Parasite Genesis 9,Thriller|Drama,A poor family schemes to become employed by a wealthy household. This is part 3 of an extended cinematic universe with new characters and plot twists.,1981
3471,The Green Mile Rebirth 6,Drama|Fantasy,A moving prison drama with supernatural elements. This is part 1 of an extended cinematic universe with new characters and plot twists.,1989
3472,La La Land Reimagined 1,Drama|Musical,A jazz pianist and actress fall in love in Los Angeles. This is part 2 of an extended cinematic universe with new characters and plot twists.,2020
3473,The Shawshank Redemption Chronicles 9,Drama,"Two imprisoned men bond over years, finding solace and eventual redemption. This is part 4 of an extended cinematic universe with new characters and plot twists.",1974
3474,Inside Out Odyssey 2,Animation|Family,Emotions guide a young girl's life during a big move. This is part 3 of an extended cinematic universe with new characters and plot twists.,1974
3475,Inception Odyssey 8,Action|Sci-Fi,A thief who steals corporate secrets through dream-sharing technology. This is part 6 of an extended cinematic universe with new characters and plot twists.,2005
3476,La La Land Eclipse 5,Drama|Musical,A jazz pianist and actress fall in love in Los Angeles. This is part 9 of an extended cinematic universe with new characters and plot twists.,1979
3477,The Green Mile Odyssey 5,Drama|Fantasy,A moving prison drama with supernatural elements. This is part 2 of an extended cinematic universe with new characters and plot twists.,2002
3478,The Green Mile Legacy 6,Drama|Fantasy,A moving prison drama with supernatural elements. This is part 3 of an extended cinematic universe with new characters and plot twists.,2008
3479,La La Land Uprising 3,Drama|Musical,A jazz pianist and actress fall in love in Los Angeles. This is part 6 of an extended cinematic universe with new characters and plot twists.,1988
3480,Inside Out Reimagined 8,Animation|Family,Emotions guide a young girl's life during a big move. This is part 1 of an extended cinematic universe with new characters and plot twists.,1991
3481,Parasite Legacy 5,Thriller|Drama,A poor family schemes to become employed by a wealthy household. This is part 2 of an extended cinematic universe with new characters and plot twists.,2025
3482,Parasite Genesis 1,Thriller|Drama,A poor family schemes to become employed by a wealthy household. This is part 6 of an extended cinematic universe with new characters and plot twists.,2002
3483,The Social Network Returns 4,Drama,The founding of Facebook and its legal battles. This is part 8 of an extended cinematic universe with new characters and plot twists.,1997
3484,Inside Out Rebirth 6,Animation|Family,Emotions guide a young girl's life during a big move. This is part 6 of an extended cinematic universe with new characters and plot twists.,1991
3485,The Green Mile Chronicles 5,Drama|Fantasy,A moving prison drama with supernatural elements. This is part 9 of an extended cinematic universe with new characters and plot twists.,1978
3486,The Godfather Eclipse 3,Crime|Drama,The aging patriarch of an organized crime dynasty transfers control to his son. This is part 3 of an extended cinematic universe with new characters and plot twists.,2008
3487,The Godfather Legacy 3,Crime|Drama,The aging patriarch of an organized crime dynasty transfers control to his son. This is part 3 of an extended cinematic universe with new characters and plot twists.,2002
3488,The Godfather Odyssey 4,Crime|Drama,The aging patriarch of an organized crime dynasty transfers control to his son. This is part 7 of an extended cinematic universe with new characters and plot twists.,1997
3489,Interstellar Reimagined 9,Adventure|Sci-Fi,Explorers travel through a wormhole to save humanity. This is part 4 of an extended cinematic universe with new characters and plot twists.,1993
3490,The Godfather Uprising 5,Crime|Drama,The aging patriarch of an organized crime dynasty transfers control to his son. This is part 4 of an extended cinematic universe with new characters and plot twists.,1992
3491,Interstellar Odyssey 3,Adventure|Sci-Fi,Explorers travel through a wormhole to save humanity. This is part 3 of an extended cinematic universe with new characters and plot twists.,1975
3492,The Green Mile Eclipse 8,Drama|Fantasy,A moving prison drama with supernatural elements. This is part 7 of an extended cinematic universe with new characters and plot twists.,1998
3493,Interstellar Saga 3,Adventure|Sci-Fi,Explorers travel through a wormhole to save humanity. This is part 2 of an extended cinematic universe with new characters and plot twists.,2009
3494,La La Land Reimagined 9,Drama|Musical,A jazz pianist and actress fall in love in Los Angeles. This is part 8 of an extended cinematic universe with new characters and plot twists.,1990
3495,Inside Out Uprising 6,Animation|Family,Emotions guide a young girl's life during a big move. This is part 9 of an extended cinematic universe with new characters and plot twists.,1974
3496,The Matrix Eclipse 1,Action|Sci-Fi,A hacker discovers reality is a simulation. This is part 7 of an extended cinematic universe with new characters and plot twists.,2007
3497,Parasite Reimagined 9,Thriller|Drama,A poor family schemes to become employed by a wealthy household. This is part 2 of an extended cinematic universe with new characters and plot twists.,1976
3498,Parasite Saga 8,Thriller|Drama,A poor family schemes to become employed by a wealthy household. This is part 1 of an extended cinematic universe with new characters and plot twists.,1981
3499,Inception Rebirth 2,Action|Sci-Fi,A thief who steals corporate secrets through dream-sharing technology. This is part 1 of an extended cinematic universe with new characters and plot twists.,2024
3500,The Godfather Uprising 1,Crime|Drama,The aging patriarch of an organized crime dynasty transfers control to his son. This is part 6 of an extended cinematic universe with new characters and plot twists.,1993
3501,Inside Out Saga 5,Animation|Family,Emotions guide a young girl's life during a big move. This is part 1 of an extended cinematic universe with new characters and plot twists.,2010
3502,Inside Out Returns 8,Animation|Family,Emotions guide a young girl's life during a big move. This is part 4 of an extended cinematic universe with new characters and plot twists.,1974
3503,The Matrix Uprising 2,Action|Sci-Fi,A hacker discovers reality is a simulation. This is part 7 of an extended cinematic universe with new characters and plot twists.,1995
3504,The Godfather Reimagined 5,Crime|Drama,The aging patriarch of an organized crime dynasty transfers control to his son. This is part 8 of an extended cinematic universe with new characters and plot twists.,1981
3505,La La Land Eclipse 6,Drama|Musical,A jazz pianist and actress fall in love in Los Angeles. This is part 9 of an extended cinematic universe with new characters and plot twists.,2025
3506,Parasite Genesis 2,Thriller|Drama,A poor family schemes to become employed by a wealthy household. This is part 1 of an extended cinematic universe with new characters and plot twists.,2009
3507,Inside Out Legacy 6,Animation|Family,Emotions guide a young girl's life during a big move. This is part 5 of an extended cinematic universe with new characters and plot twists.,1995
3508,La La Land Chronicles 8,Drama|Musical,A jazz pianist and actress fall in love in Los Angeles. This is part 8 of an extended cinematic universe with new characters and plot twists.,1979
3509,The Godfather Saga 2,Crime|Drama,The aging patriarch of an organized crime dynasty transfers control to his son. This is part 7 of an extended cinematic universe with new characters and plot twists.,2017
3510,La La Land Uprising 8,Drama|Musical,A jazz pianist and actress fall in love in Los Angeles. This is part 2 of an extended cinematic universe with new characters and plot twists.,1998
3511,Inside Out Chronicles 7,Animation|Family,Emotions guide a young girl's life during a big move. This is part 8 of an extended cinematic universe with new characters and plot twists.,1974
3512,Parasite Legacy 6,Thriller|Drama,A poor family schemes to become employed by a wealthy household. This is part 3 of an extended cinematic universe with new characters and plot twists.,1973
3513,The Green Mile Reimagined 1,Drama|Fantasy,A moving prison drama with supernatural elements. This is part 2 of an extended cinematic universe with new characters and plot twists.,1978
3514,Inside Out Chronicles 7,Animation|Family,Emotions guide a young girl's life during a big move. This is part 1 of an extended cinematic universe with new characters and plot twists.,1993
3515,The Social Network Rebirth 3,Drama,The founding of Facebook and its legal battles. This is part 7 of an extended cinematic universe with new characters and plot twists.,1982
3516,The Godfather Genesis 2,Crime|Drama,The aging patriarch of an organized crime dynasty transfers control to his son. This is part 6 of an extended cinematic universe with new characters and plot twists.,1978
3517,The Shawshank Redemption Legacy 2,Drama,"Two imprisoned men bond over years, finding solace and eventual redemption. This is part 7 of an extended cinematic universe with new characters and plot twists.",2013
3518,Inception Chronicles 1,Action|Sci-Fi,A thief who steals corporate secrets through dream-sharing technology. This is part 7 of an extended cinematic universe with new characters and plot twists.,1981
3519,The Green Mile Eclipse 9,Drama|Fantasy,A moving prison drama with supernatural elements. This is part 8 of an extended cinematic universe with new characters and plot twists.,1983
3520,La La Land Uprising 8,Drama|Musical,A jazz pianist and actress fall in love in Los Angeles. This is part 8 of an extended cinematic universe with new characters and plot twists.,1971
3521,The Matrix Uprising 1,Action|Sci-Fi,A hacker discovers reality is a simulation. This is part 9 of an extended cinematic universe with new characters and plot twists.,2014
3522,The Green Mile Legacy 7,Drama|Fantasy,A moving prison drama with supernatural elements. This is part 5 of an extended cinematic universe with new characters and plot twists.,2014
3523,The Matrix Eclipse 2,Action|Sci-Fi,A hacker discovers reality is a simulation. This is part 1 of an extended cinematic universe with new characters and plot twists.,1970
3524,The Green Mile Returns 3,Drama|Fantasy,A moving prison drama with supernatural elements. This is part 8 of an extended cinematic universe with new characters and plot twists.,1986
3525,Parasite Chronicles 4,Thriller|Drama,A poor family schemes to become employed by a wealthy household. This is part 8 of an extended cinematic universe with new characters and plot twists.,2019
3526,Inception Reimagined 3,Action|Sci-Fi,A thief who steals corporate secrets through dream-sharing technology. This is part 2 of an extended cinematic universe with new characters and plot twists.,2008
3527,Parasite Chronicles 8,Thriller|Drama,A poor family schemes to become employed by a wealthy household. This is part 6 of an extended cinematic universe with new characters and plot twists.,1985
3528,Inception Odyssey 5,Action|Sci-Fi,A thief who steals corporate secrets through dream-sharing technology. This is part 8 of an extended cinematic universe with new characters and plot twists.,2020
3529,Inception Uprising 2,Action|Sci-Fi,A thief who steals corporate secrets through dream-sharing technology. This is part 8 of an extended cinematic universe with new characters and plot twists.,1973
3530,The Social Network Reimagined 4,Drama,The founding of Facebook and its legal battles. This is part 9 of an extended cinematic universe with new characters and plot twists.,1982
3531,The Shawshank Redemption Reimagined 1,Drama,"Two imprisoned men bond over years, finding solace and eventual redemption. This is part 8 of an extended cinematic universe with new characters and plot twists.",1988
3532,The Godfather Chronicles 1,Crime|Drama,The aging patriarch of an organized crime dynasty transfers control to his son. This is part 7 of an extended cinematic universe with new characters and plot twists.,2014
3533,The Godfather Eclipse 2,Crime|Drama,The aging patriarch of an organized crime dynasty transfers control to his son. This is part 3 of an extended cinematic universe with new characters and plot twists.,1979
3534,The Social Network Chronicles 6,Drama,The founding of Facebook and its legal battles. This is part 6 of an extended cinematic universe with new characters and plot twists.,2022
3535,Inception Chronicles 6,Action|Sci-Fi,A thief who steals corporate secrets through dream-sharing technology. This is part 4 of an extended cinematic universe with new characters and plot twists.,2023
3536,The Godfather Legacy 3,Crime|Drama,The aging patriarch of an organized crime dynasty transfers control to his son. This is part 4 of an extended cinematic universe with new characters and plot twists.,2013
3537,The Social Network Odyssey 1,Drama,The founding of Facebook and its legal battles. This is part 9 of an extended cinematic universe with new characters and plot twists.,2013
3538,La La Land Saga 3,Drama|Musical,A jazz pianist and actress fall in love in Los Angeles. This is part 2 of an extended cinematic universe with new characters and plot twists.,1994
3539,The Shawshank Redemption Uprising 3,Drama,"Two imprisoned men bond over years, finding solace and eventual redemption. This is part 4 of an extended cinematic universe with new characters and plot twists.",2007
3540,La La Land Legacy 3,Drama|Musical,A jazz pianist and actress fall in love in Los Angeles. This is part 9 of an extended cinematic universe with new characters and plot twists.,1975
3541,The Shawshank Redemption Eclipse 9,Drama,"Two imprisoned men bond over years, finding solace and eventual redemption. This is part 4 of an extended cinematic universe with new characters and plot twists.",1987
3542,The Shawshank Redemption Rebirth 3,Drama,"Two imprisoned men bond over years, finding solace and eventual redemption. This is part 4 of an extended cinematic universe with new characters and plot twists.",1988
3543,La La Land Saga 2,Drama|Musical,A jazz pianist and actress fall in love in Los Angeles. This is part 7 of an extended cinematic universe with new characters and plot twists.,1991
3544,The Social Network Saga 5,Drama,The founding of Facebook and its legal battles. This is part 1 of an extended cinematic universe with new characters and plot twists.,2005
3545,The Social Network Uprising 8,Drama,The founding of Facebook and its legal battles. This is part 1 of an extended cinematic universe with new characters and plot twists.,1989
3546,La La Land Rebirth 3,Drama|Musical,A jazz pianist and actress fall in love in Los Angeles. This is part 8 of an extended cinematic universe with new characters and plot twists.,1984
3547,Interstellar Odyssey 4,Adventure|Sci-Fi,Explorers travel through a wormhole to save humanity. This is part 3 of an extended cinematic universe with new characters and plot twists.,2025
3548,The Social Network Odyssey 4,Drama,The founding of Facebook and its legal battles. This is part 7 of an extended cinematic universe with new characters and plot twists.,2005
3549,Inception Saga 9,Action|Sci-Fi,A thief who steals corporate secrets through dream-sharing technology. This is part 8 of an extended cinematic universe with new characters and plot twists.,1983
3550,The Matrix Chronicles 8,Action|Sci-Fi,A hacker discovers reality is a simulation. This is part 2 of an extended cinematic universe with new characters and plot twists.,1990
3551,The Green Mile Odyssey 5,Drama|Fantasy,A moving prison drama with supernatural elements. This is part 8 of an extended cinematic universe with new characters and plot twists.,1997
3552,Parasite Reimagined 4,Thriller|Drama,A poor family schemes to become employed by a wealthy household. This is part 9 of an extended cinematic universe with new characters and plot twists.,1981
3553,Inception Reimagined 7,Action|Sci-Fi,A thief who steals corporate secrets through dream-sharing technology. This is part 1 of an extended cinematic universe with new characters and plot twists.,1980
3554,The Green Mile Reimagined 8,Drama|Fantasy,A moving prison drama with supernatural elements. This is part 9 of an extended cinematic universe with new characters and plot twists.,1976
3555,The Matrix Genesis 1,Action|Sci-Fi,A hacker discovers reality is a simulation. This is part 4 of an extended cinematic universe with new characters and plot twists.,2004
3556,The Social Network Saga 6,Drama,The founding of Facebook and its legal battles. This is part 1 of an extended cinematic universe with new characters and plot twists.,2024
3557,Inside Out Uprising 6,Animation|Family,Emotions guide a young girl's life during a big move. This is part 6 of an extended cinematic universe with new characters and plot twists.,2014
3558,The Shawshank Redemption Eclipse 2,Drama,"Two imprisoned men bond over years, finding solace and eventual redemption. This is part 5 of an extended cinematic universe with new characters and plot twists.",2023
3559,The Social Network Saga 6,Drama,The founding of Facebook and its legal battles. This is part 5 of an extended cinematic universe with new characters and plot twists.,2009
3560,The Social Network Saga 1,Drama,The founding of Facebook and its legal battles. This is part 5 of an extended cinematic universe with new characters and plot twists.,1998
3561,Interstellar Legacy 2,Adventure|Sci-Fi,Explorers travel through a wormhole to save humanity. This is part 1 of an extended cinematic universe with new characters and plot twists.,2018
3562,The Matrix Returns 5,Action|Sci-Fi,A hacker discovers reality is a simulation. This is part 8 of an extended cinematic universe with new characters and plot twists.,1977
3563,Inception Returns 2,Action|Sci-Fi,A thief who steals corporate secrets through dream-sharing technology. This is part 9 of an extended cinematic universe with new characters and plot twists.,2015
3564,Inside Out Odyssey 2,Animation|Family,Emotions guide a young girl's life during a big move. This is part 2 of an extended cinematic universe with new characters and plot twists.,1977
3565,Parasite Legacy 7,Thriller|Drama,A poor family schemes to become employed by a wealthy household. This is part 1 of an extended cinematic universe with new characters and plot twists.,1980
3566,Interstellar Saga 2,Adventure|Sci-Fi,Explorers travel through a wormhole to save humanity. This is part 1 of an extended cinematic universe with new characters and plot twists.,2014
3567,Inside Out Rebirth 1,Animation|Family,Emotions guide a young girl's life during a big move. This is part 6 of an extended cinematic universe with new characters and plot twists.,1987
3568,Parasite Rebirth 2,Thriller|Drama,A poor family schemes to become employed by a wealthy household. This is part 8 of an extended cinematic universe with new characters and plot twists.,2001
3569,The Shawshank Redemption Rebirth 7,Drama,"Two imprisoned men bond over years, finding solace and eventual redemption. This is part 6 of an extended cinematic universe with new characters and plot twists.",2023
3570,The Matrix Reimagined 1,Action|Sci-Fi,A hacker discovers reality is a simulation. This is part 9 of an extended cinematic universe with new characters and plot twists.,2018
3571,Interstellar Rebirth 6,Adventure|Sci-Fi,Explorers travel through a wormhole to save humanity. This is part 3 of an extended cinematic universe with new characters and plot twists.,2017
3572,The Godfather Odyssey 5,Crime|Drama,The aging patriarch of an organized crime dynasty transfers control to his son. This is part 7 of an extended cinematic universe with new characters and plot twists.,2002
3573,The Matrix Chronicles 6,Action|Sci-Fi,A hacker discovers reality is a simulation. This is part 6 of an extended cinematic universe with new characters and plot twists.,2004
3574,The Godfather Genesis 6,Crime|Drama,The aging patriarch of an organized crime dynasty transfers control to his son. This is part 5 of an extended cinematic universe with new characters and plot twists.,1989
3575,Interstellar Odyssey 2,Adventure|Sci-Fi,Explorers travel through a wormhole to save humanity. This is part 7 of an extended cinematic universe with new characters and plot twists.,1978
3576,La La Land Rebirth 7,Drama|Musical,A jazz pianist and actress fall in love in Los Angeles. This is part 6 of an extended cinematic universe with new characters and plot twists.,1975
3577,The Shawshank Redemption Reimagined 5,Drama,"Two imprisoned men bond over years, finding solace and eventual redemption. This is part 8 of an extended cinematic universe with new characters and plot twists.",2023
3578,The Godfather Saga 9,Crime|Drama,The aging patriarch of an organized crime dynasty transfers control to his son. This is part 4 of an extended cinematic universe with new characters and plot twists.,2020
3579,Inception Genesis 7,Action|Sci-Fi,A thief who steals corporate secrets through dream-sharing technology. This is part 6 of an extended cinematic universe with new characters and plot twists.,2024
3580,The Shawshank Redemption Saga 8,Drama,"Two imprisoned men bond over years, finding solace and eventual redemption. This is part 8 of an extended cinematic universe with new characters and plot twists.",2003
3581,The Godfather Eclipse 1,Crime|Drama,The aging patriarch of an organized crime dynasty transfers control to his son. This is part 1 of an extended cinematic universe with new characters and plot twists.,1999
3582,The Social Network Chronicles 9,Drama,The founding of Facebook and its legal battles. This is part 5 of an extended cinematic universe with new characters and plot twists.,1977
3583,Inception Reimagined 3,Action|Sci-Fi,A thief who steals corporate secrets through dream-sharing technology. This is part 3 of an extended cinematic universe with new characters and plot twists.,1980
3584,Inside Out Returns 4,Animation|Family,Emotions guide a young girl's life during a big move. This is part 1 of an extended cinematic universe with new characters and plot twists.,2022
3585,Inside Out Uprising 2,Animation|Family,Emotions guide a young girl's life during a big move. This is part 6 of an extended cinematic universe with new characters and plot twists.,2013
3586,Inside Out Chronicles 5,Animation|Family,Emotions guide a young girl's life during a big move. This is part 3 of an extended cinematic universe with new characters and plot twists.,2024
3587,The Shawshank Redemption Legacy 4,Drama,"Two imprisoned men bond over years, finding solace and eventual redemption. This is part 2 of an extended cinematic universe with new characters and plot twists.",2001
3588,Interstellar Reimagined 4,Adventure|Sci-Fi,Explorers travel through a wormhole to save humanity. This is part 6 of an extended cinematic universe with new characters and plot twists.,1976
3589,The Shawshank Redemption Rebirth 2,Drama,"Two imprisoned men bond over years, finding solace and eventual redemption. This is part 6 of an extended cinematic universe with new characters and plot twists.",1982
3590,Inside Out Uprising 6,Animation|Family,Emotions guide a young girl's life during a big move. This is part 8 of an extended cinematic universe with new characters and plot twists.,1997
3591,La La Land Legacy 9,Drama|Musical,A jazz pianist and actress fall in love in Los Angeles. This is part 6 of an extended cinematic universe with new characters and plot twists.,1988
3592,Inside Out Rebirth 1,Animation|Family,Emotions guide a young girl's life during a big move. This is part 2 of an extended cinematic universe with new characters and plot twists.,1983
3593,The Matrix Odyssey 1,Action|Sci-Fi,A hacker discovers reality is a simulation. This is part 3 of an extended cinematic universe with new characters and plot twists.,1997
3594,The Shawshank Redemption Returns 2,Drama,"Two imprisoned men bond over years, finding solace and eventual redemption. This is part 7 of an extended cinematic universe with new characters and plot twists.",1973
3595,The Green Mile Uprising 9,Drama|Fantasy,A moving prison drama with supernatural elements. This is part 9 of an extended cinematic universe with new characters and plot twists.,2017
3596,The Green Mile Genesis 6,Drama|Fantasy,A moving prison drama with supernatural elements. This is part 8 of an extended cinematic universe with new characters and plot twists.,1977
3597,Inception Genesis 2,Action|Sci-Fi,A thief who steals corporate secrets through dream-sharing technology. This is part 1 of an extended cinematic universe with new characters and plot twists.,2011
3598,The Social Network Genesis 1,Drama,The founding of Facebook and its legal battles. This is part 2 of an extended cinematic universe with new characters and plot twists.,1974
3599,Interstellar Uprising 2,Adventure|Sci-Fi,Explorers travel through a wormhole to save humanity. This is part 4 of an extended cinematic universe with new characters and plot twists.,2005
3600,La La Land Reimagined 9,Drama|Musical,A jazz pianist and actress fall in love in Los Angeles. This is part 5 of an extended cinematic universe with new characters and plot twists.,1977
3601,The Godfather Genesis 8,Crime|Drama,The aging patriarch of an organized crime dynasty transfers control to his son. This is part 1 of an extended cinematic universe with new characters and plot twists.,1999
3602,Interstellar Odyssey 5,Adventure|Sci-Fi,Explorers travel through a wormhole to save humanity. This is part 6 of an extended cinematic universe with new characters and plot twists.,2001
3603,Inception Eclipse 2,Action|Sci-Fi,A thief who steals corporate secrets through dream-sharing technology. This is part 5 of an extended cinematic universe with new characters and plot twists.,2004
3604,La La Land Returns 7,Drama|Musical,A jazz pianist and actress fall in love in Los Angeles. This is part 3 of an extended cinematic universe with new characters and plot twists.,2006
3605,Interstellar Returns 1,Adventure|Sci-Fi,Explorers travel through a wormhole to save humanity. This is part 8 of an extended cinematic universe with new characters and plot twists.,2000
3606,The Shawshank Redemption Genesis 6,Drama,"Two imprisoned men bond over years, finding solace and eventual redemption. This is part 4 of an extended cinematic universe with new characters and plot twists.",2015
3607,Interstellar Chronicles 2,Adventure|Sci-Fi,Explorers travel through a wormhole to save humanity. This is part 2 of an extended cinematic universe with new characters and plot twists.,2008
3608,The Green Mile Chronicles 9,Drama|Fantasy,A moving prison drama with supernatural elements. This is part 9 of an extended cinematic universe with new characters and plot twists.,2008
3609,The Shawshank Redemption Saga 8,Drama,"Two imprisoned men bond over years, finding solace and eventual redemption. This is part 4 of an extended cinematic universe with new characters and plot twists.",2014
3610,The Green Mile Legacy 7,Drama|Fantasy,A moving prison drama with supernatural elements. This is part 3 of an extended cinematic universe with new characters and plot twists.,1995
3611,The Green Mile Saga 9,Drama|Fantasy,A moving prison drama with supernatural elements. This is part 5 of an extended cinematic universe with new characters and plot twists.,1989
3612,La La Land Returns 6,Drama|Musical,A jazz pianist and actress fall in love in Los Angeles. This is part 6 of an extended cinematic universe with new characters and plot twists.,1977
3613,The Godfather Eclipse 1,Crime|Drama,The aging patriarch of an organized crime dynasty transfers control to his son. This is part 6 of an extended cinematic universe with new characters and plot twists.,2025
3614,The Shawshank Redemption Genesis 3,Drama,"Two imprisoned men bond over years, finding solace and eventual redemption. This is part 8 of an extended cinematic universe with new characters and plot twists.",2019
3615,Inside Out Returns 6,Animation|Family,Emotions guide a young girl's life during a big move. This is part 5 of an extended cinematic universe with new characters and plot twists.,1970
3616,Inside Out Legacy 9,Animation|Family,Emotions guide a young girl's life during a big move. This is part 7 of an extended cinematic universe with new characters and plot twists.,1999
3617,Interstellar Eclipse 3,Adventure|Sci-Fi,Explorers travel through a wormhole to save humanity. This is part 7 of an extended cinematic universe with new characters and plot twists.,2008
3618,The Matrix Uprising 4,Action|Sci-Fi,A hacker discovers reality is a simulation. This is part 4 of an extended cinematic universe with new characters and plot twists.,1981
3619,Interstellar Uprising 1,Adventure|Sci-Fi,Explorers travel through a wormhole to save humanity. This is part 8 of an extended cinematic universe with new characters and plot twists.,1988
3620,The Shawshank Redemption Chronicles 5,Drama,"Two imprisoned men bond over years, finding solace and eventual redemption. This is part 9 of an extended cinematic universe with new characters and plot twists.",2003
3621,Inception Uprising 7,Action|Sci-Fi,A thief who steals corporate secrets through dream-sharing technology. This is part 8 of an extended cinematic universe with new characters and plot twists.,1974
3622,Inception Reimagined 1,Action|Sci-Fi,A thief who steals corporate secrets through dream-sharing technology. This is part 5 of an extended cinematic universe with new characters and plot twists.,2005
3623,Inception Eclipse 7,Action|Sci-Fi,A thief who steals corporate secrets through dream-sharing technology. This is part 5 of an extended cinematic universe with new characters and plot twists.,2014
3624,The Godfather Legacy 2,Crime|Drama,The aging patriarch of an organized crime dynasty transfers control to his son. This is part 8 of an extended cinematic universe with new characters and plot twists.,2000
3625,The Godfather Odyssey 3,Crime|Drama,The aging patriarch of an organized crime dynasty transfers control to his son. This is part 8 of an extended cinematic universe with new characters and plot twists.,1980
3626,Inception Odyssey 4,Action|Sci-Fi,A thief who steals corporate secrets through dream-sharing technology. This is part 7 of an extended cinematic universe with new characters and plot twists.,1996
3627,Inside Out Odyssey 4,Animation|Family,Emotions guide a young girl's life during a big move. This is part 5 of an extended cinematic universe with new characters and plot twists.,2021
3628,The Godfather Uprising 8,Crime|Drama,The aging patriarch of an organized crime dynasty transfers control to his son. This is part 8 of an extended cinematic universe with new characters and plot twists.,1979
3629,The Green Mile Returns 4,Drama|Fantasy,A moving prison drama with supernatural elements. This is part 7 of an extended cinematic universe with new characters and plot twists.,1983
3630,The Social Network Reimagined 6,Drama,The founding of Facebook and its legal battles. This is part 7 of an extended cinematic universe with new characters and plot twists.,1990
3631,Inception Genesis 5,Action|Sci-Fi,A thief who steals corporate secrets through dream-sharing technology. This is part 5 of an extended cinematic universe with new characters and plot twists.,1995
3632,The Social Network Odyssey 4,Drama,The founding of Facebook and its legal battles. This is part 3 of an extended cinematic universe with new characters and plot twists.,1976
3633,La La Land Genesis 1,Drama|Musical,A jazz pianist and actress fall in love in Los Angeles. This is part 5 of an extended cinematic universe with new characters and plot twists.,1981
3634,The Godfather Genesis 6,Crime|Drama,The aging patriarch of an organized crime dynasty transfers control to his son. This is part 7 of an extended cinematic universe with new characters and plot twists.,2006
3635,The Matrix Reimagined 2,Action|Sci-Fi,A hacker discovers reality is a simulation. This is part 6 of an extended cinematic universe with new characters and plot twists.,2013
3636,The Godfather Rebirth 9,Crime|Drama,The aging patriarch of an organized crime dynasty transfers control to his son. This is part 7 of an extended cinematic universe with new characters and plot twists.,1986
3637,The Green Mile Chronicles 7,Drama|Fantasy,A moving prison drama with supernatural elements. This is part 5 of an extended cinematic universe with new characters and plot twists.,2025
3638,La La Land Reimagined 5,Drama|Musical,A jazz pianist and actress fall in love in Los Angeles. This is part 8 of an extended cinematic universe with new characters and plot twists.,2018
3639,The Matrix Returns 2,Action|Sci-Fi,A hacker discovers reality is a simulation. This is part 6 of an extended cinematic universe with new characters and plot twists.,1989
3640,La La Land Uprising 6,Drama|Musical,A jazz pianist and actress fall in love in Los Angeles. This is part 2 of an extended cinematic universe with new characters and plot twists.,1983
3641,Interstellar Odyssey 9,Adventure|Sci-Fi,Explorers travel through a wormhole to save humanity. This is part 1 of an extended cinematic universe with new characters and plot twists.,1997
3642,The Green Mile Genesis 7,Drama|Fantasy,A moving prison drama with supernatural elements. This is part 1 of an extended cinematic universe with new characters and plot twists.,1974
3643,Inception Genesis 7,Action|Sci-Fi,A thief who steals corporate secrets through dream-sharing technology. This is part 1 of an extended cinematic universe with new characters and plot twists.,2025
3644,The Green Mile Returns 3,Drama|Fantasy,A moving prison drama with supernatural elements. This is part 7 of an extended cinematic universe with new characters and plot twists.,2014
3645,Inside Out Reimagined 1,Animation|Family,Emotions guide a young girl's life during a big move. This is part 2 of an extended cinematic universe with new characters and plot twists.,1975
3646,Parasite Reimagined 8,Thriller|Drama,A poor family schemes to become employed by a wealthy household. This is part 5 of an extended cinematic universe with new characters and plot twists.,1974
3647,The Matrix Rebirth 7,Action|Sci-Fi,A hacker discovers reality is a simulation. This is part 8 of an extended cinematic universe with new characters and plot twists.,1972
3648,The Green Mile Genesis 5,Drama|Fantasy,A moving prison drama with supernatural elements. This is part 2 of an extended cinematic universe with new characters and plot twists.,2003
3649,The Green Mile Rebirth 4,Drama|Fantasy,A moving prison drama with supernatural elements. This is part 5 of an extended cinematic universe with new characters and plot twists.,1989
3650,The Green Mile Eclipse 1,Drama|Fantasy,A moving prison drama with supernatural elements. This is part 9 of an extended cinematic universe with new characters and plot twists.,2015
3651,The Social Network Uprising 7,Drama,The founding of Facebook and its legal battles. This is part 3 of an extended cinematic universe with new characters and plot twists.,2012
3652,The Green Mile Eclipse 8,Drama|Fantasy,A moving prison drama with supernatural elements. This is part 9 of an extended cinematic universe with new characters and plot twists.,1984
3653,Inside Out Reimagined 3,Animation|Family,Emotions guide a young girl's life during a big move. This is part 8 of an extended cinematic universe with new characters and plot twists.,2001
3654,The Godfather Legacy 4,Crime|Drama,The aging patriarch of an organized crime dynasty transfers control to his son. This is part 9 of an extended cinematic universe with new characters and plot twists.,1994
3655,The Green Mile Reimagined 5,Drama|Fantasy,A moving prison drama with supernatural elements. This is part 6 of an extended cinematic universe with new characters and plot twists.,1999
3656,The Social Network Eclipse 6,Drama,The founding of Facebook and its legal battles. This is part 8 of an extended cinematic universe with new characters and plot twists.,2015
3657,The Matrix Returns 7,Action|Sci-Fi,A hacker discovers reality is a simulation. This is part 5 of an extended cinematic universe with new characters and plot twists.,2017
3658,The Matrix Returns 5,Action|Sci-Fi,A hacker discovers reality is a simulation. This is part 9 of an extended cinematic universe with new characters and plot twists.,2017
3659,Inside Out Saga 5,Animation|Family,Emotions guide a young girl's life during a big move. This is part 3 of an extended cinematic universe with new characters and plot twists.,1999
3660,The Godfather Legacy 5,Crime|Drama,The aging patriarch of an organized crime dynasty transfers control to his son. This is part 9 of an extended cinematic universe with new characters and plot twists.,2011
3661,The Social Network Rebirth 3,Drama,The founding of Facebook and its legal battles. This is part 8 of an extended cinematic universe with new characters and plot twists.,1979
3662,The Shawshank Redemption Returns 2,Drama,"Two imprisoned men bond over years, finding solace and eventual redemption. This is part 8 of an extended cinematic universe with new characters and plot twists.",1970
3663,Parasite Odyssey 5,Thriller|Drama,A poor family schemes to become employed by a wealthy household. This is part 1 of an extended cinematic universe with new characters and plot twists.,2011
3664,The Godfather Returns 9,Crime|Drama,The aging patriarch of an organized crime dynasty transfers control to his son. This is part 3 of an extended cinematic universe with new characters and plot twists.,2014
3665,Interstellar Uprising 4,Adventure|Sci-Fi,Explorers travel through a wormhole to save humanity. This is part 6 of an extended cinematic universe with new characters and plot twists.,2009
3666,Interstellar Rebirth 3,Adventure|Sci-Fi,Explorers travel through a wormhole to save humanity. This is part 3 of an extended cinematic universe with new characters and plot twists.,1982
3667,The Social Network Odyssey 4,Drama,The founding of Facebook and its legal battles. This is part 5 of an extended cinematic universe with new characters and plot twists.,1989
3668,Parasite Odyssey 3,Thriller|Drama,A poor family schemes to become employed by a wealthy household. This is part 6 of an extended cinematic universe with new characters and plot twists.,2008
3669,Interstellar Genesis 8,Adventure|Sci-Fi,Explorers travel through a wormhole to save humanity. This is part 2 of an extended cinematic universe with new characters and plot twists.,2015
3670,The Matrix Chronicles 4,Action|Sci-Fi,A hacker discovers reality is a simulation. This is part 6 of an extended cinematic universe with new characters and plot twists.,2010
3671,Interstellar Odyssey 5,Adventure|Sci-Fi,Explorers travel through a wormhole to save humanity. This is part 5 of an extended cinematic universe with new characters and plot twists.,1981
3672,The Godfather Rebirth 3,Crime|Drama,The aging patriarch of an organized crime dynasty transfers control to his son. This is part 5 of an extended cinematic universe with new characters and plot twists.,1994
3673,La La Land Odyssey 1,Drama|Musical,A jazz pianist and actress fall in love in Los Angeles. This is part 5 of an extended cinematic universe with new characters and plot twists.,1988
3674,The Godfather Genesis 5,Crime|Drama,The aging patriarch of an organized crime dynasty transfers control to his son. This is part 8 of an extended cinematic universe with new characters and plot twists.,1970
3675,The Matrix Chronicles 8,Action|Sci-Fi,A hacker discovers reality is a simulation. This is part 6 of an extended cinematic universe with new characters and plot twists.,1981
3676,The Godfather Legacy 5,Crime|Drama,The aging patriarch of an organized crime dynasty transfers control to his son. This is part 1 of an extended cinematic universe with new characters and plot twists.,1983
3677,The Social Network Eclipse 7,Drama,The founding of Facebook and its legal battles. This is part 4 of an extended cinematic universe with new characters and plot twists.,2011
3678,Parasite Returns 5,Thriller|Drama,A poor family schemes to become employed by a wealthy household. This is part 5 of an extended cinematic universe with new characters and plot twists.,1998
3679,The Social Network Genesis 7,Drama,The founding of Facebook and its legal battles. This is part 1 of an extended cinematic universe with new characters and plot twists.,2025
3680,La La Land Chronicles 4,Drama|Musical,A jazz pianist and actress fall in love in Los Angeles. This is part 5 of an extended cinematic universe with new characters and plot twists.,1995
3681,Interstellar Rebirth 2,Adventure|Sci-Fi,Explorers travel through a wormhole to save humanity. This is part 4 of an extended cinematic universe with new characters and plot twists.,2025
3682,The Shawshank Redemption Legacy 3,Drama,"Two imprisoned men bond over years, finding solace and eventual redemption. This is part 2 of an extended cinematic universe with new characters and plot twists.",2022
3683,The Social Network Eclipse 7,Drama,The founding of Facebook and its legal battles. This is part 7 of an extended cinematic universe with new characters and plot twists.,2017
3684,Parasite Returns 2,Thriller|Drama,A poor family schemes to become employed by a wealthy household. This is part 3 of an extended cinematic universe with new characters and plot twists.,2002
3685,The Matrix Returns 1,Action|Sci-Fi,A hacker discovers reality is a simulation. This is part 9 of an extended cinematic universe with new characters and plot twists.,1976
3686,La La Land Uprising 1,Drama|Musical,A jazz pianist and actress fall in love in Los Angeles. This is part 3 of an extended cinematic universe with new characters and plot twists.,2025
3687,The Matrix Uprising 7,Action|Sci-Fi,A hacker discovers reality is a simulation. This is part 9 of an extended cinematic universe with new characters and plot twists.,1981
3688,Parasite Saga 2,Thriller|Drama,A poor family schemes to become employed by a wealthy household. This is part 4 of an extended cinematic universe with new characters and plot twists.,1990
3689,The Shawshank Redemption Eclipse 2,Drama,"Two imprisoned men bond over years, finding solace and eventual redemption. This is part 1 of an extended cinematic universe with new characters and plot twists.",1986
3690,Interstellar Saga 9,Adventure|Sci-Fi,Explorers travel through a wormhole to save humanity. This is part 5 of an extended cinematic universe with new characters and plot twists.,1999
3691,La La Land Chronicles 2,Drama|Musical,A jazz pianist and actress fall in love in Los Angeles. This is part 2 of an extended cinematic universe with new characters and plot twists.,2012
3692,Inside Out Uprising 8,Animation|Family,Emotions guide a young girl's life during a big move. This is part 2 of an extended cinematic universe with new characters and plot twists.,1992
3693,The Shawshank Redemption Uprising 1,Drama,"Two imprisoned men bond over years, finding solace and eventual redemption. This is part 6 of an extended cinematic universe with new characters and plot twists.",1978
3694,Inception Odyssey 6,Action|Sci-Fi,A thief who steals corporate secrets through dream-sharing technology. This is part 4 of an extended cinematic universe with new characters and plot twists.,2004
3695,The Godfather Reimagined 6,Crime|Drama,The aging patriarch of an organized crime dynasty transfers control to his son. This is part 4 of an extended cinematic universe with new characters and plot twists.,1985
3696,Parasite Legacy 6,Thriller|Drama,A poor family schemes to become employed by a wealthy household. This is part 6 of an extended cinematic universe with new characters and plot twists.,1984
3697,Inception Chronicles 7,Action|Sci-Fi,A thief who steals corporate secrets through dream-sharing technology. This is part 6 of an extended cinematic universe with new characters and plot twists.,1976
3698,The Godfather Eclipse 4,Crime|Drama,The aging patriarch of an organized crime dynasty transfers control to his son. This is part 5 of an extended cinematic universe with new characters and plot twists.,1982
3699,The Godfather Saga 7,Crime|Drama,The aging patriarch of an organized crime dynasty transfers control to his son. This is part 8 of an extended cinematic universe with new characters and plot twists.,2023
3700,The Matrix Odyssey 7,Action|Sci-Fi,A hacker discovers reality is a simulation. This is part 5 of an extended cinematic universe with new characters and plot twists.,1984
3701,The Matrix Legacy 5,Action|Sci-Fi,A hacker discovers reality is a simulation. This is part 9 of an extended cinematic universe with new characters and plot twists.,1980
3702,The Shawshank Redemption Returns 1,Drama,"Two imprisoned men bond over years, finding solace and eventual redemption. This is part 4 of an extended cinematic universe with new characters and plot twists.",1977
3703,Inside Out Legacy 8,Animation|Family,Emotions guide a young girl's life during a big move. This is part 3 of an extended cinematic universe with new characters and plot twists.,1973
3704,Parasite Returns 7,Thriller|Drama,A poor family schemes to become employed by a wealthy household. This is part 4 of an extended cinematic universe with new characters and plot twists.,2008
3705,Inception Rebirth 1,Action|Sci-Fi,A thief who steals corporate secrets through dream-sharing technology. This is part 8 of an extended cinematic universe with new characters and plot twists.,2004
3706,Inception Saga 9,Action|Sci-Fi,A thief who steals corporate secrets through dream-sharing technology. This is part 4 of an extended cinematic universe with new characters and plot twists.,1984
3707,The Matrix Eclipse 6,Action|Sci-Fi,A hacker discovers reality is a simulation. This is part 2 of an extended cinematic universe with new characters and plot twists.,1982
3708,Inception Legacy 7,Action|Sci-Fi,A thief who steals corporate secrets through dream-sharing technology. This is part 3 of an extended cinematic universe with new characters and plot twists.,1982
3709,Inception Rebirth 5,Action|Sci-Fi,A thief who steals corporate secrets through dream-sharing technology. This is part 3 of an extended cinematic universe with new characters and plot twists.,2022
3710,The Shawshank Redemption Genesis 5,Drama,"Two imprisoned men bond over years, finding solace and eventual redemption. This is part 4 of an extended cinematic universe with new characters and plot twists.",2006
3711,Interstellar Rebirth 7,Adventure|Sci-Fi,Explorers travel through a wormhole to save humanity. This is part 6 of an extended cinematic universe with new characters and plot twists.,1972
3712,The Matrix Saga 6,Action|Sci-Fi,A hacker discovers reality is a simulation. This is part 5 of an extended cinematic universe with new characters and plot twists.,1989
3713,The Shawshank Redemption Returns 8,Drama,"Two imprisoned men bond over years, finding solace and eventual redemption. This is part 4 of an extended cinematic universe with new characters and plot twists.",2020
3714,Parasite Returns 7,Thriller|Drama,A poor family schemes to become employed by a wealthy household. This is part 5 of an extended cinematic universe with new characters and plot twists.,1990
3715,Inside Out Rebirth 7,Animation|Family,Emotions guide a young girl's life during a big move. This is part 7 of an extended cinematic universe with new characters and plot twists.,2024
3716,Interstellar Rebirth 9,Adventure|Sci-Fi,Explorers travel through a wormhole to save humanity. This is part 9 of an extended cinematic universe with new characters and plot twists.,2006
3717,La La Land Genesis 5,Drama|Musical,A jazz pianist and actress fall in love in Los Angeles. This is part 3 of an extended cinematic universe with new characters and plot twists.,1982
3718,The Shawshank Redemption Chronicles 8,Drama,"Two imprisoned men bond over years, finding solace and eventual redemption. This is part 7 of an extended cinematic universe with new characters and plot twists.",1991
3719,Inside Out Legacy 4,Animation|Family,Emotions guide a young girl's life during a big move. This is part 9 of an extended cinematic universe with new characters and plot twists.,2016
3720,The Social Network Genesis 4,Drama,The founding of Facebook and its legal battles. This is part 4 of an extended cinematic universe with new characters and plot twists.,2021
3721,Inside Out Reimagined 2,Animation|Family,Emotions guide a young girl's life during a big move. This is part 7 of an extended cinematic universe with new characters and plot twists.,2013
3722,The Social Network Eclipse 5,Drama,The founding of Facebook and its legal battles. This is part 3 of an extended cinematic universe with new characters and plot twists.,1990
3723,Inside Out Saga 8,Animation|Family,Emotions guide a young girl's life during a big move. This is part 9 of an extended cinematic universe with new characters and plot twists.,2023
3724,The Shawshank Redemption Uprising 1,Drama,"Two imprisoned men bond over years, finding solace and eventual redemption. This is part 1 of an extended cinematic universe with new characters and plot twists.",2020
3725,Inception Legacy 3,Action|Sci-Fi,A thief who steals corporate secrets through dream-sharing technology. This is part 8 of an extended cinematic universe with new characters and plot twists.,2018
3726,Inside Out Odyssey 5,Animation|Family,Emotions guide a young girl's life during a big move. This is part 3 of an extended cinematic universe with new characters and plot twists.,2001
3727,The Godfather Reimagined 4,Crime|Drama,The aging patriarch of an organized crime dynasty transfers control to his son. This is part 1 of an extended cinematic universe with new characters and plot twists.,1970
3728,Parasite Odyssey 4,Thriller|Drama,A poor family schemes to become employed by a wealthy household. This is part 2 of an extended cinematic universe with new characters and plot twists.,1997
3729,The Green Mile Uprising 1,Drama|Fantasy,A moving prison drama with supernatural elements. This is part 8 of an extended cinematic universe with new characters and plot twists.,2010
3730,Interstellar Odyssey 2,Adventure|Sci-Fi,Explorers travel through a wormhole to save humanity. This is part 2 of an extended cinematic universe with new characters and plot twists.,1974
3731,The Shawshank Redemption Genesis 2,Drama,"Two imprisoned men bond over years, finding solace and eventual redemption. This is part 3 of an extended cinematic universe with new characters and plot twists.",2000
3732,The Social Network Returns 8,Drama,The founding of Facebook and its legal battles. This is part 2 of an extended cinematic universe with new characters and plot twists.,2010
3733,Interstellar Returns 6,Adventure|Sci-Fi,Explorers travel through a wormhole to save humanity. This is part 6 of an extended cinematic universe with new characters and plot twists.,2018
3734,Interstellar Rebirth 6,Adventure|Sci-Fi,Explorers travel through a wormhole to save humanity. This is part 9 of an extended cinematic universe with new characters and plot twists.,1994
3735,The Shawshank Redemption Saga 6,Drama,"Two imprisoned men bond over years, finding solace and eventual redemption. This is part 8 of an extended cinematic universe with new characters and plot twists.",1973
3736,The Matrix Returns 5,Action|Sci-Fi,A hacker discovers reality is a simulation. This is part 8 of an extended cinematic universe with new characters and plot twists.,2010
3737,La La Land Chronicles 6,Drama|Musical,A jazz pianist and actress fall in love in Los Angeles. This is part 9 of an extended cinematic universe with new characters and plot twists.,1989
3738,The Shawshank Redemption Uprising 2,Drama,"Two imprisoned men bond over years, finding solace and eventual redemption. This is part 3 of an extended cinematic universe with new characters and plot twists.",2021
3739,La La Land Legacy 5,Drama|Musical,A jazz pianist and actress fall in love in Los Angeles. This is part 9 of an extended cinematic universe with new characters and plot twists.,1972
3740,Inside Out Chronicles 5,Animation|Family,Emotions guide a young girl's life during a big move. This is part 7 of an extended cinematic universe with new characters and plot twists.,2015
3741,La La Land Eclipse 7,Drama|Musical,A jazz pianist and actress fall in love in Los Angeles. This is part 1 of an extended cinematic universe with new characters and plot twists.,1990
3742,Inception Eclipse 7,Action|Sci-Fi,A thief who steals corporate secrets through dream-sharing technology. This is part 2 of an extended cinematic universe with new characters and plot twists.,1985
3743,La La Land Rebirth 8,Drama|Musical,A jazz pianist and actress fall in love in Los Angeles. This is part 9 of an extended cinematic universe with new characters and plot twists.,2024
3744,The Shawshank Redemption Chronicles 8,Drama,"Two imprisoned men bond over years, finding solace and eventual redemption. This is part 8 of an extended cinematic universe with new characters and plot twists.",2008
3745,Interstellar Uprising 5,Adventure|Sci-Fi,Explorers travel through a wormhole to save humanity. This is part 6 of an extended cinematic universe with new characters and plot twists.,1996
3746,The Matrix Returns 3,Action|Sci-Fi,A hacker discovers reality is a simulation. This is part 9 of an extended cinematic universe with new characters and plot twists.,1978
3747,La La Land Eclipse 7,Drama|Musical,A jazz pianist and actress fall in love in Los Angeles. This is part 9 of an extended cinematic universe with new characters and plot twists.,2014
3748,The Green Mile Legacy 3,Drama|Fantasy,A moving prison drama with supernatural elements. This is part 5 of an extended cinematic universe with new characters and plot twists.,1974
3749,The Godfather Odyssey 5,Crime|Drama,The aging patriarch of an organized crime dynasty transfers control to his son. This is part 4 of an extended cinematic universe with new characters and plot twists.,2017
3750,The Shawshank Redemption Returns 5,Drama,"Two imprisoned men bond over years, finding solace and eventual redemption. This is part 5 of an extended cinematic universe with new characters and plot twists.",1987
3751,The Social Network Uprising 6,Drama,The founding of Facebook and its legal battles. This is part 4 of an extended cinematic universe with new characters and plot twists.,1981
3752,The Matrix Rebirth 2,Action|Sci-Fi,A hacker discovers reality is a simulation. This is part 2 of an extended cinematic universe with new characters and plot twists.,1970
3753,The Social Network Saga 1,Drama,The founding of Facebook and its legal battles. This is part 8 of an extended cinematic universe with new characters and plot twists.,2011
3754,Inception Legacy 4,Action|Sci-Fi,A thief who steals corporate secrets through dream-sharing technology. This is part 7 of an extended cinematic universe with new characters and plot twists.,2011
3755,The Godfather Genesis 3,Crime|Drama,The aging patriarch of an organized crime dynasty transfers control to his son. This is part 9 of an extended cinematic universe with new characters and plot twists.,2000
3756,The Green Mile Legacy 7,Drama|Fantasy,A moving prison drama with supernatural elements. This is part 9 of an extended cinematic universe with new characters and plot twists.,2018
3757,The Social Network Uprising 1,Drama,The founding of Facebook and its legal battles. This is part 8 of an extended cinematic universe with new characters and plot twists.,2003
3758,Interstellar Odyssey 4,Adventure|Sci-Fi,Explorers travel through a wormhole to save humanity. This is part 7 of an extended cinematic universe with new characters and plot twists.,2024
3759,The Shawshank Redemption Eclipse 6,Drama,"Two imprisoned men bond over years, finding solace and eventual redemption. This is part 6 of an extended cinematic universe with new characters and plot twists.",1982
3760,La La Land Genesis 9,Drama|Musical,A jazz pianist and actress fall in love in Los Angeles. This is part 6 of an extended cinematic universe with new characters and plot twists.,1979
3761,The Godfather Legacy 8,Crime|Drama,The aging patriarch of an organized crime dynasty transfers control to his son. This is part 3 of an extended cinematic universe with new characters and plot twists.,1999
3762,The Godfather Rebirth 2,Crime|Drama,The aging patriarch of an organized crime dynasty transfers control to his son. This is part 8 of an extended cinematic universe with new characters and plot twists.,2019
3763,Interstellar Uprising 9,Adventure|Sci-Fi,Explorers travel through a wormhole to save humanity. This is part 9 of an extended cinematic universe with new characters and plot twists.,2023
3764,Parasite Rebirth 4,Thriller|Drama,A poor family schemes to become employed by a wealthy household. This is part 7 of an extended cinematic universe with new characters and plot twists.,1986
3765,Inception Eclipse 5,Action|Sci-Fi,A thief who steals corporate secrets through dream-sharing technology. This is part 8 of an extended cinematic universe with new characters and plot twists.,1970
3766,The Social Network Odyssey 4,Drama,The founding of Facebook and its legal battles. This is part 8 of an extended cinematic universe with new characters and plot twists.,1992
3767,The Matrix Returns 4,Action|Sci-Fi,A hacker discovers reality is a simulation. This is part 3 of an extended cinematic universe with new characters and plot twists.,1992
3768,Inception Saga 7,Action|Sci-Fi,A thief who steals corporate secrets through dream-sharing technology. This is part 8 of an extended cinematic universe with new characters and plot twists.,1992
3769,The Social Network Eclipse 5,Drama,The founding of Facebook and its legal battles. This is part 6 of an extended cinematic universe with new characters and plot twists.,2024
3770,Parasite Uprising 6,Thriller|Drama,A poor family schemes to become employed by a wealthy household. This is part 6 of an extended cinematic universe with new characters and plot twists.,1999
3771,Interstellar Eclipse 9,Adventure|Sci-Fi,Explorers travel through a wormhole to save humanity. This is part 3 of an extended cinematic universe with new characters and plot twists.,2022
3772,Interstellar Genesis 3,Adventure|Sci-Fi,Explorers travel through a wormhole to save humanity. This is part 7 of an extended cinematic universe with new characters and plot twists.,2000
3773,The Green Mile Legacy 9,Drama|Fantasy,A moving prison drama with supernatural elements. This is part 6 of an extended cinematic universe with new characters and plot twists.,1977
3774,The Matrix Returns 8,Action|Sci-Fi,A hacker discovers reality is a simulation. This is part 9 of an extended cinematic universe with new characters and plot twists.,1995
3775,La La Land Saga 5,Drama|Musical,A jazz pianist and actress fall in love in Los Angeles. This is part 3 of an extended cinematic universe with new characters and plot twists.,2007
3776,The Shawshank Redemption Saga 7,Drama,"Two imprisoned men bond over years, finding solace and eventual redemption. This is part 2 of an extended cinematic universe with new characters and plot twists.",2024
3777,The Godfather Chronicles 9,Crime|Drama,The aging patriarch of an organized crime dynasty transfers control to his son. This is part 2 of an extended cinematic universe with new characters and plot twists.,1990
3778,The Godfather Odyssey 5,Crime|Drama,The aging patriarch of an organized crime dynasty transfers control to his son. This is part 5 of an extended cinematic universe with new characters and plot twists.,2011
3779,The Matrix Rebirth 4,Action|Sci-Fi,A hacker discovers reality is a simulation. This is part 4 of an extended cinematic universe with new characters and plot twists.,1991
3780,Interstellar Chronicles 3,Adventure|Sci-Fi,Explorers travel through a wormhole to save humanity. This is part 7 of an extended cinematic universe with new characters and plot twists.,1980
3781,Inception Reimagined 6,Action|Sci-Fi,A thief who steals corporate secrets through dream-sharing technology. This is part 1 of an extended cinematic universe with new characters and plot twists.,2014
3782,Inside Out Legacy 6,Animation|Family,Emotions guide a young girl's life during a big move. This is part 7 of an extended cinematic universe with new characters and plot twists.,2011
3783,La La Land Odyssey 5,Drama|Musical,A jazz pianist and actress fall in love in Los Angeles. This is part 4 of an extended cinematic universe with new characters and plot twists.,2020
3784,Parasite Uprising 9,Thriller|Drama,A poor family schemes to become employed by a wealthy household. This is part 9 of an extended cinematic universe with new characters and plot twists.,2006
3785,Inception Reimagined 1,Action|Sci-Fi,A thief who steals corporate secrets through dream-sharing technology. This is part 8 of an extended cinematic universe with new characters and plot twists.,1985
3786,Interstellar Chronicles 8,Adventure|Sci-Fi,Explorers travel through a wormhole to save humanity. This is part 1 of an extended cinematic universe with new characters and plot twists.,2020
3787,Inside Out Rebirth 7,Animation|Family,Emotions guide a young girl's life during a big move. This is part 6 of an extended cinematic universe with new characters and plot twists.,1998
3788,The Social Network Genesis 1,Drama,The founding of Facebook and its legal battles. This is part 2 of an extended cinematic universe with new characters and plot twists.,2020
3789,The Green Mile Legacy 6,Drama|Fantasy,A moving prison drama with supernatural elements. This is part 8 of an extended cinematic universe with new characters and plot twists.,2009
3790,Interstellar Genesis 4,Adventure|Sci-Fi,Explorers travel through a wormhole to save humanity. This is part 5 of an extended cinematic universe with new characters and plot twists.,2006
3791,The Shawshank Redemption Odyssey 3,Drama,"Two imprisoned men bond over years, finding solace and eventual redemption. This is part 8 of an extended cinematic universe with new characters and plot twists.",2002
3792,The Godfather Rebirth 2,Crime|Drama,The aging patriarch of an organized crime dynasty transfers control to his son. This is part 4 of an extended cinematic universe with new characters and plot twists.,1996
3793,The Green Mile Genesis 8,Drama|Fantasy,A moving prison drama with supernatural elements. This is part 5 of an extended cinematic universe with new characters and plot twists.,2017
3794,Inside Out Eclipse 1,Animation|Family,Emotions guide a young girl's life during a big move. This is part 4 of an extended cinematic universe with new characters and plot twists.,1971
3795,The Shawshank Redemption Uprising 3,Drama,"Two imprisoned men bond over years, finding solace and eventual redemption. This is part 2 of an extended cinematic universe with new characters and plot twists.",2002
3796,The Matrix Legacy 3,Action|Sci-Fi,A hacker discovers reality is a simulation. This is part 5 of an extended cinematic universe with new characters and plot twists.,1974
3797,The Matrix Eclipse 2,Action|Sci-Fi,A hacker discovers reality is a simulation. This is part 1 of an extended cinematic universe with new characters and plot twists.,2024
3798,Parasite Genesis 7,Thriller|Drama,A poor family schemes to become employed by a wealthy household. This is part 2 of an extended cinematic universe with new characters and plot twists.,1981
3799,Inception Reimagined 5,Action|Sci-Fi,A thief who steals corporate secrets through dream-sharing technology. This is part 2 of an extended cinematic universe with new characters and plot twists.,2016
3800,Inception Reimagined 3,Action|Sci-Fi,A thief who steals corporate secrets through dream-sharing technology. This is part 5 of an extended cinematic universe with new characters and plot twists.,2013
3801,La La Land Reimagined 7,Drama|Musical,A jazz pianist and actress fall in love in Los Angeles. This is part 5 of an extended cinematic universe with new characters and plot twists.,2009
3802,Inception Genesis 5,Action|Sci-Fi,A thief who steals corporate secrets through dream-sharing technology. This is part 3 of an extended cinematic universe with new characters and plot twists.,1982
3803,Interstellar Reimagined 4,Adventure|Sci-Fi,Explorers travel through a wormhole to save humanity. This is part 7 of an extended cinematic universe with new characters and plot twists.,2018
3804,The Social Network Uprising 8,Drama,The founding of Facebook and its legal battles. This is part 4 of an extended cinematic universe with new characters and plot twists.,1994
3805,The Shawshank Redemption Reimagined 6,Drama,"Two imprisoned men bond over years, finding solace and eventual redemption. This is part 9 of an extended cinematic universe with new characters and plot twists.",1981
3806,The Matrix Saga 7,Action|Sci-Fi,A hacker discovers reality is a simulation. This is part 4 of an extended cinematic universe with new characters and plot twists.,1980
3807,The Green Mile Chronicles 3,Drama|Fantasy,A moving prison drama with supernatural elements. This is part 5 of an extended cinematic universe with new characters and plot twists.,1990
3808,Parasite Chronicles 5,Thriller|Drama,A poor family schemes to become employed by a wealthy household. This is part 3 of an extended cinematic universe with new characters and plot twists.,2009
3809,The Godfather Genesis 8,Crime|Drama,The aging patriarch of an organized crime dynasty transfers control to his son. This is part 3 of an extended cinematic universe with new characters and plot twists.,2013
3810,The Green Mile Chronicles 9,Drama|Fantasy,A moving prison drama with supernatural elements. This is part 3 of an extended cinematic universe with new characters and plot twists.,2015
3811,Inside Out Saga 4,Animation|Family,Emotions guide a young girl's life during a big move. This is part 3 of an extended cinematic universe with new characters and plot twists.,2000
3812,The Godfather Odyssey 8,Crime|Drama,The aging patriarch of an organized crime dynasty transfers control to his son. This is part 1 of an extended cinematic universe with new characters and plot twists.,1984
3813,La La Land Rebirth 2,Drama|Musical,A jazz pianist and actress fall in love in Los Angeles. This is part 1 of an extended cinematic universe with new characters and plot twists.,1980
3814,The Shawshank Redemption Uprising 9,Drama,"Two imprisoned men bond over years, finding solace and eventual redemption. This is part 9 of an extended cinematic universe with new characters and plot twists.",1974
3815,Parasite Chronicles 6,Thriller|Drama,A poor family schemes to become employed by a wealthy household. This is part 2 of an extended cinematic universe with new characters and plot twists.,1996
3816,Inception Rebirth 4,Action|Sci-Fi,A thief who steals corporate secrets through dream-sharing technology. This is part 7 of an extended cinematic universe with new characters and plot twists.,2014
3817,Parasite Eclipse 6,Thriller|Drama,A poor family schemes to become employed by a wealthy household. This is part 8 of an extended cinematic universe with new characters and plot twists.,2003
3818,The Green Mile Uprising 8,Drama|Fantasy,A moving prison drama with supernatural elements. This is part 5 of an extended cinematic universe with new characters and plot twists.,2020
3819,Inception Chronicles 6,Action|Sci-Fi,A thief who steals corporate secrets through dream-sharing technology. This is part 3 of an extended cinematic universe with new characters and plot twists.,2011
3820,The Social Network Odyssey 5,Drama,The founding of Facebook and its legal battles. This is part 7 of an extended cinematic universe with new characters and plot twists.,2000
3821,Interstellar Saga 3,Adventure|Sci-Fi,Explorers travel through a wormhole to save humanity. This is part 2 of an extended cinematic universe with new characters and plot twists.,2023
3822,Parasite Rebirth 1,Thriller|Drama,A poor family schemes to become employed by a wealthy household. This is part 3 of an extended cinematic universe with new characters and plot twists.,1983
3823,Parasite Odyssey 3,Thriller|Drama,A poor family schemes to become employed by a wealthy household. This is part 2 of an extended cinematic universe with new characters and plot twists.,2020
3824,The Godfather Uprising 5,Crime|Drama,The aging patriarch of an organized crime dynasty transfers control to his son. This is part 3 of an extended cinematic universe with new characters and plot twists.,2025
3825,La La Land Legacy 2,Drama|Musical,A jazz pianist and actress fall in love in Los Angeles. This is part 3 of an extended cinematic universe with new characters and plot twists.,2007
3826,La La Land Genesis 4,Drama|Musical,A jazz pianist and actress fall in love in Los Angeles. This is part 6 of an extended cinematic universe with new characters and plot twists.,2025
3827,The Green Mile Returns 9,Drama|Fantasy,A moving prison drama with supernatural elements. This is part 8 of an extended cinematic universe with new characters and plot twists.,1987
3828,The Matrix Saga 9,Action|Sci-Fi,A hacker discovers reality is a simulation. This is part 9 of an extended cinematic universe with new characters and plot twists.,2002
3829,The Green Mile Legacy 7,Drama|Fantasy,A moving prison drama with supernatural elements. This is part 9 of an extended cinematic universe with new characters and plot twists.,2002
3830,Inside Out Genesis 1,Animation|Family,Emotions guide a young girl's life during a big move. This is part 9 of an extended cinematic universe with new characters and plot twists.,1986
3831,The Shawshank Redemption Chronicles 4,Drama,"Two imprisoned men bond over years, finding solace and eventual redemption. This is part 8 of an extended cinematic universe with new characters and plot twists.",1985
3832,The Shawshank Redemption Chronicles 8,Drama,"Two imprisoned men bond over years, finding solace and eventual redemption. This is part 5 of an extended cinematic universe with new characters and plot twists.",1994
3833,La La Land Uprising 7,Drama|Musical,A jazz pianist and actress fall in love in Los Angeles. This is part 8 of an extended cinematic universe with new characters and plot twists.,1987
3834,The Matrix Saga 9,Action|Sci-Fi,A hacker discovers reality is a simulation. This is part 5 of an extended cinematic universe with new characters and plot twists.,1993
3835,The Matrix Odyssey 8,Action|Sci-Fi,A hacker discovers reality is a simulation. This is part 7 of an extended cinematic universe with new characters and plot twists.,1996
3836,Parasite Reimagined 4,Thriller|Drama,A poor family schemes to become employed by a wealthy household. This is part 5 of an extended cinematic universe with new characters and plot twists.,2005
3837,Interstellar Odyssey 5,Adventure|Sci-Fi,Explorers travel through a wormhole to save humanity. This is part 6 of an extended cinematic universe with new characters and plot twists.,1995
3838,The Social Network Rebirth 2,Drama,The founding of Facebook and its legal battles. This is part 6 of an extended cinematic universe with new characters and plot twists.,2012
3839,The Green Mile Legacy 9,Drama|Fantasy,A moving prison drama with supernatural elements. This is part 9 of an extended cinematic universe with new characters and plot twists.,2008
3840,La La Land Uprising 6,Drama|Musical,A jazz pianist and actress fall in love in Los Angeles. This is part 9 of an extended cinematic universe with new characters and plot twists.,2010
3841,Interstellar Genesis 6,Adventure|Sci-Fi,Explorers travel through a wormhole to save humanity. This is part 4 of an extended cinematic universe with new characters and plot twists.,1974
3842,The Shawshank Redemption Returns 1,Drama,"Two imprisoned men bond over years, finding solace and eventual redemption. This is part 7 of an extended cinematic universe with new characters and plot twists.",1977
3843,Parasite Reimagined 9,Thriller|Drama,A poor family schemes to become employed by a wealthy household. This is part 3 of an extended cinematic universe with new characters and plot twists.,1979
3844,Parasite Uprising 2,Thriller|Drama,A poor family schemes to become employed by a wealthy household. This is part 8 of an extended cinematic universe with new characters and plot twists.,1985
3845,The Matrix Legacy 8,Action|Sci-Fi,A hacker discovers reality is a simulation. This is part 9 of an extended cinematic universe with new characters and plot twists.,1983
3846,The Social Network Rebirth 5,Drama,The founding of Facebook and its legal battles. This is part 2 of an extended cinematic universe with new characters and plot twists.,1997
3847,Inception Chronicles 1,Action|Sci-Fi,A thief who steals corporate secrets through dream-sharing technology. This is part 6 of an extended cinematic universe with new characters and plot twists.,2018
3848,Interstellar Genesis 3,Adventure|Sci-Fi,Explorers travel through a wormhole to save humanity. This is part 8 of an extended cinematic universe with new characters and plot twists.,1978
3849,Inside Out Uprising 5,Animation|Family,Emotions guide a young girl's life during a big move. This is part 3 of an extended cinematic universe with new characters and plot twists.,1971
3850,Inside Out Odyssey 4,Animation|Family,Emotions guide a young girl's life during a big move. This is part 6 of an extended cinematic universe with new characters and plot twists.,1978
3851,Interstellar Rebirth 2,Adventure|Sci-Fi,Explorers travel through a wormhole to save humanity. This is part 8 of an extended cinematic universe with new characters and plot twists.,2004
3852,The Shawshank Redemption Legacy 9,Drama,"Two imprisoned men bond over years, finding solace and eventual redemption. This is part 8 of an extended cinematic universe with new characters and plot twists.",1970
3853,Interstellar Uprising 8,Adventure|Sci-Fi,Explorers travel through a wormhole to save humanity. This is part 4 of an extended cinematic universe with new characters and plot twists.,2012
3854,The Matrix Chronicles 2,Action|Sci-Fi,A hacker discovers reality is a simulation. This is part 6 of an extended cinematic universe with new characters and plot twists.,2012
3855,The Green Mile Uprising 5,Drama|Fantasy,A moving prison drama with supernatural elements. This is part 9 of an extended cinematic universe with new characters and plot twists.,1974
3856,Interstellar Legacy 7,Adventure|Sci-Fi,Explorers travel through a wormhole to save humanity. This is part 7 of an extended cinematic universe with new characters and plot twists.,2025
3857,The Green Mile Reimagined 7,Drama|Fantasy,A moving prison drama with supernatural elements. This is part 9 of an extended cinematic universe with new characters and plot twists.,1981
3858,Interstellar Legacy 3,Adventure|Sci-Fi,Explorers travel through a wormhole to save humanity. This is part 6 of an extended cinematic universe with new characters and plot twists.,1977
3859,The Green Mile Rebirth 7,Drama|Fantasy,A moving prison drama with supernatural elements. This is part 6 of an extended cinematic universe with new characters and plot twists.,1979
3860,The Social Network Rebirth 7,Drama,The founding of Facebook and its legal battles. This is part 1 of an extended cinematic universe with new characters and plot twists.,2010
3861,The Social Network Uprising 5,Drama,The founding of Facebook and its legal battles. This is part 8 of an extended cinematic universe with new characters and plot twists.,2015
3862,The Godfather Eclipse 7,Crime|Drama,The aging patriarch of an organized crime dynasty transfers control to his son. This is part 3 of an extended cinematic universe with new characters and plot twists.,1994
3863,Inception Legacy 3,Action|Sci-Fi,A thief who steals corporate secrets through dream-sharing technology. This is part 4 of an extended cinematic universe with new characters and plot twists.,2007
3864,The Green Mile Saga 2,Drama|Fantasy,A moving prison drama with supernatural elements. This is part 3 of an extended cinematic universe with new characters and plot twists.,1979
3865,Inception Rebirth 3,Action|Sci-Fi,A thief who steals corporate secrets through dream-sharing technology. This is part 7 of an extended cinematic universe with new characters and plot twists.,1976
3866,Parasite Eclipse 7,Thriller|Drama,A poor family schemes to become employed by a wealthy household. This is part 4 of an extended cinematic universe with new characters and plot twists.,1985
3867,La La Land Legacy 9,Drama|Musical,A jazz pianist and actress fall in love in Los Angeles. This is part 5 of an extended cinematic universe with new characters and plot twists.,1972
3868,The Godfather Odyssey 7,Crime|Drama,The aging patriarch of an organized crime dynasty transfers control to his son. This is part 3 of an extended cinematic universe with new characters and plot twists.,1974
3869,Interstellar Odyssey 7,Adventure|Sci-Fi,Explorers travel through a wormhole to save humanity. This is part 7 of an extended cinematic universe with new characters and plot twists.,1975
3870,The Matrix Eclipse 5,Action|Sci-Fi,A hacker discovers reality is a simulation. This is part 7 of an extended cinematic universe with new characters and plot twists.,2014
3871,The Matrix Chronicles 1,Action|Sci-Fi,A hacker discovers reality is a simulation. This is part 4 of an extended cinematic universe with new characters and plot twists.,2007
3872,The Social Network Genesis 3,Drama,The founding of Facebook and its legal battles. This is part 3 of an extended cinematic universe with new characters and plot twists.,1993
3873,Inside Out Genesis 1,Animation|Family,Emotions guide a young girl's life during a big move. This is part 6 of an extended cinematic universe with new characters and plot twists.,1994
3874,La La Land Odyssey 7,Drama|Musical,A jazz pianist and actress fall in love in Los Angeles. This is part 4 of an extended cinematic universe with new characters and plot twists.,2003
3875,The Godfather Rebirth 8,Crime|Drama,The aging patriarch of an organized crime dynasty transfers control to his son. This is part 1 of an extended cinematic universe with new characters and plot twists.,2021
3876,Parasite Odyssey 5,Thriller|Drama,A poor family schemes to become employed by a wealthy household. This is part 3 of an extended cinematic universe with new characters and plot twists.,2005
3877,The Green Mile Legacy 7,Drama|Fantasy,A moving prison drama with supernatural elements. This is part 2 of an extended cinematic universe with new characters and plot twists.,1986
3878,Inception Genesis 3,Action|Sci-Fi,A thief who steals corporate secrets through dream-sharing technology. This is part 6 of an extended cinematic universe with new characters and plot twists.,2017
3879,Parasite Chronicles 6,Thriller|Drama,A poor family schemes to become employed by a wealthy household. This is part 9 of an extended cinematic universe with new characters and plot twists.,2008
3880,Inception Uprising 7,Action|Sci-Fi,A thief who steals corporate secrets through dream-sharing technology. This is part 7 of an extended cinematic universe with new characters and plot twists.,1978
3881,The Shawshank Redemption Uprising 7,Drama,"Two imprisoned men bond over years, finding solace and eventual redemption. This is part 4 of an extended cinematic universe with new characters and plot twists.",1994
3882,The Shawshank Redemption Rebirth 8,Drama,"Two imprisoned men bond over years, finding solace and eventual redemption. This is part 1 of an extended cinematic universe with new characters and plot twists.",1992
3883,The Matrix Reimagined 1,Action|Sci-Fi,A hacker discovers reality is a simulation. This is part 9 of an extended cinematic universe with new characters and plot twists.,2014
3884,The Social Network Legacy 5,Drama,The founding of Facebook and its legal battles. This is part 7 of an extended cinematic universe with new characters and plot twists.,2020
3885,Inception Eclipse 5,Action|Sci-Fi,A thief who steals corporate secrets through dream-sharing technology. This is part 9 of an extended cinematic universe with new characters and plot twists.,1988
3886,Inside Out Saga 6,Animation|Family,Emotions guide a young girl's life during a big move. This is part 3 of an extended cinematic universe with new characters and plot twists.,2013
3887,Inception Chronicles 5,Action|Sci-Fi,A thief who steals corporate secrets through dream-sharing technology. This is part 6 of an extended cinematic universe with new characters and plot twists.,2016
3888,The Green Mile Returns 8,Drama|Fantasy,A moving prison drama with supernatural elements. This is part 6 of an extended cinematic universe with new characters and plot twists.,1970
3889,Inside Out Reimagined 9,Animation|Family,Emotions guide a young girl's life during a big move. This is part 6 of an extended cinematic universe with new characters and plot twists.,2000
3890,Inception Rebirth 9,Action|Sci-Fi,A thief who steals corporate secrets through dream-sharing technology. This is part 4 of an extended cinematic universe with new characters and plot twists.,1998
3891,The Godfather Odyssey 2,Crime|Drama,The aging patriarch of an organized crime dynasty transfers control to his son. This is part 6 of an extended cinematic universe with new characters and plot twists.,2015
3892,The Matrix Eclipse 8,Action|Sci-Fi,A hacker discovers reality is a simulation. This is part 9 of an extended cinematic universe with new characters and plot twists.,2024
3893,Inside Out Uprising 6,Animation|Family,Emotions guide a young girl's life during a big move. This is part 1 of an extended cinematic universe with new characters and plot twists.,2003
3894,Inception Uprising 2,Action|Sci-Fi,A thief who steals corporate secrets through dream-sharing technology. This is part 1 of an extended cinematic universe with new characters and plot twists.,1970
3895,The Godfather Genesis 9,Crime|Drama,The aging patriarch of an organized crime dynasty transfers control to his son. This is part 3 of an extended cinematic universe with new characters and plot twists.,2022
3896,The Shawshank Redemption Reimagined 8,Drama,"Two imprisoned men bond over years, finding solace and eventual redemption. This is part 3 of an extended cinematic universe with new characters and plot twists.",1978
3897,The Godfather Reimagined 4,Crime|Drama,The aging patriarch of an organized crime dynasty transfers control to his son. This is part 3 of an extended cinematic universe with new characters and plot twists.,1973
3898,The Social Network Rebirth 8,Drama,The founding of Facebook and its legal battles. This is part 4 of an extended cinematic universe with new characters and plot twists.,1989
3899,Parasite Uprising 7,Thriller|Drama,A poor family schemes to become employed by a wealthy household. This is part 6 of an extended cinematic universe with new characters and plot twists.,2023
3900,The Godfather Returns 8,Crime|Drama,The aging patriarch of an organized crime dynasty transfers control to his son. This is part 3 of an extended cinematic universe with new characters and plot twists.,1980
3901,The Social Network Returns 6,Drama,The founding of Facebook and its legal battles. This is part 4 of an extended cinematic universe with new characters and plot twists.,1982
3902,Inception Returns 4,Action|Sci-Fi,A thief who steals corporate secrets through dream-sharing technology. This is part 8 of an extended cinematic universe with new characters and plot twists.,2003
3903,Interstellar Legacy 7,Adventure|Sci-Fi,Explorers travel through a wormhole to save humanity. This is part 4 of an extended cinematic universe with new characters and plot twists.,2025
3904,Parasite Eclipse 2,Thriller|Drama,A poor family schemes to become employed by a wealthy household. This is part 9 of an extended cinematic universe with new characters and plot twists.,1997
3905,Inside Out Reimagined 1,Animation|Family,Emotions guide a young girl's life during a big move. This is part 3 of an extended cinematic universe with new characters and plot twists.,2021
3906,The Social Network Chronicles 9,Drama,The founding of Facebook and its legal battles. This is part 4 of an extended cinematic universe with new characters and plot twists.,2011
3907,Inception Reimagined 5,Action|Sci-Fi,A thief who steals corporate secrets through dream-sharing technology. This is part 4 of an extended cinematic universe with new characters and plot twists.,2019
3908,The Green Mile Odyssey 9,Drama|Fantasy,A moving prison drama with supernatural elements. This is part 8 of an extended cinematic universe with new characters and plot twists.,2016
3909,The Godfather Uprising 9,Crime|Drama,The aging patriarch of an organized crime dynasty transfers control to his son. This is part 6 of an extended cinematic universe with new characters and plot twists.,1985
3910,The Shawshank Redemption Chronicles 3,Drama,"Two imprisoned men bond over years, finding solace and eventual redemption. This is part 4 of an extended cinematic universe with new characters and plot twists.",1981
3911,Inception Genesis 1,Action|Sci-Fi,A thief who steals corporate secrets through dream-sharing technology. This is part 1 of an extended cinematic universe with new characters and plot twists.,1970
3912,The Green Mile Uprising 5,Drama|Fantasy,A moving prison drama with supernatural elements. This is part 6 of an extended cinematic universe with new characters and plot twists.,1978
3913,La La Land Chronicles 5,Drama|Musical,A jazz pianist and actress fall in love in Los Angeles. This is part 6 of an extended cinematic universe with new characters and plot twists.,2003
3914,The Green Mile Saga 2,Drama|Fantasy,A moving prison drama with supernatural elements. This is part 6 of an extended cinematic universe with new characters and plot twists.,1997
3915,La La Land Genesis 6,Drama|Musical,A jazz pianist and actress fall in love in Los Angeles. This is part 5 of an extended cinematic universe with new characters and plot twists.,2007
3916,The Green Mile Saga 8,Drama|Fantasy,A moving prison drama with supernatural elements. This is part 7 of an extended cinematic universe with new characters and plot twists.,1999
3917,Parasite Odyssey 3,Thriller|Drama,A poor family schemes to become employed by a wealthy household. This is part 4 of an extended cinematic universe with new characters and plot twists.,1999
3918,The Matrix Eclipse 9,Action|Sci-Fi,A hacker discovers reality is a simulation. This is part 7 of an extended cinematic universe with new characters and plot twists.,1987
3919,La La Land Odyssey 1,Drama|Musical,A jazz pianist and actress fall in love in Los Angeles. This is part 5 of an extended cinematic universe with new characters and plot twists.,1980
3920,The Green Mile Rebirth 1,Drama|Fantasy,A moving prison drama with supernatural elements. This is part 7 of an extended cinematic universe with new characters and plot twists.,1998
3921,The Green Mile Eclipse 2,Drama|Fantasy,A moving prison drama with supernatural elements. This is part 6 of an extended cinematic universe with new characters and plot twists.,2008
3922,The Matrix Chronicles 8,Action|Sci-Fi,A hacker discovers reality is a simulation. This is part 1 of an extended cinematic universe with new characters and plot twists.,1981
3923,The Social Network Legacy 1,Drama,The founding of Facebook and its legal battles. This is part 6 of an extended cinematic universe with new characters and plot twists.,1980
3924,Inception Chronicles 1,Action|Sci-Fi,A thief who steals corporate secrets through dream-sharing technology. This is part 3 of an extended cinematic universe with new characters and plot twists.,1979
3925,The Matrix Uprising 1,Action|Sci-Fi,A hacker discovers reality is a simulation. This is part 2 of an extended cinematic universe with new characters and plot twists.,2011
3926,The Godfather Legacy 4,Crime|Drama,The aging patriarch of an organized crime dynasty transfers control to his son. This is part 6 of an extended cinematic universe with new characters and plot twists.,2003
3927,The Social Network Returns 7,Drama,The founding of Facebook and its legal battles. This is part 1 of an extended cinematic universe with new characters and plot twists.,1981
3928,Inception Reimagined 6,Action|Sci-Fi,A thief who steals corporate secrets through dream-sharing technology. This is part 5 of an extended cinematic universe with new characters and plot twists.,2020
3929,The Matrix Reimagined 9,Action|Sci-Fi,A hacker discovers reality is a simulation. This is part 1 of an extended cinematic universe with new characters and plot twists.,2000
3930,La La Land Odyssey 6,Drama|Musical,A jazz pianist and actress fall in love in Los Angeles. This is part 2 of an extended cinematic universe with new characters and plot twists.,2003
3931,Inception Uprising 2,Action|Sci-Fi,A thief who steals corporate secrets through dream-sharing technology. This is part 8 of an extended cinematic universe with new characters and plot twists.,2010
3932,Parasite Saga 5,Thriller|Drama,A poor family schemes to become employed by a wealthy household. This is part 8 of an extended cinematic universe with new characters and plot twists.,1997
3933,The Social Network Reimagined 2,Drama,The founding of Facebook and its legal battles. This is part 4 of an extended cinematic universe with new characters and plot twists.,1982
3934,Parasite Chronicles 4,Thriller|Drama,A poor family schemes to become employed by a wealthy household. This is part 8 of an extended cinematic universe with new characters and plot twists.,2022
3935,Parasite Rebirth 5,Thriller|Drama,A poor family schemes to become employed by a wealthy household. This is part 6 of an extended cinematic universe with new characters and plot twists.,1995
3936,Interstellar Reimagined 6,Adventure|Sci-Fi,Explorers travel through a wormhole to save humanity. This is part 1 of an extended cinematic universe with new characters and plot twists.,2014
3937,The Shawshank Redemption Genesis 4,Drama,"Two imprisoned men bond over years, finding solace and eventual redemption. This is part 2 of an extended cinematic universe with new characters and plot twists.",2002
3938,Parasite Legacy 4,Thriller|Drama,A poor family schemes to become employed by a wealthy household. This is part 5 of an extended cinematic universe with new characters and plot twists.,2013
3939,Inception Eclipse 8,Action|Sci-Fi,A thief who steals corporate secrets through dream-sharing technology. This is part 7 of an extended cinematic universe with new characters and plot twists.,1971
3940,The Shawshank Redemption Uprising 1,Drama,"Two imprisoned men bond over years, finding solace and eventual redemption. This is part 6 of an extended cinematic universe with new characters and plot twists.",1995
3941,Parasite Uprising 8,Thriller|Drama,A poor family schemes to become employed by a wealthy household. This is part 1 of an extended cinematic universe with new characters and plot twists.,2001
3942,Inside Out Reimagined 8,Animation|Family,Emotions guide a young girl's life during a big move. This is part 1 of an extended cinematic universe with new characters and plot twists.,2005
3943,The Green Mile Reimagined 8,Drama|Fantasy,A moving prison drama with supernatural elements. This is part 8 of an extended cinematic universe with new characters and plot twists.,1979
3944,Inside Out Genesis 2,Animation|Family,Emotions guide a young girl's life during a big move. This is part 5 of an extended cinematic universe with new characters and plot twists.,2000
3945,The Shawshank Redemption Reimagined 4,Drama,"Two imprisoned men bond over years, finding solace and eventual redemption. This is part 1 of an extended cinematic universe with new characters and plot twists.",1990
3946,Parasite Uprising 7,Thriller|Drama,A poor family schemes to become employed by a wealthy household. This is part 4 of an extended cinematic universe with new characters and plot twists.,2019
3947,Inception Saga 8,Action|Sci-Fi,A thief who steals corporate secrets through dream-sharing technology. This is part 1 of an extended cinematic universe with new characters and plot twists.,2014
3948,The Matrix Legacy 5,Action|Sci-Fi,A hacker discovers reality is a simulation. This is part 7 of an extended cinematic universe with new characters and plot twists.,1978
3949,The Shawshank Redemption Reimagined 2,Drama,"Two imprisoned men bond over years, finding solace and eventual redemption. This is part 8 of an extended cinematic universe with new characters and plot twists.",1976
3950,The Green Mile Eclipse 6,Drama|Fantasy,A moving prison drama with supernatural elements. This is part 3 of an extended cinematic universe with new characters and plot twists.,1983
3951,The Social Network Chronicles 2,Drama,The founding of Facebook and its legal battles. This is part 6 of an extended cinematic universe with new characters and plot twists.,2011
3952,Inception Saga 3,Action|Sci-Fi,A thief who steals corporate secrets through dream-sharing technology. This is part 5 of an extended cinematic universe with new characters and plot twists.,1975
3953,Parasite Reimagined 5,Thriller|Drama,A poor family schemes to become employed by a wealthy household. This is part 4 of an extended cinematic universe with new characters and plot twists.,2007
3954,Inside Out Eclipse 5,Animation|Family,Emotions guide a young girl's life during a big move. This is part 2 of an extended cinematic universe with new characters and plot twists.,1974
3955,The Godfather Legacy 1,Crime|Drama,The aging patriarch of an organized crime dynasty transfers control to his son. This is part 2 of an extended cinematic universe with new characters and plot twists.,1974
3956,Inception Rebirth 4,Action|Sci-Fi,A thief who steals corporate secrets through dream-sharing technology. This is part 9 of an extended cinematic universe with new characters and plot twists.,1994
3957,La La Land Legacy 8,Drama|Musical,A jazz pianist and actress fall in love in Los Angeles. This is part 5 of an extended cinematic universe with new characters and plot twists.,2008
3958,The Green Mile Rebirth 5,Drama|Fantasy,A moving prison drama with supernatural elements. This is part 1 of an extended cinematic universe with new characters and plot twists.,1992
3959,The Shawshank Redemption Eclipse 5,Drama,"Two imprisoned men bond over years, finding solace and eventual redemption. This is part 2 of an extended cinematic universe with new characters and plot twists.",1995
3960,The Social Network Rebirth 5,Drama,The founding of Facebook and its legal battles. This is part 1 of an extended cinematic universe with new characters and plot twists.,2012
3961,The Matrix Uprising 6,Action|Sci-Fi,A hacker discovers reality is a simulation. This is part 8 of an extended cinematic universe with new characters and plot twists.,2020
3962,The Shawshank Redemption Returns 7,Drama,"Two imprisoned men bond over years, finding solace and eventual redemption. This is part 2 of an extended cinematic universe with new characters and plot twists.",1998
3963,The Matrix Reimagined 4,Action|Sci-Fi,A hacker discovers reality is a simulation. This is part 5 of an extended cinematic universe with new characters and plot twists.,2011
3964,Interstellar Legacy 1,Adventure|Sci-Fi,Explorers travel through a wormhole to save humanity. This is part 6 of an extended cinematic universe with new characters and plot twists.,2009
3965,Inside Out Odyssey 4,Animation|Family,Emotions guide a young girl's life during a big move. This is part 8 of an extended cinematic universe with new characters and plot twists.,1998
3966,The Shawshank Redemption Returns 8,Drama,"Two imprisoned men bond over years, finding solace and eventual redemption. This is part 3 of an extended cinematic universe with new characters and plot twists.",2020
3967,Interstellar Rebirth 2,Adventure|Sci-Fi,Explorers travel through a wormhole to save humanity. This is part 3 of an extended cinematic universe with new characters and plot twists.,2012
3968,The Green Mile Eclipse 2,Drama|Fantasy,A moving prison drama with supernatural elements. This is part 7 of an extended cinematic universe with new characters and plot twists.,2009
3969,Inception Eclipse 2,Action|Sci-Fi,A thief who steals corporate secrets through dream-sharing technology. This is part 6 of an extended cinematic universe with new characters and plot twists.,2004
3970,The Shawshank Redemption Legacy 5,Drama,"Two imprisoned men bond over years, finding solace and eventual redemption. This is part 5 of an extended cinematic universe with new characters and plot twists.",1976
3971,La La Land Reimagined 1,Drama|Musical,A jazz pianist and actress fall in love in Los Angeles. This is part 1 of an extended cinematic universe with new characters and plot twists.,1970
3972,The Social Network Uprising 1,Drama,The founding of Facebook and its legal battles. This is part 2 of an extended cinematic universe with new characters and plot twists.,1974
3973,The Social Network Rebirth 6,Drama,The founding of Facebook and its legal battles. This is part 1 of an extended cinematic universe with new characters and plot twists.,1996
3974,Parasite Eclipse 6,Thriller|Drama,A poor family schemes to become employed by a wealthy household. This is part 6 of an extended cinematic universe with new characters and plot twists.,1991
3975,La La Land Reimagined 3,Drama|Musical,A jazz pianist and actress fall in love in Los Angeles. This is part 9 of an extended cinematic universe with new characters and plot twists.,2000
3976,Interstellar Eclipse 5,Adventure|Sci-Fi,Explorers travel through a wormhole to save humanity. This is part 3 of an extended cinematic universe with new characters and plot twists.,2016
3977,The Shawshank Redemption Reimagined 4,Drama,"Two imprisoned men bond over years, finding solace and eventual redemption. This is part 4 of an extended cinematic universe with new characters and plot twists.",2016
3978,Parasite Odyssey 5,Thriller|Drama,A poor family schemes to become employed by a wealthy household. This is part 9 of an extended cinematic universe with new characters and plot twists.,1988
3979,The Social Network Reimagined 7,Drama,The founding of Facebook and its legal battles. This is part 3 of an extended cinematic universe with new characters and plot twists.,1998
3980,Inside Out Chronicles 2,Animation|Family,Emotions guide a young girl's life during a big move. This is part 6 of an extended cinematic universe with new characters and plot twists.,1983
3981,The Green Mile Returns 6,Drama|Fantasy,A moving prison drama with supernatural elements. This is part 4 of an extended cinematic universe with new characters and plot twists.,1972
3982,Inside Out Uprising 1,Animation|Family,Emotions guide a young girl's life during a big move. This is part 2 of an extended cinematic universe with new characters and plot twists.,2014
3983,Parasite Returns 8,Thriller|Drama,A poor family schemes to become employed by a wealthy household. This is part 4 of an extended cinematic universe with new characters and plot twists.,1979
3984,Interstellar Rebirth 8,Adventure|Sci-Fi,Explorers travel through a wormhole to save humanity. This is part 4 of an extended cinematic universe with new characters and plot twists.,2010
3985,La La Land Eclipse 1,Drama|Musical,A jazz pianist and actress fall in love in Los Angeles. This is part 1 of an extended cinematic universe with new characters and plot twists.,2025
3986,Inside Out Eclipse 5,Animation|Family,Emotions guide a young girl's life during a big move. This is part 7 of an extended cinematic universe with new characters and plot twists.,1996
3987,The Social Network Uprising 5,Drama,The founding of Facebook and its legal battles. This is part 9 of an extended cinematic universe with new characters and plot twists.,2004
3988,Inside Out Legacy 4,Animation|Family,Emotions guide a young girl's life during a big move. This is part 8 of an extended cinematic universe with new characters and plot twists.,1982
3989,The Green Mile Uprising 6,Drama|Fantasy,A moving prison drama with supernatural elements. This is part 6 of an extended cinematic universe with new characters and plot twists.,1974
3990,Interstellar Eclipse 8,Adventure|Sci-Fi,Explorers travel through a wormhole to save humanity. This is part 6 of an extended cinematic universe with new characters and plot twists.,2006
3991,Inside Out Chronicles 7,Animation|Family,Emotions guide a young girl's life during a big move. This is part 8 of an extended cinematic universe with new characters and plot twists.,2007
3992,Interstellar Chronicles 5,Adventure|Sci-Fi,Explorers travel through a wormhole to save humanity. This is part 4 of an extended cinematic universe with new characters and plot twists.,2018
3993,The Social Network Eclipse 3,Drama,The founding of Facebook and its legal battles. This is part 8 of an extended cinematic universe with new characters and plot twists.,1971
3994,The Green Mile Reimagined 8,Drama|Fantasy,A moving prison drama with supernatural elements. This is part 6 of an extended cinematic universe with new characters and plot twists.,2010
3995,Inside Out Legacy 1,Animation|Family,Emotions guide a young girl's life during a big move. This is part 1 of an extended cinematic universe with new characters and plot twists.,1971
3996,Inside Out Reimagined 2,Animation|Family,Emotions guide a young girl's life during a big move. This is part 2 of an extended cinematic universe with new characters and plot twists.,1996
3997,The Green Mile Genesis 3,Drama|Fantasy,A moving prison drama with supernatural elements. This is part 2 of an extended cinematic universe with new characters and plot twists.,2011
3998,Parasite Rebirth 5,Thriller|Drama,A poor family schemes to become employed by a wealthy household. This is part 9 of an extended cinematic universe with new characters and plot twists.,1971
3999,The Social Network Odyssey 8,Drama,The founding of Facebook and its legal battles. This is part 3 of an extended cinematic universe with new characters and plot twists.,2006
4000,Inception Rebirth 3,Action|Sci-Fi,A thief who steals corporate secrets through dream-sharing technology. This is part 3 of an extended cinematic universe with new characters and plot twists.,1993
